{
  "dataset_revision": "main",
  "task_name": "TelcoDPR-RAG-ctx-k5",
  "mteb_version": "2.18.0",
  "scores": {
    "test": [
      {
        "ndcg_at_1": 0.57935,
        "ndcg_at_3": 0.69468,
        "ndcg_at_5": 0.71674,
        "ndcg_at_10": 0.73366,
        "ndcg_at_20": 0.74149,
        "ndcg_at_100": 0.75175,
        "ndcg_at_1000": 0.75409,
        "map_at_1": 0.57935,
        "map_at_3": 0.66762,
        "map_at_5": 0.67986,
        "map_at_10": 0.68698,
        "map_at_20": 0.68918,
        "map_at_100": 0.69057,
        "map_at_1000": 0.69068,
        "recall_at_1": 0.57935,
        "recall_at_3": 0.77247,
        "recall_at_5": 0.826,
        "recall_at_10": 0.87763,
        "recall_at_20": 0.90822,
        "recall_at_100": 0.96367,
        "recall_at_1000": 0.98088,
        "accuracy": 0.57935,
        "precision_at_1": 0.57935,
        "precision_at_3": 0.25749,
        "precision_at_5": 0.1652,
        "precision_at_10": 0.08776,
        "precision_at_20": 0.04541,
        "precision_at_100": 0.00964,
        "precision_at_1000": 0.00098,
        "mrr_at_1": 0.57935,
        "mrr_at_3": 0.667623,
        "mrr_at_5": 0.67986,
        "mrr_at_10": 0.686978,
        "mrr_at_20": 0.689175,
        "mrr_at_100": 0.690569,
        "mrr_at_1000": 0.690682,
        "nauc_ndcg_at_1_max": 0.066061,
        "nauc_ndcg_at_1_std": -0.481181,
        "nauc_ndcg_at_1_diff1": 0.585123,
        "nauc_ndcg_at_3_max": 0.063966,
        "nauc_ndcg_at_3_std": -0.560112,
        "nauc_ndcg_at_3_diff1": 0.514747,
        "nauc_ndcg_at_5_max": 0.062054,
        "nauc_ndcg_at_5_std": -0.542497,
        "nauc_ndcg_at_5_diff1": 0.499713,
        "nauc_ndcg_at_10_max": 0.06878,
        "nauc_ndcg_at_10_std": -0.505455,
        "nauc_ndcg_at_10_diff1": 0.495707,
        "nauc_ndcg_at_20_max": 0.07168,
        "nauc_ndcg_at_20_std": -0.504149,
        "nauc_ndcg_at_20_diff1": 0.502895,
        "nauc_ndcg_at_100_max": 0.068343,
        "nauc_ndcg_at_100_std": -0.487436,
        "nauc_ndcg_at_100_diff1": 0.507485,
        "nauc_ndcg_at_1000_max": 0.065704,
        "nauc_ndcg_at_1000_std": -0.495686,
        "nauc_ndcg_at_1000_diff1": 0.514192,
        "nauc_map_at_1_max": 0.066061,
        "nauc_map_at_1_std": -0.481181,
        "nauc_map_at_1_diff1": 0.585123,
        "nauc_map_at_3_max": 0.063935,
        "nauc_map_at_3_std": -0.538681,
        "nauc_map_at_3_diff1": 0.532696,
        "nauc_map_at_5_max": 0.062441,
        "nauc_map_at_5_std": -0.529582,
        "nauc_map_at_5_diff1": 0.525505,
        "nauc_map_at_10_max": 0.064898,
        "nauc_map_at_10_std": -0.516031,
        "nauc_map_at_10_diff1": 0.524372,
        "nauc_map_at_20_max": 0.065111,
        "nauc_map_at_20_std": -0.515917,
        "nauc_map_at_20_diff1": 0.52601,
        "nauc_map_at_100_max": 0.064865,
        "nauc_map_at_100_std": -0.513666,
        "nauc_map_at_100_diff1": 0.526305,
        "nauc_map_at_1000_max": 0.064836,
        "nauc_map_at_1000_std": -0.513938,
        "nauc_map_at_1000_diff1": 0.526625,
        "nauc_recall_at_1_max": 0.066061,
        "nauc_recall_at_1_std": -0.481181,
        "nauc_recall_at_1_diff1": 0.585123,
        "nauc_recall_at_3_max": 0.064424,
        "nauc_recall_at_3_std": -0.640286,
        "nauc_recall_at_3_diff1": 0.448262,
        "nauc_recall_at_5_max": 0.061342,
        "nauc_recall_at_5_std": -0.595782,
        "nauc_recall_at_5_diff1": 0.380331,
        "nauc_recall_at_10_max": 0.099086,
        "nauc_recall_at_10_std": -0.402506,
        "nauc_recall_at_10_diff1": 0.316192,
        "nauc_recall_at_20_max": 0.14442,
        "nauc_recall_at_20_std": -0.357097,
        "nauc_recall_at_20_diff1": 0.334179,
        "nauc_recall_at_100_max": 0.139376,
        "nauc_recall_at_100_std": 0.329875,
        "nauc_recall_at_100_diff1": 0.25073,
        "nauc_recall_at_1000_max": -0.046581,
        "nauc_recall_at_1000_std": 0.386799,
        "nauc_recall_at_1000_diff1": 0.513062,
        "nauc_precision_at_1_max": 0.066061,
        "nauc_precision_at_1_std": -0.481181,
        "nauc_precision_at_1_diff1": 0.585123,
        "nauc_precision_at_3_max": 0.064424,
        "nauc_precision_at_3_std": -0.640286,
        "nauc_precision_at_3_diff1": 0.448262,
        "nauc_precision_at_5_max": 0.061342,
        "nauc_precision_at_5_std": -0.595782,
        "nauc_precision_at_5_diff1": 0.380331,
        "nauc_precision_at_10_max": 0.099086,
        "nauc_precision_at_10_std": -0.402506,
        "nauc_precision_at_10_diff1": 0.316192,
        "nauc_precision_at_20_max": 0.14442,
        "nauc_precision_at_20_std": -0.357097,
        "nauc_precision_at_20_diff1": 0.334179,
        "nauc_precision_at_100_max": 0.139376,
        "nauc_precision_at_100_std": 0.329875,
        "nauc_precision_at_100_diff1": 0.25073,
        "nauc_precision_at_1000_max": -0.046581,
        "nauc_precision_at_1000_std": 0.386799,
        "nauc_precision_at_1000_diff1": 0.513062,
        "nauc_mrr_at_1_max": 0.066061,
        "nauc_mrr_at_1_std": -0.481181,
        "nauc_mrr_at_1_diff1": 0.585123,
        "nauc_mrr_at_3_max": 0.063935,
        "nauc_mrr_at_3_std": -0.538681,
        "nauc_mrr_at_3_diff1": 0.532696,
        "nauc_mrr_at_5_max": 0.062441,
        "nauc_mrr_at_5_std": -0.529582,
        "nauc_mrr_at_5_diff1": 0.525505,
        "nauc_mrr_at_10_max": 0.064898,
        "nauc_mrr_at_10_std": -0.516031,
        "nauc_mrr_at_10_diff1": 0.524372,
        "nauc_mrr_at_20_max": 0.065111,
        "nauc_mrr_at_20_std": -0.515917,
        "nauc_mrr_at_20_diff1": 0.52601,
        "nauc_mrr_at_100_max": 0.064865,
        "nauc_mrr_at_100_std": -0.513666,
        "nauc_mrr_at_100_diff1": 0.526305,
        "nauc_mrr_at_1000_max": 0.064836,
        "nauc_mrr_at_1000_std": -0.513938,
        "nauc_mrr_at_1000_diff1": 0.526625,
        "hit_rate_at_1": 0.57935,
        "hit_rate_at_3": 0.77247,
        "hit_rate_at_5": 0.826,
        "hit_rate_at_10": 0.87763,
        "hit_rate_at_20": 0.90822,
        "hit_rate_at_100": 0.96367,
        "hit_rate_at_1000": 0.98088,
        "main_score": 0.73366,
        "hf_subset": "default",
        "languages": [
          "eng-Latn"
        ],
        "mteb_version": "2.18.0"
      }
    ]
  },
  "evaluation_time": 117.97905156901106,
  "kg_co2_emissions": null,
  "date": 1783996036.46317,
  "evaluation_phases": [
    {
      "name": "Data loading",
      "start": 0.0,
      "end": 2.2800481190206483,
      "split": "",
      "subset": ""
    },
    {
      "name": "Encoding queries and documents",
      "start": 2.2865579440258443,
      "end": 117.52047367498744,
      "split": "test",
      "subset": "default"
    },
    {
      "name": "Scoring",
      "start": 117.52049855899531,
      "end": 117.9604339110665,
      "split": "test",
      "subset": "default"
    }
  ]
}