{
  "dataset_revision": "main",
  "task_name": "QASPER-RAG",
  "mteb_version": "2.16.3",
  "scores": {
    "train": [
      {
        "ndcg_at_1": 0.07473,
        "ndcg_at_3": 0.09511,
        "ndcg_at_5": 0.10566,
        "ndcg_at_10": 0.12399,
        "ndcg_at_20": 0.1394,
        "ndcg_at_100": 0.16692,
        "ndcg_at_1000": 0.19595,
        "map_at_1": 0.05566,
        "map_at_3": 0.08048,
        "map_at_5": 0.08769,
        "map_at_10": 0.09623,
        "map_at_20": 0.10133,
        "map_at_100": 0.10566,
        "map_at_1000": 0.10669,
        "recall_at_1": 0.05566,
        "recall_at_3": 0.10874,
        "recall_at_5": 0.13571,
        "recall_at_10": 0.18966,
        "recall_at_20": 0.24324,
        "recall_at_100": 0.37817,
        "recall_at_1000": 0.59005,
        "accuracy": 0.05566,
        "precision_at_1": 0.07473,
        "precision_at_3": 0.05013,
        "precision_at_5": 0.03836,
        "precision_at_10": 0.02803,
        "precision_at_20": 0.01897,
        "precision_at_100": 0.00607,
        "precision_at_1000": 0.001,
        "mrr_at_1": 0.074726,
        "mrr_at_3": 0.10146,
        "mrr_at_5": 0.108147,
        "mrr_at_10": 0.116054,
        "mrr_at_20": 0.1197,
        "mrr_at_100": 0.122912,
        "mrr_at_1000": 0.123705,
        "nauc_ndcg_at_1_max": 0.317879,
        "nauc_ndcg_at_1_std": 0.27647,
        "nauc_ndcg_at_1_diff1": 0.361671,
        "nauc_ndcg_at_3_max": 0.325342,
        "nauc_ndcg_at_3_std": 0.301843,
        "nauc_ndcg_at_3_diff1": 0.302223,
        "nauc_ndcg_at_5_max": 0.335584,
        "nauc_ndcg_at_5_std": 0.317439,
        "nauc_ndcg_at_5_diff1": 0.277576,
        "nauc_ndcg_at_10_max": 0.349658,
        "nauc_ndcg_at_10_std": 0.345415,
        "nauc_ndcg_at_10_diff1": 0.25666,
        "nauc_ndcg_at_20_max": 0.365649,
        "nauc_ndcg_at_20_std": 0.377607,
        "nauc_ndcg_at_20_diff1": 0.249769,
        "nauc_ndcg_at_100_max": 0.373418,
        "nauc_ndcg_at_100_std": 0.403694,
        "nauc_ndcg_at_100_diff1": 0.227041,
        "nauc_ndcg_at_1000_max": 0.371338,
        "nauc_ndcg_at_1000_std": 0.408036,
        "nauc_ndcg_at_1000_diff1": 0.225287,
        "nauc_map_at_1_max": 0.345403,
        "nauc_map_at_1_std": 0.275594,
        "nauc_map_at_1_diff1": 0.404869,
        "nauc_map_at_3_max": 0.331036,
        "nauc_map_at_3_std": 0.29123,
        "nauc_map_at_3_diff1": 0.330766,
        "nauc_map_at_5_max": 0.33612,
        "nauc_map_at_5_std": 0.305029,
        "nauc_map_at_5_diff1": 0.308116,
        "nauc_map_at_10_max": 0.342412,
        "nauc_map_at_10_std": 0.320925,
        "nauc_map_at_10_diff1": 0.29437,
        "nauc_map_at_20_max": 0.349479,
        "nauc_map_at_20_std": 0.33631,
        "nauc_map_at_20_diff1": 0.289644,
        "nauc_map_at_100_max": 0.352745,
        "nauc_map_at_100_std": 0.344035,
        "nauc_map_at_100_diff1": 0.283766,
        "nauc_map_at_1000_max": 0.35273,
        "nauc_map_at_1000_std": 0.344353,
        "nauc_map_at_1000_diff1": 0.283443,
        "nauc_recall_at_1_max": 0.345403,
        "nauc_recall_at_1_std": 0.275594,
        "nauc_recall_at_1_diff1": 0.404869,
        "nauc_recall_at_3_max": 0.318359,
        "nauc_recall_at_3_std": 0.299446,
        "nauc_recall_at_3_diff1": 0.276117,
        "nauc_recall_at_5_max": 0.334048,
        "nauc_recall_at_5_std": 0.329699,
        "nauc_recall_at_5_diff1": 0.230201,
        "nauc_recall_at_10_max": 0.357548,
        "nauc_recall_at_10_std": 0.383511,
        "nauc_recall_at_10_diff1": 0.189518,
        "nauc_recall_at_20_max": 0.387743,
        "nauc_recall_at_20_std": 0.444507,
        "nauc_recall_at_20_diff1": 0.178208,
        "nauc_recall_at_100_max": 0.406227,
        "nauc_recall_at_100_std": 0.510872,
        "nauc_recall_at_100_diff1": 0.120337,
        "nauc_recall_at_1000_max": 0.416558,
        "nauc_recall_at_1000_std": 0.558687,
        "nauc_recall_at_1000_diff1": 0.112154,
        "nauc_precision_at_1_max": 0.317879,
        "nauc_precision_at_1_std": 0.27647,
        "nauc_precision_at_1_diff1": 0.361671,
        "nauc_precision_at_3_max": 0.323166,
        "nauc_precision_at_3_std": 0.327793,
        "nauc_precision_at_3_diff1": 0.238989,
        "nauc_precision_at_5_max": 0.32495,
        "nauc_precision_at_5_std": 0.352066,
        "nauc_precision_at_5_diff1": 0.188138,
        "nauc_precision_at_10_max": 0.355038,
        "nauc_precision_at_10_std": 0.402145,
        "nauc_precision_at_10_diff1": 0.16319,
        "nauc_precision_at_20_max": 0.36842,
        "nauc_precision_at_20_std": 0.449551,
        "nauc_precision_at_20_diff1": 0.135474,
        "nauc_precision_at_100_max": 0.345857,
        "nauc_precision_at_100_std": 0.450794,
        "nauc_precision_at_100_diff1": 0.084063,
        "nauc_precision_at_1000_max": 0.224437,
        "nauc_precision_at_1000_std": 0.324236,
        "nauc_precision_at_1000_diff1": 0.0392,
        "nauc_mrr_at_1_max": 0.317879,
        "nauc_mrr_at_1_std": 0.27647,
        "nauc_mrr_at_1_diff1": 0.361671,
        "nauc_mrr_at_3_max": 0.319351,
        "nauc_mrr_at_3_std": 0.290593,
        "nauc_mrr_at_3_diff1": 0.308636,
        "nauc_mrr_at_5_max": 0.323636,
        "nauc_mrr_at_5_std": 0.300805,
        "nauc_mrr_at_5_diff1": 0.296077,
        "nauc_mrr_at_10_max": 0.331073,
        "nauc_mrr_at_10_std": 0.314161,
        "nauc_mrr_at_10_diff1": 0.284234,
        "nauc_mrr_at_20_max": 0.334846,
        "nauc_mrr_at_20_std": 0.321961,
        "nauc_mrr_at_20_diff1": 0.281708,
        "nauc_mrr_at_100_max": 0.335238,
        "nauc_mrr_at_100_std": 0.32488,
        "nauc_mrr_at_100_diff1": 0.278608,
        "nauc_mrr_at_1000_max": 0.335109,
        "nauc_mrr_at_1000_std": 0.325032,
        "nauc_mrr_at_1000_diff1": 0.278661,
        "hit_rate_at_1": 0.07473,
        "hit_rate_at_3": 0.13565,
        "hit_rate_at_5": 0.16468,
        "hit_rate_at_10": 0.22561,
        "hit_rate_at_20": 0.27749,
        "hit_rate_at_100": 0.41361,
        "hit_rate_at_1000": 0.63303,
        "main_score": 0.12399,
        "hf_subset": "default",
        "languages": [
          "eng-Latn"
        ],
        "mteb_version": "2.16.3"
      }
    ],
    "dev": [
      {
        "ndcg_at_1": 0.06517,
        "ndcg_at_3": 0.07734,
        "ndcg_at_5": 0.08871,
        "ndcg_at_10": 0.10553,
        "ndcg_at_20": 0.12081,
        "ndcg_at_100": 0.14958,
        "ndcg_at_1000": 0.18106,
        "map_at_1": 0.03913,
        "map_at_3": 0.06051,
        "map_at_5": 0.06868,
        "map_at_10": 0.07776,
        "map_at_20": 0.08313,
        "map_at_100": 0.08847,
        "map_at_1000": 0.08966,
        "recall_at_1": 0.03913,
        "recall_at_3": 0.08199,
        "recall_at_5": 0.112,
        "recall_at_10": 0.15769,
        "recall_at_20": 0.20853,
        "recall_at_100": 0.34165,
        "recall_at_1000": 0.56419,
        "accuracy": 0.03913,
        "precision_at_1": 0.06517,
        "precision_at_3": 0.04757,
        "precision_at_5": 0.03933,
        "precision_at_10": 0.03067,
        "precision_at_20": 0.0214,
        "precision_at_100": 0.007,
        "precision_at_1000": 0.00114,
        "mrr_at_1": 0.065169,
        "mrr_at_3": 0.090449,
        "mrr_at_5": 0.097753,
        "mrr_at_10": 0.105015,
        "mrr_at_20": 0.108705,
        "mrr_at_100": 0.111711,
        "mrr_at_1000": 0.112588,
        "nauc_ndcg_at_1_max": 0.326791,
        "nauc_ndcg_at_1_std": 0.314268,
        "nauc_ndcg_at_1_diff1": 0.314536,
        "nauc_ndcg_at_3_max": 0.342379,
        "nauc_ndcg_at_3_std": 0.360681,
        "nauc_ndcg_at_3_diff1": 0.209511,
        "nauc_ndcg_at_5_max": 0.330901,
        "nauc_ndcg_at_5_std": 0.368041,
        "nauc_ndcg_at_5_diff1": 0.201126,
        "nauc_ndcg_at_10_max": 0.338575,
        "nauc_ndcg_at_10_std": 0.396095,
        "nauc_ndcg_at_10_diff1": 0.202747,
        "nauc_ndcg_at_20_max": 0.333558,
        "nauc_ndcg_at_20_std": 0.419587,
        "nauc_ndcg_at_20_diff1": 0.186236,
        "nauc_ndcg_at_100_max": 0.339549,