{
  "dataset_revision": "main",
  "task_name": "QASPER-RAG",
  "mteb_version": "2.16.3",
  "scores": {
    "test": [
      {
        "ndcg_at_1": 0.42443,
        "ndcg_at_3": 0.46252,
        "ndcg_at_5": 0.50942,
        "ndcg_at_10": 0.56841,
        "ndcg_at_20": 0.61314,
        "ndcg_at_100": 0.64629,
        "ndcg_at_1000": 0.64642,
        "map_at_1": 0.25118,
        "map_at_3": 0.37064,
        "map_at_5": 0.41694,
        "map_at_10": 0.45885,
        "map_at_20": 0.48158,
        "map_at_100": 0.49427,
        "map_at_1000": 0.49436,
        "recall_at_1": 0.25118,
        "recall_at_3": 0.46338,
        "recall_at_5": 0.59222,
        "recall_at_10": 0.75392,
        "recall_at_20": 0.88557,
        "recall_at_100": 0.99969,
        "recall_at_1000": 1.0,
        "accuracy": 0.25118,
        "precision_at_1": 0.42443,
        "precision_at_3": 0.29262,
        "precision_at_5": 0.23588,
        "precision_at_10": 0.16405,
        "precision_at_20": 0.10443,
        "precision_at_100": 0.02611,
        "precision_at_1000": 0.00262,
        "mrr_at_1": 0.424427,
        "mrr_at_3": 0.52888,
        "mrr_at_5": 0.554109,
        "mrr_at_10": 0.569849,
        "mrr_at_20": 0.574603,
        "mrr_at_100": 0.575982,
        "mrr_at_1000": 0.575982,
        "nauc_ndcg_at_1_max": -0.027425,
        "nauc_ndcg_at_1_std": 0.141528,
        "nauc_ndcg_at_1_diff1": 0.342072,
        "nauc_ndcg_at_3_max": -0.033927,
        "nauc_ndcg_at_3_std": 0.129609,
        "nauc_ndcg_at_3_diff1": 0.283009,
        "nauc_ndcg_at_5_max": -0.05749,
        "nauc_ndcg_at_5_std": 0.129489,
        "nauc_ndcg_at_5_diff1": 0.300721,
        "nauc_ndcg_at_10_max": -0.055589,
        "nauc_ndcg_at_10_std": 0.155717,
        "nauc_ndcg_at_10_diff1": 0.301389,
        "nauc_ndcg_at_20_max": -0.037355,
        "nauc_ndcg_at_20_std": 0.164263,
        "nauc_ndcg_at_20_diff1": 0.305219,
        "nauc_ndcg_at_100_max": -0.028651,
        "nauc_ndcg_at_100_std": 0.15475,
        "nauc_ndcg_at_100_diff1": 0.303966,
        "nauc_ndcg_at_1000_max": -0.028193,
        "nauc_ndcg_at_1000_std": 0.155383,
        "nauc_ndcg_at_1000_diff1": 0.303588,
        "nauc_map_at_1_max": -0.029177,
        "nauc_map_at_1_std": 0.051661,
        "nauc_map_at_1_diff1": 0.356824,
        "nauc_map_at_3_max": -0.042638,
        "nauc_map_at_3_std": 0.077846,
        "nauc_map_at_3_diff1": 0.300798,
        "nauc_map_at_5_max": -0.055354,
        "nauc_map_at_5_std": 0.092039,
        "nauc_map_at_5_diff1": 0.305665,
        "nauc_map_at_10_max": -0.050956,
        "nauc_map_at_10_std": 0.127832,
        "nauc_map_at_10_diff1": 0.304382,
        "nauc_map_at_20_max": -0.040893,
        "nauc_map_at_20_std": 0.142028,
        "nauc_map_at_20_diff1": 0.304429,
        "nauc_map_at_100_max": -0.036694,
        "nauc_map_at_100_std": 0.143562,
        "nauc_map_at_100_diff1": 0.304658,
        "nauc_map_at_1000_max": -0.036511,
        "nauc_map_at_1000_std": 0.143985,
        "nauc_map_at_1000_diff1": 0.304489,
        "nauc_recall_at_1_max": -0.029177,
        "nauc_recall_at_1_std": 0.051661,
        "nauc_recall_at_1_diff1": 0.356824,
        "nauc_recall_at_3_max": -0.048215,
        "nauc_recall_at_3_std": 0.058985,
        "nauc_recall_at_3_diff1": 0.229016,
        "nauc_recall_at_5_max": -0.102135,
        "nauc_recall_at_5_std": 0.070221,
        "nauc_recall_at_5_diff1": 0.249353,
        "nauc_recall_at_10_max": -0.120414,
        "nauc_recall_at_10_std": 0.139047,
        "nauc_recall_at_10_diff1": 0.238132,
        "nauc_recall_at_20_max": -0.085283,
        "nauc_recall_at_20_std": 0.192403,
        "nauc_recall_at_20_diff1": 0.24044,
        "nauc_recall_at_100_max": -0.804872,
        "nauc_recall_at_100_std": -0.71538,
        "nauc_recall_at_100_diff1": 0.679064,
        "nauc_recall_at_1000_max": NaN,
        "nauc_recall_at_1000_std": NaN,
        "nauc_recall_at_1000_diff1": NaN,
        "nauc_precision_at_1_max": -0.027425,
        "nauc_precision_at_1_std": 0.141528,
        "nauc_precision_at_1_diff1": 0.342072,
        "nauc_precision_at_3_max": -0.013727,
        "nauc_precision_at_3_std": 0.186056,
        "nauc_precision_at_3_diff1": 0.120179,
        "nauc_precision_at_5_max": -0.022505,
        "nauc_precision_at_5_std": 0.195278,
        "nauc_precision_at_5_diff1": 0.073967,
        "nauc_precision_at_10_max": 0.014733,
        "nauc_precision_at_10_std": 0.23859,
        "nauc_precision_at_10_diff1": 0.002265,
        "nauc_precision_at_20_max": 0.077451,
        "nauc_precision_at_20_std": 0.23163,
        "nauc_precision_at_20_diff1": -0.039467,
        "nauc_precision_at_100_max": 0.08902,
        "nauc_precision_at_100_std": 0.157168,
        "nauc_precision_at_100_diff1": -0.083008,
        "nauc_precision_at_1000_max": 0.091495,
        "nauc_precision_at_1000_std": 0.162879,
        "nauc_precision_at_1000_diff1": -0.085436,
        "nauc_mrr_at_1_max": -0.027425,
        "nauc_mrr_at_1_std": 0.141528,
        "nauc_mrr_at_1_diff1": 0.342072,
        "nauc_mrr_at_3_max": -0.023624,
        "nauc_mrr_at_3_std": 0.149985,
        "nauc_mrr_at_3_diff1": 0.310333,
        "nauc_mrr_at_5_max": -0.033877,
        "nauc_mrr_at_5_std": 0.152466,
        "nauc_mrr_at_5_diff1": 0.321186,
        "nauc_mrr_at_10_max": -0.031795,
        "nauc_mrr_at_10_std": 0.152412,
        "nauc_mrr_at_10_diff1": 0.321572,
        "nauc_mrr_at_20_max": -0.029712,
        "nauc_mrr_at_20_std": 0.152267,
        "nauc_mrr_at_20_diff1": 0.321858,
        "nauc_mrr_at_100_max": -0.029572,
        "nauc_mrr_at_100_std": 0.152109,
        "nauc_mrr_at_100_diff1": 0.321726,
        "nauc_mrr_at_1000_max": -0.029572,
        "nauc_mrr_at_1000_std": 0.152109,
        "nauc_mrr_at_1000_diff1": 0.321726,
        "hit_rate_at_1": 0.42443,
        "hit_rate_at_3": 0.66641,
        "hit_rate_at_5": 0.7771,
        "hit_rate_at_10": 0.89618,
        "hit_rate_at_20": 0.96031,
        "hit_rate_at_100": 1.0,
        "hit_rate_at_1000": 1.0,
        "main_score": 0.56841,
        "hf_subset": "default",
        "languages": [
          "eng-Latn"
        ],
        "mteb_version": "2.16.3"
      }
    ]
  },
  "evaluation_time": 162.01878555701114,
  "kg_co2_emissions": null,
  "date": 1783639914.753364,
  "evaluation_phases": [
    {
      "name": "Data loading",
      "start": 0.0,
      "end": 4.714224292023573,
      "split": "",
      "subset": ""
    },
    {
      "name": "Encoding queries and documents",
      "start": 4.730867645004764,
      "end": 161.8660305829835,
      "split": "test",
      "subset": "default"
    },
    {
      "name": "Scoring",
      "start": 161.86605694598984,
      "end": 161.9985407150234,
      "split": "test",
      "subset": "default"
    }
  ]
}