{
  "dataset_revision": "main",
  "task_name": "BioASQ-RAG-Resplit-ctx-k1-Title",
  "mteb_version": "2.18.0",
  "scores": {
    "test": [
      {
        "ndcg_at_1": 0.93849,
        "ndcg_at_3": 0.92773,
        "ndcg_at_5": 0.91601,
        "ndcg_at_10": 0.91656,
        "ndcg_at_20": 0.92918,
        "ndcg_at_100": 0.94739,
        "ndcg_at_1000": 0.94898,
        "map_at_1": 0.33007,
        "map_at_3": 0.53638,
        "map_at_5": 0.63738,
        "map_at_10": 0.76789,
        "map_at_20": 0.85058,
        "map_at_100": 0.8907,
        "map_at_1000": 0.89129,
        "recall_at_1": 0.33007,
        "recall_at_3": 0.55106,
        "recall_at_5": 0.66434,
        "recall_at_10": 0.81659,
        "recall_at_20": 0.92545,
        "recall_at_100": 0.99391,
        "recall_at_1000": 0.99817,
        "accuracy": 0.33007,
        "precision_at_1": 0.93849,
        "precision_at_3": 0.76266,
        "precision_at_5": 0.65778,
        "precision_at_10": 0.51109,
        "precision_at_20": 0.34609,
        "precision_at_100": 0.0873,
        "precision_at_1000": 0.00882,
        "mrr_at_1": 0.93849,
        "mrr_at_3": 0.962566,
        "mrr_at_5": 0.963824,
        "mrr_at_10": 0.964113,
        "mrr_at_20": 0.964184,
        "mrr_at_100": 0.964184,
        "mrr_at_1000": 0.964184,
        "nauc_ndcg_at_1_max": 0.119849,
        "nauc_ndcg_at_1_std": -0.419166,
        "nauc_ndcg_at_1_diff1": 0.271381,
        "nauc_ndcg_at_3_max": 0.209523,
        "nauc_ndcg_at_3_std": -0.500527,
        "nauc_ndcg_at_3_diff1": 0.185368,
        "nauc_ndcg_at_5_max": 0.276428,
        "nauc_ndcg_at_5_std": -0.51786,
        "nauc_ndcg_at_5_diff1": 0.273531,
        "nauc_ndcg_at_10_max": 0.302834,
        "nauc_ndcg_at_10_std": -0.608996,
        "nauc_ndcg_at_10_diff1": 0.318811,
        "nauc_ndcg_at_20_max": 0.330293,
        "nauc_ndcg_at_20_std": -0.668283,
        "nauc_ndcg_at_20_diff1": 0.334746,
        "nauc_ndcg_at_100_max": 0.279227,
        "nauc_ndcg_at_100_std": -0.518988,
        "nauc_ndcg_at_100_diff1": 0.255749,
        "nauc_ndcg_at_1000_max": 0.265431,
        "nauc_ndcg_at_1000_std": -0.501586,
        "nauc_ndcg_at_1000_diff1": 0.249214,
        "nauc_map_at_1_max": 0.495583,
        "nauc_map_at_1_std": -0.477697,
        "nauc_map_at_1_diff1": 0.80261,
        "nauc_map_at_3_max": 0.415402,
        "nauc_map_at_3_std": -0.63267,
        "nauc_map_at_3_diff1": 0.68853,
        "nauc_map_at_5_max": 0.39198,
        "nauc_map_at_5_std": -0.731231,
        "nauc_map_at_5_diff1": 0.635548,
        "nauc_map_at_10_max": 0.367297,
        "nauc_map_at_10_std": -0.850643,
        "nauc_map_at_10_diff1": 0.52513,
        "nauc_map_at_20_max": 0.346004,
        "nauc_map_at_20_std": -0.832382,
        "nauc_map_at_20_diff1": 0.40979,
        "nauc_map_at_100_max": 0.328967,
        "nauc_map_at_100_std": -0.592191,
        "nauc_map_at_100_diff1": 0.314103,
        "nauc_map_at_1000_max": 0.326735,
        "nauc_map_at_1000_std": -0.58773,
        "nauc_map_at_1000_diff1": 0.313156,
        "nauc_recall_at_1_max": 0.495583,
        "nauc_recall_at_1_std": -0.477697,
        "nauc_recall_at_1_diff1": 0.80261,
        "nauc_recall_at_3_max": 0.422409,
        "nauc_recall_at_3_std": -0.638345,
        "nauc_recall_at_3_diff1": 0.692199,
        "nauc_recall_at_5_max": 0.401846,
        "nauc_recall_at_5_std": -0.74968,
        "nauc_recall_at_5_diff1": 0.654271,
        "nauc_recall_at_10_max": 0.384628,
        "nauc_recall_at_10_std": -0.938834,
        "nauc_recall_at_10_diff1": 0.575803,
        "nauc_recall_at_20_max": 0.416196,
        "nauc_recall_at_20_std": -1.114091,
        "nauc_recall_at_20_diff1": 0.520626,
        "nauc_recall_at_100_max": 0.519037,
        "nauc_recall_at_100_std": -0.527219,
        "nauc_recall_at_100_diff1": 0.298927,
        "nauc_recall_at_1000_max": 0.180051,
        "nauc_recall_at_1000_std": 0.122802,
        "nauc_recall_at_1000_diff1": 0.027772,
        "nauc_precision_at_1_max": 0.119849,
        "nauc_precision_at_1_std": -0.419166,
        "nauc_precision_at_1_diff1": 0.271381,
        "nauc_precision_at_3_max": -0.505608,
        "nauc_precision_at_3_std": 0.285039,
        "nauc_precision_at_3_diff1": -0.850494,
        "nauc_precision_at_5_max": -0.438263,
        "nauc_precision_at_5_std": 0.347944,
        "nauc_precision_at_5_diff1": -0.773211,
        "nauc_precision_at_10_max": -0.364583,
        "nauc_precision_at_10_std": 0.443213,
        "nauc_precision_at_10_diff1": -0.676222,
        "nauc_precision_at_20_max": -0.316958,
        "nauc_precision_at_20_std": 0.54266,
        "nauc_precision_at_20_diff1": -0.583059,
        "nauc_precision_at_100_max": -0.289943,
        "nauc_precision_at_100_std": 0.670204,
        "nauc_precision_at_100_diff1": -0.513,
        "nauc_precision_at_1000_max": -0.293388,
        "nauc_precision_at_1000_std": 0.674214,
        "nauc_precision_at_1000_diff1": -0.510176,
        "nauc_mrr_at_1_max": 0.119849,
        "nauc_mrr_at_1_std": -0.419166,
        "nauc_mrr_at_1_diff1": 0.271381,
        "nauc_mrr_at_3_max": 0.135776,
        "nauc_mrr_at_3_std": -0.459202,
        "nauc_mrr_at_3_diff1": 0.239219,
        "nauc_mrr_at_5_max": 0.130042,
        "nauc_mrr_at_5_std": -0.467027,
        "nauc_mrr_at_5_diff1": 0.249622,
        "nauc_mrr_at_10_max": 0.130846,
        "nauc_mrr_at_10_std": -0.456793,
        "nauc_mrr_at_10_diff1": 0.246551,
        "nauc_mrr_at_20_max": 0.130862,
        "nauc_mrr_at_20_std": -0.455404,
        "nauc_mrr_at_20_diff1": 0.247387,
        "nauc_mrr_at_100_max": 0.130862,
        "nauc_mrr_at_100_std": -0.455404,
        "nauc_mrr_at_100_diff1": 0.247387,
        "nauc_mrr_at_1000_max": 0.130862,
        "nauc_mrr_at_1000_std": -0.455404,
        "nauc_mrr_at_1000_diff1": 0.247387,
        "hit_rate_at_1": 0.93849,
        "hit_rate_at_3": 0.99068,
        "hit_rate_at_5": 0.99627,
        "hit_rate_at_10": 0.99814,
        "hit_rate_at_20": 0.99907,
        "hit_rate_at_100": 0.99907,
        "hit_rate_at_1000": 0.99907,
        "main_score": 0.91656,
        "hf_subset": "default",
        "languages": [
          "eng-Latn"
        ],
        "mteb_version": "2.18.0"
      }
    ]
  },
  "evaluation_time": 322.2083716579946,
  "kg_co2_emissions": null,
  "date": 1784328710.730602,
  "evaluation_phases": [
    {
      "name": "Data loading",
      "start": 0.0,
      "end": 2.4919753479771316,
      "split": "",
      "subset": ""
    },
    {
      "name": "Encoding queries and documents",
      "start": 2.517199081950821,
      "end": 321.31971822399646,
      "split": "test",
      "subset": "default"
    },
    {
      "name": "Scoring",
      "start": 321.3197799710324,
      "end": 322.1741266120225,
      "split": "test",
      "subset": "default"
    }
  ]
}