{
  "dataset_revision": "main",
  "task_name": "QASPER-RAG-ctx-k5-Title",
  "mteb_version": "2.18.0",
  "scores": {
    "test": [
      {
        "ndcg_at_1": 0.60458,
        "ndcg_at_3": 0.60213,
        "ndcg_at_5": 0.62915,
        "ndcg_at_10": 0.67238,
        "ndcg_at_20": 0.71156,
        "ndcg_at_100": 0.73757,
        "ndcg_at_1000": 0.73785,
        "map_at_1": 0.36615,
        "map_at_3": 0.50088,
        "map_at_5": 0.54439,
        "map_at_10": 0.58333,
        "map_at_20": 0.60608,
        "map_at_100": 0.61602,
        "map_at_1000": 0.61607,
        "recall_at_1": 0.36615,
        "recall_at_3": 0.57054,
        "recall_at_5": 0.66272,
        "recall_at_10": 0.78518,
        "recall_at_20": 0.90256,
        "recall_at_100": 0.99866,
        "recall_at_1000": 1.0,
        "accuracy": 0.36615,
        "precision_at_1": 0.60458,
        "precision_at_3": 0.36794,
        "precision_at_5": 0.27817,
        "precision_at_10": 0.18168,
        "precision_at_20": 0.11141,
        "precision_at_100": 0.02616,
        "precision_at_1000": 0.00262,
        "mrr_at_1": 0.60458,
        "mrr_at_3": 0.681298,
        "mrr_at_5": 0.693473,
        "mrr_at_10": 0.702458,
        "mrr_at_20": 0.706517,
        "mrr_at_100": 0.708075,
        "mrr_at_1000": 0.708075,
        "nauc_ndcg_at_1_max": 0.240711,
        "nauc_ndcg_at_1_std": -0.256331,
        "nauc_ndcg_at_1_diff1": 0.376866,
        "nauc_ndcg_at_3_max": 0.191906,
        "nauc_ndcg_at_3_std": -0.32412,
        "nauc_ndcg_at_3_diff1": 0.30263,
        "nauc_ndcg_at_5_max": 0.205501,
        "nauc_ndcg_at_5_std": -0.343351,
        "nauc_ndcg_at_5_diff1": 0.305034,
        "nauc_ndcg_at_10_max": 0.215827,
        "nauc_ndcg_at_10_std": -0.35591,
        "nauc_ndcg_at_10_diff1": 0.310507,
        "nauc_ndcg_at_20_max": 0.210261,
        "nauc_ndcg_at_20_std": -0.362122,
        "nauc_ndcg_at_20_diff1": 0.310109,
        "nauc_ndcg_at_100_max": 0.21026,
        "nauc_ndcg_at_100_std": -0.322793,
        "nauc_ndcg_at_100_diff1": 0.311804,
        "nauc_ndcg_at_1000_max": 0.210322,
        "nauc_ndcg_at_1000_std": -0.321615,
        "nauc_ndcg_at_1000_diff1": 0.311915,
        "nauc_map_at_1_max": 0.202183,
        "nauc_map_at_1_std": -0.224635,
        "nauc_map_at_1_diff1": 0.398919,
        "nauc_map_at_3_max": 0.213878,
        "nauc_map_at_3_std": -0.302427,
        "nauc_map_at_3_diff1": 0.340449,
        "nauc_map_at_5_max": 0.211037,
        "nauc_map_at_5_std": -0.327288,
        "nauc_map_at_5_diff1": 0.325463,
        "nauc_map_at_10_max": 0.208833,
        "nauc_map_at_10_std": -0.338668,
        "nauc_map_at_10_diff1": 0.313665,
        "nauc_map_at_20_max": 0.203223,
        "nauc_map_at_20_std": -0.337081,
        "nauc_map_at_20_diff1": 0.307526,
        "nauc_map_at_100_max": 0.201624,
        "nauc_map_at_100_std": -0.322617,
        "nauc_map_at_100_diff1": 0.304665,
        "nauc_map_at_1000_max": 0.201609,
        "nauc_map_at_1000_std": -0.3225,
        "nauc_map_at_1000_diff1": 0.30464,
        "nauc_recall_at_1_max": 0.202183,
        "nauc_recall_at_1_std": -0.224635,
        "nauc_recall_at_1_diff1": 0.398919,
        "nauc_recall_at_3_max": 0.199283,
        "nauc_recall_at_3_std": -0.328081,
        "nauc_recall_at_3_diff1": 0.293214,
        "nauc_recall_at_5_max": 0.203569,
        "nauc_recall_at_5_std": -0.380176,
        "nauc_recall_at_5_diff1": 0.27259,
        "nauc_recall_at_10_max": 0.211308,
        "nauc_recall_at_10_std": -0.439851,
        "nauc_recall_at_10_diff1": 0.263541,
        "nauc_recall_at_20_max": 0.182391,
        "nauc_recall_at_20_std": -0.624361,
        "nauc_recall_at_20_diff1": 0.260791,
        "nauc_recall_at_100_max": 0.026075,
        "nauc_recall_at_100_std": -1.13108,
        "nauc_recall_at_100_diff1": 0.054671,
        "nauc_recall_at_1000_max": NaN,
        "nauc_recall_at_1000_std": NaN,
        "nauc_recall_at_1000_diff1": NaN,
        "nauc_precision_at_1_max": 0.240711,
        "nauc_precision_at_1_std": -0.256331,
        "nauc_precision_at_1_diff1": 0.376866,
        "nauc_precision_at_3_max": 0.055196,
        "nauc_precision_at_3_std": -0.210355,
        "nauc_precision_at_3_diff1": 0.01911,
        "nauc_precision_at_5_max": -0.001822,
        "nauc_precision_at_5_std": -0.15049,
        "nauc_precision_at_5_diff1": -0.071261,
        "nauc_precision_at_10_max": -0.056317,
        "nauc_precision_at_10_std": -0.054021,
        "nauc_precision_at_10_diff1": -0.143788,
        "nauc_precision_at_20_max": -0.099184,
        "nauc_precision_at_20_std": 0.044423,
        "nauc_precision_at_20_diff1": -0.191977,
        "nauc_precision_at_100_max": -0.12206,
        "nauc_precision_at_100_std": 0.184541,
        "nauc_precision_at_100_diff1": -0.215166,
        "nauc_precision_at_1000_max": -0.122273,
        "nauc_precision_at_1000_std": 0.186262,
        "nauc_precision_at_1000_diff1": -0.215341,
        "nauc_mrr_at_1_max": 0.240711,
        "nauc_mrr_at_1_std": -0.256331,
        "nauc_mrr_at_1_diff1": 0.376866,
        "nauc_mrr_at_3_max": 0.236114,
        "nauc_mrr_at_3_std": -0.311435,
        "nauc_mrr_at_3_diff1": 0.352047,
        "nauc_mrr_at_5_max": 0.242229,
        "nauc_mrr_at_5_std": -0.311698,
        "nauc_mrr_at_5_diff1": 0.3547,
        "nauc_mrr_at_10_max": 0.243508,
        "nauc_mrr_at_10_std": -0.308855,
        "nauc_mrr_at_10_diff1": 0.355317,
        "nauc_mrr_at_20_max": 0.241582,
        "nauc_mrr_at_20_std": -0.309865,
        "nauc_mrr_at_20_diff1": 0.355568,
        "nauc_mrr_at_100_max": 0.242,
        "nauc_mrr_at_100_std": -0.307323,
        "nauc_mrr_at_100_diff1": 0.356096,
        "nauc_mrr_at_1000_max": 0.242,
        "nauc_mrr_at_1000_std": -0.307323,
        "nauc_mrr_at_1000_diff1": 0.356096,
        "hit_rate_at_1": 0.60458,
        "hit_rate_at_3": 0.77786,
        "hit_rate_at_5": 0.8313,
        "hit_rate_at_10": 0.9,
        "hit_rate_at_20": 0.95496,
        "hit_rate_at_100": 1.0,
        "hit_rate_at_1000": 1.0,
        "main_score": 0.67238,
        "hf_subset": "default",
        "languages": [
          "eng-Latn"
        ],
        "mteb_version": "2.18.0"
      }
    ]
  },
  "evaluation_time": 845.3965025079669,
  "kg_co2_emissions": null,
  "date": 1784331355.725612,
  "evaluation_phases": [
    {
      "name": "Data loading",
      "start": 0.0,
      "end": 2.4469078389229253,
      "split": "",
      "subset": ""
    },
    {
      "name": "Encoding queries and documents",
      "start": 2.4577180260093883,
      "end": 844.1513086450286,
      "split": "test",
      "subset": "default"
    },
    {
      "name": "Scoring",
      "start": 844.1513424579753,
      "end": 845.3394357629586,
      "split": "test",
      "subset": "default"
    }
  ]
}