{
  "dataset_revision": "main",
  "task_name": "NarrativeQA-RAG-ctx-k1-Title",
  "mteb_version": "2.18.0",
  "scores": {
    "test": [
      {
        "ndcg_at_1": 0.92461,
        "ndcg_at_3": 0.95065,
        "ndcg_at_5": 0.95462,
        "ndcg_at_10": 0.957,
        "ndcg_at_20": 0.95818,
        "ndcg_at_100": 0.95952,
        "ndcg_at_1000": 0.95991,
        "map_at_1": 0.92461,
        "map_at_3": 0.94448,
        "map_at_5": 0.9467,
        "map_at_10": 0.9477,
        "map_at_20": 0.94803,
        "map_at_100": 0.94822,
        "map_at_1000": 0.94824,
        "recall_at_1": 0.92461,
        "recall_at_3": 0.96841,
        "recall_at_5": 0.97796,
        "recall_at_10": 0.98521,
        "recall_at_20": 0.98988,
        "recall_at_100": 0.99704,
        "recall_at_1000": 1.0,
        "accuracy": 0.92461,
        "precision_at_1": 0.92461,
        "precision_at_3": 0.3228,
        "precision_at_5": 0.19559,
        "precision_at_10": 0.09852,
        "precision_at_20": 0.04949,
        "precision_at_100": 0.00997,
        "precision_at_1000": 0.001,
        "mrr_at_1": 0.924611,
        "mrr_at_3": 0.944476,
        "mrr_at_5": 0.9467,
        "mrr_at_10": 0.947702,
        "mrr_at_20": 0.948028,
        "mrr_at_100": 0.94822,
        "mrr_at_1000": 0.948237,
        "nauc_ndcg_at_1_max": 0.863525,
        "nauc_ndcg_at_1_std": -0.172988,
        "nauc_ndcg_at_1_diff1": 0.900123,
        "nauc_ndcg_at_3_max": 0.894091,
        "nauc_ndcg_at_3_std": -0.099308,
        "nauc_ndcg_at_3_diff1": 0.875493,
        "nauc_ndcg_at_5_max": 0.88955,
        "nauc_ndcg_at_5_std": -0.087501,
        "nauc_ndcg_at_5_diff1": 0.874578,
        "nauc_ndcg_at_10_max": 0.885501,
        "nauc_ndcg_at_10_std": -0.098904,
        "nauc_ndcg_at_10_diff1": 0.873073,
        "nauc_ndcg_at_20_max": 0.884016,
        "nauc_ndcg_at_20_std": -0.101343,
        "nauc_ndcg_at_20_diff1": 0.874219,
        "nauc_ndcg_at_100_max": 0.883497,
        "nauc_ndcg_at_100_std": -0.107498,
        "nauc_ndcg_at_100_diff1": 0.877568,
        "nauc_ndcg_at_1000_max": 0.883177,
        "nauc_ndcg_at_1000_std": -0.113708,
        "nauc_ndcg_at_1000_diff1": 0.879381,
        "nauc_map_at_1_max": 0.863525,
        "nauc_map_at_1_std": -0.172988,
        "nauc_map_at_1_diff1": 0.900123,
        "nauc_map_at_3_max": 0.885903,
        "nauc_map_at_3_std": -0.123193,
        "nauc_map_at_3_diff1": 0.883266,
        "nauc_map_at_5_max": 0.883374,
        "nauc_map_at_5_std": -0.118551,
        "nauc_map_at_5_diff1": 0.883103,
        "nauc_map_at_10_max": 0.881881,
        "nauc_map_at_10_std": -0.123048,
        "nauc_map_at_10_diff1": 0.882778,
        "nauc_map_at_20_max": 0.881504,
        "nauc_map_at_20_std": -0.12393,
        "nauc_map_at_20_diff1": 0.883092,
        "nauc_map_at_100_max": 0.881386,
        "nauc_map_at_100_std": -0.12474,
        "nauc_map_at_100_diff1": 0.883408,
        "nauc_map_at_1000_max": 0.88138,
        "nauc_map_at_1000_std": -0.124935,
        "nauc_map_at_1000_diff1": 0.883478,
        "nauc_recall_at_1_max": 0.863525,
        "nauc_recall_at_1_std": -0.172988,
        "nauc_recall_at_1_diff1": 0.900123,
        "nauc_recall_at_3_max": 0.934306,
        "nauc_recall_at_3_std": 0.021678,
        "nauc_recall_at_3_diff1": 0.836276,
        "nauc_recall_at_5_max": 0.929433,
        "nauc_recall_at_5_std": 0.132475,
        "nauc_recall_at_5_diff1": 0.81527,
        "nauc_recall_at_10_max": 0.912603,
        "nauc_recall_at_10_std": 0.138433,
        "nauc_recall_at_10_diff1": 0.772232,
        "nauc_recall_at_20_max": 0.901905,
        "nauc_recall_at_20_std": 0.215943,
        "nauc_recall_at_20_diff1": 0.744433,
        "nauc_recall_at_100_max": 0.920859,
        "nauc_recall_at_100_std": 0.546678,
        "nauc_recall_at_100_diff1": 0.697503,
        "nauc_recall_at_1000_max": NaN,
        "nauc_recall_at_1000_std": NaN,
        "nauc_recall_at_1000_diff1": NaN,
        "nauc_precision_at_1_max": 0.863525,
        "nauc_precision_at_1_std": -0.172988,
        "nauc_precision_at_1_diff1": 0.900123,
        "nauc_precision_at_3_max": 0.934306,
        "nauc_precision_at_3_std": 0.021678,
        "nauc_precision_at_3_diff1": 0.836276,
        "nauc_precision_at_5_max": 0.929433,
        "nauc_precision_at_5_std": 0.132475,
        "nauc_precision_at_5_diff1": 0.81527,
        "nauc_precision_at_10_max": 0.912603,
        "nauc_precision_at_10_std": 0.138433,
        "nauc_precision_at_10_diff1": 0.772232,
        "nauc_precision_at_20_max": 0.901905,
        "nauc_precision_at_20_std": 0.215943,
        "nauc_precision_at_20_diff1": 0.744433,
        "nauc_precision_at_100_max": 0.920859,
        "nauc_precision_at_100_std": 0.546678,
        "nauc_precision_at_100_diff1": 0.697503,
        "nauc_precision_at_1000_max": NaN,
        "nauc_precision_at_1000_std": NaN,
        "nauc_precision_at_1000_diff1": NaN,
        "nauc_mrr_at_1_max": 0.863525,
        "nauc_mrr_at_1_std": -0.172988,
        "nauc_mrr_at_1_diff1": 0.900123,
        "nauc_mrr_at_3_max": 0.885903,
        "nauc_mrr_at_3_std": -0.123193,
        "nauc_mrr_at_3_diff1": 0.883266,
        "nauc_mrr_at_5_max": 0.883374,
        "nauc_mrr_at_5_std": -0.118551,
        "nauc_mrr_at_5_diff1": 0.883103,
        "nauc_mrr_at_10_max": 0.881881,
        "nauc_mrr_at_10_std": -0.123048,
        "nauc_mrr_at_10_diff1": 0.882778,
        "nauc_mrr_at_20_max": 0.881504,
        "nauc_mrr_at_20_std": -0.12393,
        "nauc_mrr_at_20_diff1": 0.883092,
        "nauc_mrr_at_100_max": 0.881386,
        "nauc_mrr_at_100_std": -0.12474,
        "nauc_mrr_at_100_diff1": 0.883408,
        "nauc_mrr_at_1000_max": 0.88138,
        "nauc_mrr_at_1000_std": -0.124935,
        "nauc_mrr_at_1000_diff1": 0.883478,
        "hit_rate_at_1": 0.92461,
        "hit_rate_at_3": 0.96841,
        "hit_rate_at_5": 0.97796,
        "hit_rate_at_10": 0.98521,
        "hit_rate_at_20": 0.98988,
        "hit_rate_at_100": 0.99704,
        "hit_rate_at_1000": 1.0,
        "main_score": 0.957,
        "hf_subset": "default",
        "languages": [
          "eng-Latn"
        ],
        "mteb_version": "2.18.0"
      }
    ]
  },
  "evaluation_time": 199.32012795400806,
  "kg_co2_emissions": null,
  "date": 1784328320.346541,
  "evaluation_phases": [
    {
      "name": "Data loading",
      "start": 0.0,
      "end": 2.826424275059253,
      "split": "",
      "subset": ""
    },
    {
      "name": "Encoding queries and documents",
      "start": 2.907274118042551,
      "end": 191.0595262569841,
      "split": "test",
      "subset": "default"
    },
    {
      "name": "Scoring",
      "start": 191.05956633295864,
      "end": 199.17373473499902,
      "split": "test",
      "subset": "default"
    }
  ]
}