{
  "dataset_revision": "main",
  "task_name": "BioASQ-RAG-Resplit-ctx-rfg",
  "mteb_version": "2.18.0",
  "scores": {
    "test": [
      {
        "ndcg_at_1": 0.82386,
        "ndcg_at_3": 0.78226,
        "ndcg_at_5": 0.771,
        "ndcg_at_10": 0.77214,
        "ndcg_at_20": 0.78638,
        "ndcg_at_100": 0.83055,
        "ndcg_at_1000": 0.84167,
        "map_at_1": 0.28064,
        "map_at_3": 0.42661,
        "map_at_5": 0.50375,
        "map_at_10": 0.6068,
        "map_at_20": 0.67525,
        "map_at_100": 0.72205,
        "map_at_1000": 0.72428,
        "recall_at_1": 0.28064,
        "recall_at_3": 0.44569,
        "recall_at_5": 0.53992,
        "recall_at_10": 0.68388,
        "recall_at_20": 0.7973,
        "recall_at_100": 0.94004,
        "recall_at_1000": 0.98183,
        "accuracy": 0.28064,
        "precision_at_1": 0.82386,
        "precision_at_3": 0.63187,
        "precision_at_5": 0.55023,
        "precision_at_10": 0.43448,
        "precision_at_20": 0.29916,
        "precision_at_100": 0.08298,
        "precision_at_1000": 0.00875,
        "mrr_at_1": 0.823858,
        "mrr_at_3": 0.857409,
        "mrr_at_5": 0.862116,
        "mrr_at_10": 0.866366,
        "mrr_at_20": 0.867303,
        "mrr_at_100": 0.868052,
        "mrr_at_1000": 0.868077,
        "nauc_ndcg_at_1_max": 0.434197,
        "nauc_ndcg_at_1_std": -0.183336,
        "nauc_ndcg_at_1_diff1": 0.33965,
        "nauc_ndcg_at_3_max": 0.377922,
        "nauc_ndcg_at_3_std": -0.205876,
        "nauc_ndcg_at_3_diff1": 0.214976,
        "nauc_ndcg_at_5_max": 0.376106,
        "nauc_ndcg_at_5_std": -0.209069,
        "nauc_ndcg_at_5_diff1": 0.207028,
        "nauc_ndcg_at_10_max": 0.348095,
        "nauc_ndcg_at_10_std": -0.226273,
        "nauc_ndcg_at_10_diff1": 0.210749,
        "nauc_ndcg_at_20_max": 0.359271,
        "nauc_ndcg_at_20_std": -0.254464,
        "nauc_ndcg_at_20_diff1": 0.213837,
        "nauc_ndcg_at_100_max": 0.354292,
        "nauc_ndcg_at_100_std": -0.155588,
        "nauc_ndcg_at_100_diff1": 0.169163,
        "nauc_ndcg_at_1000_max": 0.353246,
        "nauc_ndcg_at_1000_std": -0.152675,
        "nauc_ndcg_at_1000_diff1": 0.175688,
        "nauc_map_at_1_max": 0.291997,
        "nauc_map_at_1_std": -0.427311,
        "nauc_map_at_1_diff1": 0.609583,
        "nauc_map_at_3_max": 0.30356,
        "nauc_map_at_3_std": -0.506834,
        "nauc_map_at_3_diff1": 0.507786,
        "nauc_map_at_5_max": 0.325768,
        "nauc_map_at_5_std": -0.524238,
        "nauc_map_at_5_diff1": 0.447023,
        "nauc_map_at_10_max": 0.344856,
        "nauc_map_at_10_std": -0.494105,
        "nauc_map_at_10_diff1": 0.356812,
        "nauc_map_at_20_max": 0.362746,
        "nauc_map_at_20_std": -0.39155,
        "nauc_map_at_20_diff1": 0.276837,
        "nauc_map_at_100_max": 0.348404,
        "nauc_map_at_100_std": -0.235955,
        "nauc_map_at_100_diff1": 0.212612,
        "nauc_map_at_1000_max": 0.347706,
        "nauc_map_at_1000_std": -0.232595,
        "nauc_map_at_1000_diff1": 0.212216,
        "nauc_recall_at_1_max": 0.291997,
        "nauc_recall_at_1_std": -0.427311,
        "nauc_recall_at_1_diff1": 0.609583,
        "nauc_recall_at_3_max": 0.281885,
        "nauc_recall_at_3_std": -0.524333,
        "nauc_recall_at_3_diff1": 0.490766,
        "nauc_recall_at_5_max": 0.293479,
        "nauc_recall_at_5_std": -0.549007,
        "nauc_recall_at_5_diff1": 0.431293,
        "nauc_recall_at_10_max": 0.289407,
        "nauc_recall_at_10_std": -0.533582,
        "nauc_recall_at_10_diff1": 0.32363,
        "nauc_recall_at_20_max": 0.315976,
        "nauc_recall_at_20_std": -0.44102,
        "nauc_recall_at_20_diff1": 0.220489,
        "nauc_recall_at_100_max": 0.210597,
        "nauc_recall_at_100_std": 0.106209,
        "nauc_recall_at_100_diff1": -0.103094,
        "nauc_recall_at_1000_max": 0.030993,
        "nauc_recall_at_1000_std": 0.412903,
        "nauc_recall_at_1000_diff1": -0.277045,
        "nauc_precision_at_1_max": 0.434197,
        "nauc_precision_at_1_std": -0.183336,
        "nauc_precision_at_1_diff1": 0.33965,
        "nauc_precision_at_3_max": 0.080216,
        "nauc_precision_at_3_std": 0.141732,
        "nauc_precision_at_3_diff1": -0.301467,
        "nauc_precision_at_5_max": 0.026735,
        "nauc_precision_at_5_std": 0.235491,
        "nauc_precision_at_5_diff1": -0.381044,
        "nauc_precision_at_10_max": -0.040062,
        "nauc_precision_at_10_std": 0.364786,
        "nauc_precision_at_10_diff1": -0.412914,
        "nauc_precision_at_20_max": -0.077478,
        "nauc_precision_at_20_std": 0.467526,
        "nauc_precision_at_20_diff1": -0.405564,
        "nauc_precision_at_100_max": -0.143084,
        "nauc_precision_at_100_std": 0.600744,
        "nauc_precision_at_100_diff1": -0.391203,
        "nauc_precision_at_1000_max": -0.154712,
        "nauc_precision_at_1000_std": 0.59383,
        "nauc_precision_at_1000_diff1": -0.381659,
        "nauc_mrr_at_1_max": 0.434197,
        "nauc_mrr_at_1_std": -0.183336,
        "nauc_mrr_at_1_diff1": 0.33965,
        "nauc_mrr_at_3_max": 0.439452,
        "nauc_mrr_at_3_std": -0.208301,
        "nauc_mrr_at_3_diff1": 0.314463,
        "nauc_mrr_at_5_max": 0.438237,
        "nauc_mrr_at_5_std": -0.202382,
        "nauc_mrr_at_5_diff1": 0.310041,
        "nauc_mrr_at_10_max": 0.434606,
        "nauc_mrr_at_10_std": -0.197373,
        "nauc_mrr_at_10_diff1": 0.303682,
        "nauc_mrr_at_20_max": 0.43425,
        "nauc_mrr_at_20_std": -0.197135,
        "nauc_mrr_at_20_diff1": 0.304268,
        "nauc_mrr_at_100_max": 0.434198,
        "nauc_mrr_at_100_std": -0.195538,
        "nauc_mrr_at_100_diff1": 0.304328,
        "nauc_mrr_at_1000_max": 0.43414,
        "nauc_mrr_at_1000_std": -0.195606,
        "nauc_mrr_at_1000_diff1": 0.30445,
        "hit_rate_at_1": 0.82386,
        "hit_rate_at_3": 0.89655,
        "hit_rate_at_5": 0.91705,
        "hit_rate_at_10": 0.94781,
        "hit_rate_at_20": 0.96086,
        "hit_rate_at_100": 0.98602,
        "hit_rate_at_1000": 0.99254,
        "main_score": 0.77214,
        "hf_subset": "default",
        "languages": [
          "eng-Latn"
        ],
        "mteb_version": "2.18.0"
      }
    ]
  },
  "evaluation_time": 241.01009935117327,
  "kg_co2_emissions": null,
  "date": 1784428983.199812,
  "evaluation_phases": [
    {
      "name": "Data loading",
      "start": 0.0,
      "end": 3.6589828091673553,
      "split": "",
      "subset": ""
    },
    {
      "name": "Encoding queries and documents",
      "start": 3.6879042361397296,
      "end": 240.0857871940825,
      "split": "test",
      "subset": "default"
    },
    {
      "name": "Scoring",
      "start": 240.0858201580122,
      "end": 240.97200936614536,
      "split": "test",
      "subset": "default"
    }
  ]
}