{
  "dataset_revision": "main",
  "task_name": "BioASQ-RAG-Resplit-ctx-rfg",
  "mteb_version": "2.18.0",
  "scores": {
    "test": [
      {
        "ndcg_at_1": 0.80801,
        "ndcg_at_3": 0.77941,
        "ndcg_at_5": 0.77101,
        "ndcg_at_10": 0.77087,
        "ndcg_at_20": 0.78893,
        "ndcg_at_100": 0.83275,
        "ndcg_at_1000": 0.84288,
        "map_at_1": 0.27379,
        "map_at_3": 0.42341,
        "map_at_5": 0.5018,
        "map_at_10": 0.60577,
        "map_at_20": 0.67645,
        "map_at_100": 0.72329,
        "map_at_1000": 0.72532,
        "recall_at_1": 0.27379,
        "recall_at_3": 0.44753,
        "recall_at_5": 0.54522,
        "recall_at_10": 0.68684,
        "recall_at_20": 0.8074,
        "recall_at_100": 0.94968,
        "recall_at_1000": 0.98803,
        "accuracy": 0.27379,
        "precision_at_1": 0.80801,
        "precision_at_3": 0.63436,
        "precision_at_5": 0.55508,
        "precision_at_10": 0.43653,
        "precision_at_20": 0.30261,
        "precision_at_100": 0.08364,
        "precision_at_1000": 0.00877,
        "mrr_at_1": 0.808015,
        "mrr_at_3": 0.851351,
        "mrr_at_5": 0.856477,
        "mrr_at_10": 0.860039,
        "mrr_at_20": 0.861364,
        "mrr_at_100": 0.862004,
        "mrr_at_1000": 0.862018,
        "nauc_ndcg_at_1_max": 0.414876,
        "nauc_ndcg_at_1_std": -0.181104,
        "nauc_ndcg_at_1_diff1": 0.486855,
        "nauc_ndcg_at_3_max": 0.362888,
        "nauc_ndcg_at_3_std": -0.190258,
        "nauc_ndcg_at_3_diff1": 0.338864,
        "nauc_ndcg_at_5_max": 0.361375,
        "nauc_ndcg_at_5_std": -0.192624,
        "nauc_ndcg_at_5_diff1": 0.337529,
        "nauc_ndcg_at_10_max": 0.376111,
        "nauc_ndcg_at_10_std": -0.217111,
        "nauc_ndcg_at_10_diff1": 0.366923,
        "nauc_ndcg_at_20_max": 0.375351,
        "nauc_ndcg_at_20_std": -0.261109,
        "nauc_ndcg_at_20_diff1": 0.375098,
        "nauc_ndcg_at_100_max": 0.401559,
        "nauc_ndcg_at_100_std": -0.142308,
        "nauc_ndcg_at_100_diff1": 0.368068,
        "nauc_ndcg_at_1000_max": 0.392354,
        "nauc_ndcg_at_1000_std": -0.138406,
        "nauc_ndcg_at_1000_diff1": 0.362891,
        "nauc_map_at_1_max": 0.311145,
        "nauc_map_at_1_std": -0.41987,
        "nauc_map_at_1_diff1": 0.676417,
        "nauc_map_at_3_max": 0.277294,
        "nauc_map_at_3_std": -0.488541,
        "nauc_map_at_3_diff1": 0.573784,
        "nauc_map_at_5_max": 0.285148,
        "nauc_map_at_5_std": -0.512885,
        "nauc_map_at_5_diff1": 0.529753,
        "nauc_map_at_10_max": 0.317879,
        "nauc_map_at_10_std": -0.480206,
        "nauc_map_at_10_diff1": 0.46519,
        "nauc_map_at_20_max": 0.356609,
        "nauc_map_at_20_std": -0.383554,
        "nauc_map_at_20_diff1": 0.412336,
        "nauc_map_at_100_max": 0.378242,
        "nauc_map_at_100_std": -0.212105,
        "nauc_map_at_100_diff1": 0.365172,
        "nauc_map_at_1000_max": 0.377261,
        "nauc_map_at_1000_std": -0.208157,
        "nauc_map_at_1000_diff1": 0.363456,
        "nauc_recall_at_1_max": 0.311145,
        "nauc_recall_at_1_std": -0.41987,
        "nauc_recall_at_1_diff1": 0.676417,
        "nauc_recall_at_3_max": 0.244971,
        "nauc_recall_at_3_std": -0.495127,
        "nauc_recall_at_3_diff1": 0.536163,
        "nauc_recall_at_5_max": 0.242372,
        "nauc_recall_at_5_std": -0.537518,
        "nauc_recall_at_5_diff1": 0.494572,
        "nauc_recall_at_10_max": 0.270537,
        "nauc_recall_at_10_std": -0.555351,
        "nauc_recall_at_10_diff1": 0.441762,
        "nauc_recall_at_20_max": 0.292379,
        "nauc_recall_at_20_std": -0.525541,
        "nauc_recall_at_20_diff1": 0.374228,
        "nauc_recall_at_100_max": 0.441303,
        "nauc_recall_at_100_std": 0.118871,
        "nauc_recall_at_100_diff1": 0.285486,
        "nauc_recall_at_1000_max": 0.323888,
        "nauc_recall_at_1000_std": 0.439815,
        "nauc_recall_at_1000_diff1": 0.137307,
        "nauc_precision_at_1_max": 0.414876,
        "nauc_precision_at_1_std": -0.181104,
        "nauc_precision_at_1_diff1": 0.486855,
        "nauc_precision_at_3_max": 0.049379,
        "nauc_precision_at_3_std": 0.144751,
        "nauc_precision_at_3_diff1": -0.248869,
        "nauc_precision_at_5_max": 0.007297,
        "nauc_precision_at_5_std": 0.23973,
        "nauc_precision_at_5_diff1": -0.338683,
        "nauc_precision_at_10_max": 0.003261,
        "nauc_precision_at_10_std": 0.363464,
        "nauc_precision_at_10_diff1": -0.360458,
        "nauc_precision_at_20_max": -0.009305,
        "nauc_precision_at_20_std": 0.466179,
        "nauc_precision_at_20_diff1": -0.362365,
        "nauc_precision_at_100_max": -0.044703,
        "nauc_precision_at_100_std": 0.621162,
        "nauc_precision_at_100_diff1": -0.373312,
        "nauc_precision_at_1000_max": -0.063566,
        "nauc_precision_at_1000_std": 0.615498,
        "nauc_precision_at_1000_diff1": -0.379313,
        "nauc_mrr_at_1_max": 0.414876,
        "nauc_mrr_at_1_std": -0.181104,
        "nauc_mrr_at_1_diff1": 0.486855,
        "nauc_mrr_at_3_max": 0.41067,
        "nauc_mrr_at_3_std": -0.208303,
        "nauc_mrr_at_3_diff1": 0.471344,
        "nauc_mrr_at_5_max": 0.420397,
        "nauc_mrr_at_5_std": -0.19714,
        "nauc_mrr_at_5_diff1": 0.480112,
        "nauc_mrr_at_10_max": 0.421318,
        "nauc_mrr_at_10_std": -0.198758,
        "nauc_mrr_at_10_diff1": 0.479653,
        "nauc_mrr_at_20_max": 0.419694,
        "nauc_mrr_at_20_std": -0.198826,
        "nauc_mrr_at_20_diff1": 0.479842,
        "nauc_mrr_at_100_max": 0.419145,
        "nauc_mrr_at_100_std": -0.197327,
        "nauc_mrr_at_100_diff1": 0.479097,
        "nauc_mrr_at_1000_max": 0.419096,
        "nauc_mrr_at_1000_std": -0.197424,
        "nauc_mrr_at_1000_diff1": 0.479067,
        "hit_rate_at_1": 0.80801,
        "hit_rate_at_3": 0.90401,
        "hit_rate_at_5": 0.92637,
        "hit_rate_at_10": 0.95154,
        "hit_rate_at_20": 0.97018,
        "hit_rate_at_100": 0.99161,
        "hit_rate_at_1000": 0.99534,
        "main_score": 0.77087,
        "hf_subset": "default",
        "languages": [
          "eng-Latn"
        ],
        "mteb_version": "2.18.0"
      }
    ]
  },
  "evaluation_time": 968.5501589959022,
  "kg_co2_emissions": null,
  "date": 1784436151.878669,
  "evaluation_phases": [
    {
      "name": "Data loading",
      "start": 0.0,
      "end": 3.6858075060881674,
      "split": "",
      "subset": ""
    },
    {
      "name": "Encoding queries and documents",
      "start": 3.710265947971493,
      "end": 967.639197943965,
      "split": "test",
      "subset": "default"
    },
    {
      "name": "Scoring",
      "start": 967.6392347840592,
      "end": 968.5154009179678,
      "split": "test",
      "subset": "default"
    }
  ]
}