{
  "dataset_revision": "main",
  "task_name": "BioASQ-RAG-Resplit-ctx-rfg",
  "mteb_version": "2.18.0",
  "scores": {
    "test": [
      {
        "ndcg_at_1": 0.81267,
        "ndcg_at_3": 0.77131,
        "ndcg_at_5": 0.76399,
        "ndcg_at_10": 0.76719,
        "ndcg_at_20": 0.78706,
        "ndcg_at_100": 0.82869,
        "ndcg_at_1000": 0.83987,
        "map_at_1": 0.27601,
        "map_at_3": 0.41779,
        "map_at_5": 0.49463,
        "map_at_10": 0.60075,
        "map_at_20": 0.67238,
        "map_at_100": 0.71867,
        "map_at_1000": 0.72071,
        "recall_at_1": 0.27601,
        "recall_at_3": 0.43758,
        "recall_at_5": 0.53424,
        "recall_at_10": 0.68391,
        "recall_at_20": 0.81019,
        "recall_at_100": 0.9444,
        "recall_at_1000": 0.98872,
        "accuracy": 0.27601,
        "precision_at_1": 0.81267,
        "precision_at_3": 0.62317,
        "precision_at_5": 0.54837,
        "precision_at_10": 0.4343,
        "precision_at_20": 0.30298,
        "precision_at_100": 0.08336,
        "precision_at_1000": 0.00877,
        "mrr_at_1": 0.812675,
        "mrr_at_3": 0.848245,
        "mrr_at_5": 0.855002,
        "mrr_at_10": 0.858899,
        "mrr_at_20": 0.860691,
        "mrr_at_100": 0.861184,
        "mrr_at_1000": 0.861201,
        "nauc_ndcg_at_1_max": 0.36475,
        "nauc_ndcg_at_1_std": -0.153524,
        "nauc_ndcg_at_1_diff1": 0.46233,
        "nauc_ndcg_at_3_max": 0.35472,
        "nauc_ndcg_at_3_std": -0.163724,
        "nauc_ndcg_at_3_diff1": 0.368864,
        "nauc_ndcg_at_5_max": 0.363405,
        "nauc_ndcg_at_5_std": -0.149037,
        "nauc_ndcg_at_5_diff1": 0.359044,
        "nauc_ndcg_at_10_max": 0.360445,
        "nauc_ndcg_at_10_std": -0.184608,
        "nauc_ndcg_at_10_diff1": 0.374516,
        "nauc_ndcg_at_20_max": 0.354796,
        "nauc_ndcg_at_20_std": -0.210879,
        "nauc_ndcg_at_20_diff1": 0.37242,
        "nauc_ndcg_at_100_max": 0.373375,
        "nauc_ndcg_at_100_std": -0.106953,
        "nauc_ndcg_at_100_diff1": 0.355035,
        "nauc_ndcg_at_1000_max": 0.373322,
        "nauc_ndcg_at_1000_std": -0.101269,
        "nauc_ndcg_at_1000_diff1": 0.357953,
        "nauc_map_at_1_max": 0.288735,
        "nauc_map_at_1_std": -0.405968,
        "nauc_map_at_1_diff1": 0.658741,
        "nauc_map_at_3_max": 0.271724,
        "nauc_map_at_3_std": -0.478953,
        "nauc_map_at_3_diff1": 0.58788,
        "nauc_map_at_5_max": 0.281891,
        "nauc_map_at_5_std": -0.492871,
        "nauc_map_at_5_diff1": 0.544418,
        "nauc_map_at_10_max": 0.304954,
        "nauc_map_at_10_std": -0.461605,
        "nauc_map_at_10_diff1": 0.473981,
        "nauc_map_at_20_max": 0.337677,
        "nauc_map_at_20_std": -0.355291,
        "nauc_map_at_20_diff1": 0.417092,
        "nauc_map_at_100_max": 0.353272,
        "nauc_map_at_100_std": -0.186969,
        "nauc_map_at_100_diff1": 0.364687,
        "nauc_map_at_1000_max": 0.353415,
        "nauc_map_at_1000_std": -0.182258,
        "nauc_map_at_1000_diff1": 0.363863,
        "nauc_recall_at_1_max": 0.288735,
        "nauc_recall_at_1_std": -0.405968,
        "nauc_recall_at_1_diff1": 0.658741,
        "nauc_recall_at_3_max": 0.251513,
        "nauc_recall_at_3_std": -0.492013,
        "nauc_recall_at_3_diff1": 0.568054,
        "nauc_recall_at_5_max": 0.25348,
        "nauc_recall_at_5_std": -0.51261,
        "nauc_recall_at_5_diff1": 0.51825,
        "nauc_recall_at_10_max": 0.264946,
        "nauc_recall_at_10_std": -0.527967,
        "nauc_recall_at_10_diff1": 0.449521,
        "nauc_recall_at_20_max": 0.278358,
        "nauc_recall_at_20_std": -0.455876,
        "nauc_recall_at_20_diff1": 0.366467,
        "nauc_recall_at_100_max": 0.341729,
        "nauc_recall_at_100_std": 0.131371,
        "nauc_recall_at_100_diff1": 0.19837,
        "nauc_recall_at_1000_max": 0.219283,
        "nauc_recall_at_1000_std": 0.487078,
        "nauc_recall_at_1000_diff1": 0.005508,
        "nauc_precision_at_1_max": 0.36475,
        "nauc_precision_at_1_std": -0.153524,
        "nauc_precision_at_1_diff1": 0.46233,
        "nauc_precision_at_3_max": 0.073247,
        "nauc_precision_at_3_std": 0.149393,
        "nauc_precision_at_3_diff1": -0.198383,
        "nauc_precision_at_5_max": 0.028472,
        "nauc_precision_at_5_std": 0.260213,
        "nauc_precision_at_5_diff1": -0.311133,
        "nauc_precision_at_10_max": 0.002499,
        "nauc_precision_at_10_std": 0.368419,
        "nauc_precision_at_10_diff1": -0.358074,
        "nauc_precision_at_20_max": -0.011084,
        "nauc_precision_at_20_std": 0.483179,
        "nauc_precision_at_20_diff1": -0.369155,
        "nauc_precision_at_100_max": -0.0435,
        "nauc_precision_at_100_std": 0.621709,
        "nauc_precision_at_100_diff1": -0.37778,
        "nauc_precision_at_1000_max": -0.054166,
        "nauc_precision_at_1000_std": 0.620441,
        "nauc_precision_at_1000_diff1": -0.378355,
        "nauc_mrr_at_1_max": 0.36475,
        "nauc_mrr_at_1_std": -0.153524,
        "nauc_mrr_at_1_diff1": 0.46233,
        "nauc_mrr_at_3_max": 0.376263,
        "nauc_mrr_at_3_std": -0.150751,
        "nauc_mrr_at_3_diff1": 0.466199,
        "nauc_mrr_at_5_max": 0.383493,
        "nauc_mrr_at_5_std": -0.140306,
        "nauc_mrr_at_5_diff1": 0.463826,
        "nauc_mrr_at_10_max": 0.384767,
        "nauc_mrr_at_10_std": -0.141718,
        "nauc_mrr_at_10_diff1": 0.462574,
        "nauc_mrr_at_20_max": 0.383071,
        "nauc_mrr_at_20_std": -0.140233,
        "nauc_mrr_at_20_diff1": 0.462182,
        "nauc_mrr_at_100_max": 0.382591,
        "nauc_mrr_at_100_std": -0.140878,
        "nauc_mrr_at_100_diff1": 0.46247,
        "nauc_mrr_at_1000_max": 0.382523,
        "nauc_mrr_at_1000_std": -0.140985,
        "nauc_mrr_at_1000_diff1": 0.462422,
        "hit_rate_at_1": 0.81267,
        "hit_rate_at_3": 0.89096,
        "hit_rate_at_5": 0.92078,
        "hit_rate_at_10": 0.94781,
        "hit_rate_at_20": 0.9739,
        "hit_rate_at_100": 0.98975,
        "hit_rate_at_1000": 0.99627,
        "main_score": 0.76719,
        "hf_subset": "default",
        "languages": [
          "eng-Latn"
        ],
        "mteb_version": "2.18.0"
      }
    ]
  },
  "evaluation_time": 971.8504384700209,
  "kg_co2_emissions": null,
  "date": 1784434110.794528,
  "evaluation_phases": [
    {
      "name": "Data loading",
      "start": 0.0,
      "end": 3.684751020045951,
      "split": "",
      "subset": ""
    },
    {
      "name": "Encoding queries and documents",
      "start": 3.7120184891391546,
      "end": 970.9456136811059,
      "split": "test",
      "subset": "default"
    },
    {
      "name": "Scoring",
      "start": 970.9456598800607,
      "end": 971.8125444902107,
      "split": "test",
      "subset": "default"
    }
  ]
}