{
  "dataset_revision": "main",
  "task_name": "QASPER-RAG-ctx-k3",
  "mteb_version": "2.18.0",
  "scores": {
    "test": [
      {
        "ndcg_at_1": 0.49695,
        "ndcg_at_3": 0.54922,
        "ndcg_at_5": 0.57839,
        "ndcg_at_10": 0.61961,
        "ndcg_at_20": 0.65828,
        "ndcg_at_100": 0.69341,
        "ndcg_at_1000": 0.69386,
        "map_at_1": 0.29893,
        "map_at_3": 0.45167,
        "map_at_5": 0.49204,
        "map_at_10": 0.5251,
        "map_at_20": 0.54549,
        "map_at_100": 0.55872,
        "map_at_1000": 0.55881,
        "recall_at_1": 0.29893,
        "recall_at_3": 0.55158,
        "recall_at_5": 0.64325,
        "recall_at_10": 0.75845,
        "recall_at_20": 0.87435,
        "recall_at_100": 0.99816,
        "recall_at_1000": 1.0,
        "accuracy": 0.29893,
        "precision_at_1": 0.49695,
        "precision_at_3": 0.34351,
        "precision_at_5": 0.25908,
        "precision_at_10": 0.16756,
        "precision_at_20": 0.10397,
        "precision_at_100": 0.02609,
        "precision_at_1000": 0.00262,
        "mrr_at_1": 0.496947,
        "mrr_at_3": 0.608397,
        "mrr_at_5": 0.623092,
        "mrr_at_10": 0.634438,
        "mrr_at_20": 0.638562,
        "mrr_at_100": 0.640106,
        "mrr_at_1000": 0.640106,
        "nauc_ndcg_at_1_max": 0.21834,
        "nauc_ndcg_at_1_std": -0.142464,
        "nauc_ndcg_at_1_diff1": 0.318454,
        "nauc_ndcg_at_3_max": 0.149758,
        "nauc_ndcg_at_3_std": -0.234582,
        "nauc_ndcg_at_3_diff1": 0.239591,
        "nauc_ndcg_at_5_max": 0.151122,
        "nauc_ndcg_at_5_std": -0.275874,
        "nauc_ndcg_at_5_diff1": 0.260296,
        "nauc_ndcg_at_10_max": 0.149969,
        "nauc_ndcg_at_10_std": -0.286454,
        "nauc_ndcg_at_10_diff1": 0.265806,
        "nauc_ndcg_at_20_max": 0.166757,
        "nauc_ndcg_at_20_std": -0.288874,
        "nauc_ndcg_at_20_diff1": 0.261029,
        "nauc_ndcg_at_100_max": 0.168005,
        "nauc_ndcg_at_100_std": -0.241131,
        "nauc_ndcg_at_100_diff1": 0.269781,
        "nauc_ndcg_at_1000_max": 0.167554,
        "nauc_ndcg_at_1000_std": -0.240351,
        "nauc_ndcg_at_1000_diff1": 0.269806,
        "nauc_map_at_1_max": 0.153796,
        "nauc_map_at_1_std": -0.1515,
        "nauc_map_at_1_diff1": 0.363306,
        "nauc_map_at_3_max": 0.147352,
        "nauc_map_at_3_std": -0.223514,
        "nauc_map_at_3_diff1": 0.272242,
        "nauc_map_at_5_max": 0.148504,
        "nauc_map_at_5_std": -0.25129,
        "nauc_map_at_5_diff1": 0.268802,
        "nauc_map_at_10_max": 0.150194,
        "nauc_map_at_10_std": -0.260205,
        "nauc_map_at_10_diff1": 0.265482,
        "nauc_map_at_20_max": 0.15819,
        "nauc_map_at_20_std": -0.258365,
        "nauc_map_at_20_diff1": 0.260713,
        "nauc_map_at_100_max": 0.162636,
        "nauc_map_at_100_std": -0.243868,
        "nauc_map_at_100_diff1": 0.26492,
        "nauc_map_at_1000_max": 0.162624,
        "nauc_map_at_1000_std": -0.243792,
        "nauc_map_at_1000_diff1": 0.264952,
        "nauc_recall_at_1_max": 0.153796,
        "nauc_recall_at_1_std": -0.1515,
        "nauc_recall_at_1_diff1": 0.363306,
        "nauc_recall_at_3_max": 0.092376,
        "nauc_recall_at_3_std": -0.26662,
        "nauc_recall_at_3_diff1": 0.199609,
        "nauc_recall_at_5_max": 0.083872,
        "nauc_recall_at_5_std": -0.353632,
        "nauc_recall_at_5_diff1": 0.217382,
        "nauc_recall_at_10_max": 0.061218,
        "nauc_recall_at_10_std": -0.41806,
        "nauc_recall_at_10_diff1": 0.2118,
        "nauc_recall_at_20_max": 0.139994,
        "nauc_recall_at_20_std": -0.567471,
        "nauc_recall_at_20_diff1": 0.181415,
        "nauc_recall_at_100_max": 0.336385,
        "nauc_recall_at_100_std": -0.626689,
        "nauc_recall_at_100_diff1": 0.195726,
        "nauc_recall_at_1000_max": NaN,
        "nauc_recall_at_1000_std": NaN,
        "nauc_recall_at_1000_diff1": NaN,
        "nauc_precision_at_1_max": 0.21834,
        "nauc_precision_at_1_std": -0.142464,
        "nauc_precision_at_1_diff1": 0.318454,
        "nauc_precision_at_3_max": 0.112265,
        "nauc_precision_at_3_std": -0.166,
        "nauc_precision_at_3_diff1": 0.010622,
        "nauc_precision_at_5_max": 0.078394,
        "nauc_precision_at_5_std": -0.163733,
        "nauc_precision_at_5_diff1": -0.013927,
        "nauc_precision_at_10_max": 0.056042,
        "nauc_precision_at_10_std": -0.083165,
        "nauc_precision_at_10_diff1": -0.060796,
        "nauc_precision_at_20_max": 0.057411,
        "nauc_precision_at_20_std": 0.009618,
        "nauc_precision_at_20_diff1": -0.104713,
        "nauc_precision_at_100_max": 0.045775,
        "nauc_precision_at_100_std": 0.163565,
        "nauc_precision_at_100_diff1": -0.091297,
        "nauc_precision_at_1000_max": 0.044053,
        "nauc_precision_at_1000_std": 0.164189,
        "nauc_precision_at_1000_diff1": -0.091076,
        "nauc_mrr_at_1_max": 0.21834,
        "nauc_mrr_at_1_std": -0.142464,
        "nauc_mrr_at_1_diff1": 0.318454,
        "nauc_mrr_at_3_max": 0.17888,
        "nauc_mrr_at_3_std": -0.202827,
        "nauc_mrr_at_3_diff1": 0.277707,
        "nauc_mrr_at_5_max": 0.177366,
        "nauc_mrr_at_5_std": -0.21499,
        "nauc_mrr_at_5_diff1": 0.287653,
        "nauc_mrr_at_10_max": 0.17816,
        "nauc_mrr_at_10_std": -0.20913,
        "nauc_mrr_at_10_diff1": 0.287346,
        "nauc_mrr_at_20_max": 0.183391,
        "nauc_mrr_at_20_std": -0.208397,
        "nauc_mrr_at_20_diff1": 0.288894,
        "nauc_mrr_at_100_max": 0.182533,
        "nauc_mrr_at_100_std": -0.205863,
        "nauc_mrr_at_100_diff1": 0.28901,
        "nauc_mrr_at_1000_max": 0.182533,
        "nauc_mrr_at_1000_std": -0.205863,
        "nauc_mrr_at_1000_diff1": 0.28901,
        "hit_rate_at_1": 0.49695,
        "hit_rate_at_3": 0.74733,
        "hit_rate_at_5": 0.81069,
        "hit_rate_at_10": 0.89313,
        "hit_rate_at_20": 0.95344,
        "hit_rate_at_100": 1.0,
        "hit_rate_at_1000": 1.0,
        "main_score": 0.61961,
        "hf_subset": "default",
        "languages": [
          "eng-Latn"
        ],
        "mteb_version": "2.18.0"
      }
    ]
  },
  "evaluation_time": 198.43026533490047,
  "kg_co2_emissions": null,
  "date": 1783996186.674931,
  "evaluation_phases": [
    {
      "name": "Data loading",
      "start": 0.0,
      "end": 2.3441019689198583,
      "split": "",
      "subset": ""
    },
    {
      "name": "Encoding queries and documents",
      "start": 2.3556904569268227,
      "end": 197.19346310198307,
      "split": "test",
      "subset": "default"
    },
    {
      "name": "Scoring",
      "start": 197.19348635792267,
      "end": 198.39126258296892,
      "split": "test",
      "subset": "default"
    }
  ]
}