{
  "dataset_revision": "main",
  "task_name": "NarrativeQA-RAG",
  "mteb_version": "2.18.0",
  "scores": {
    "test": [
      {
        "ndcg_at_1": 0.6429,
        "ndcg_at_3": 0.71505,
        "ndcg_at_5": 0.73094,
        "ndcg_at_10": 0.74365,
        "ndcg_at_20": 0.75334,
        "ndcg_at_100": 0.76459,
        "ndcg_at_1000": 0.77144,
        "map_at_1": 0.6429,
        "map_at_3": 0.69778,
        "map_at_5": 0.70659,
        "map_at_10": 0.71187,
        "map_at_20": 0.71457,
        "map_at_100": 0.71613,
        "map_at_1000": 0.71638,
        "recall_at_1": 0.6429,
        "recall_at_3": 0.76486,
        "recall_at_5": 0.80342,
        "recall_at_10": 0.84254,
        "recall_at_20": 0.88062,
        "recall_at_100": 0.94122,
        "recall_at_1000": 0.99542,
        "accuracy": 0.6429,
        "precision_at_1": 0.6429,
        "precision_at_3": 0.25495,
        "precision_at_5": 0.16068,
        "precision_at_10": 0.08425,
        "precision_at_20": 0.04403,
        "precision_at_100": 0.00941,
        "precision_at_1000": 0.001,
        "mrr_at_1": 0.642905,
        "mrr_at_3": 0.697777,
        "mrr_at_5": 0.706594,
        "mrr_at_10": 0.711874,
        "mrr_at_20": 0.714571,
        "mrr_at_100": 0.716129,
        "mrr_at_1000": 0.716383,
        "nauc_ndcg_at_1_max": 0.671282,
        "nauc_ndcg_at_1_std": 0.148698,
        "nauc_ndcg_at_1_diff1": 0.810526,
        "nauc_ndcg_at_3_max": 0.692844,
        "nauc_ndcg_at_3_std": 0.180332,
        "nauc_ndcg_at_3_diff1": 0.770053,
        "nauc_ndcg_at_5_max": 0.691495,
        "nauc_ndcg_at_5_std": 0.18661,
        "nauc_ndcg_at_5_diff1": 0.765827,
        "nauc_ndcg_at_10_max": 0.691166,
        "nauc_ndcg_at_10_std": 0.187246,
        "nauc_ndcg_at_10_diff1": 0.766634,
        "nauc_ndcg_at_20_max": 0.689575,
        "nauc_ndcg_at_20_std": 0.19186,
        "nauc_ndcg_at_20_diff1": 0.766508,
        "nauc_ndcg_at_100_max": 0.6903,
        "nauc_ndcg_at_100_std": 0.196638,
        "nauc_ndcg_at_100_diff1": 0.770474,
        "nauc_ndcg_at_1000_max": 0.688597,
        "nauc_ndcg_at_1000_std": 0.18816,
        "nauc_ndcg_at_1000_diff1": 0.773205,
        "nauc_map_at_1_max": 0.671282,
        "nauc_map_at_1_std": 0.148698,
        "nauc_map_at_1_diff1": 0.810526,
        "nauc_map_at_3_max": 0.687452,
        "nauc_map_at_3_std": 0.172459,
        "nauc_map_at_3_diff1": 0.780371,
        "nauc_map_at_5_max": 0.686567,
        "nauc_map_at_5_std": 0.175596,
        "nauc_map_at_5_diff1": 0.778399,
        "nauc_map_at_10_max": 0.686373,
        "nauc_map_at_10_std": 0.175535,
        "nauc_map_at_10_diff1": 0.77895,
        "nauc_map_at_20_max": 0.685927,
        "nauc_map_at_20_std": 0.176601,
        "nauc_map_at_20_diff1": 0.779029,
        "nauc_map_at_100_max": 0.685945,
        "nauc_map_at_100_std": 0.17713,
        "nauc_map_at_100_diff1": 0.779491,
        "nauc_map_at_1000_max": 0.68589,
        "nauc_map_at_1000_std": 0.176894,
        "nauc_map_at_1000_diff1": 0.779593,
        "nauc_recall_at_1_max": 0.671282,
        "nauc_recall_at_1_std": 0.148698,
        "nauc_recall_at_1_diff1": 0.810526,
        "nauc_recall_at_3_max": 0.711349,
        "nauc_recall_at_3_std": 0.20733,
        "nauc_recall_at_3_diff1": 0.734539,
        "nauc_recall_at_5_max": 0.710308,
        "nauc_recall_at_5_std": 0.230312,
        "nauc_recall_at_5_diff1": 0.716339,
        "nauc_recall_at_10_max": 0.71289,
        "nauc_recall_at_10_std": 0.243937,
        "nauc_recall_at_10_diff1": 0.708698,
        "nauc_recall_at_20_max": 0.707769,
        "nauc_recall_at_20_std": 0.292312,
        "nauc_recall_at_20_diff1": 0.691517,
        "nauc_recall_at_100_max": 0.741235,
        "nauc_recall_at_100_std": 0.475577,
        "nauc_recall_at_100_diff1": 0.695641,
        "nauc_recall_at_1000_max": 0.756307,
        "nauc_recall_at_1000_std": 0.792965,
        "nauc_recall_at_1000_diff1": 0.707013,
        "nauc_precision_at_1_max": 0.671282,
        "nauc_precision_at_1_std": 0.148698,
        "nauc_precision_at_1_diff1": 0.810526,
        "nauc_precision_at_3_max": 0.711349,
        "nauc_precision_at_3_std": 0.20733,
        "nauc_precision_at_3_diff1": 0.734539,
        "nauc_precision_at_5_max": 0.710308,
        "nauc_precision_at_5_std": 0.230312,
        "nauc_precision_at_5_diff1": 0.716339,
        "nauc_precision_at_10_max": 0.71289,
        "nauc_precision_at_10_std": 0.243937,
        "nauc_precision_at_10_diff1": 0.708698,
        "nauc_precision_at_20_max": 0.707769,
        "nauc_precision_at_20_std": 0.292312,
        "nauc_precision_at_20_diff1": 0.691517,
        "nauc_precision_at_100_max": 0.741235,
        "nauc_precision_at_100_std": 0.475577,
        "nauc_precision_at_100_diff1": 0.695641,
        "nauc_precision_at_1000_max": 0.756307,
        "nauc_precision_at_1000_std": 0.792965,
        "nauc_precision_at_1000_diff1": 0.707013,
        "nauc_mrr_at_1_max": 0.671282,
        "nauc_mrr_at_1_std": 0.148698,
        "nauc_mrr_at_1_diff1": 0.810526,
        "nauc_mrr_at_3_max": 0.687452,
        "nauc_mrr_at_3_std": 0.172459,
        "nauc_mrr_at_3_diff1": 0.780371,
        "nauc_mrr_at_5_max": 0.686567,
        "nauc_mrr_at_5_std": 0.175596,
        "nauc_mrr_at_5_diff1": 0.778399,
        "nauc_mrr_at_10_max": 0.686373,
        "nauc_mrr_at_10_std": 0.175535,
        "nauc_mrr_at_10_diff1": 0.77895,
        "nauc_mrr_at_20_max": 0.685927,
        "nauc_mrr_at_20_std": 0.176601,
        "nauc_mrr_at_20_diff1": 0.779029,
        "nauc_mrr_at_100_max": 0.685945,
        "nauc_mrr_at_100_std": 0.17713,
        "nauc_mrr_at_100_diff1": 0.779491,
        "nauc_mrr_at_1000_max": 0.68589,
        "nauc_mrr_at_1000_std": 0.176894,
        "nauc_mrr_at_1000_diff1": 0.779593,
        "hit_rate_at_1": 0.6429,
        "hit_rate_at_3": 0.76486,
        "hit_rate_at_5": 0.80342,
        "hit_rate_at_10": 0.84254,
        "hit_rate_at_20": 0.88062,
        "hit_rate_at_100": 0.94122,
        "hit_rate_at_1000": 0.99542,
        "main_score": 0.74365,
        "hf_subset": "default",
        "languages": [
          "eng-Latn"
        ],
        "mteb_version": "2.18.0"
      }
    ]
  },
  "evaluation_time": 47.79034311696887,
  "kg_co2_emissions": null,
  "date": 1783919106.212099,
  "evaluation_phases": [
    {
      "name": "Data loading",
      "start": 0.0,
      "end": 3.575560803990811,
      "split": "",
      "subset": ""
    },
    {
      "name": "Encoding queries and documents",
      "start": 3.66020960197784,
      "end": 39.45681994094048,
      "split": "test",
      "subset": "default"
    },
    {
      "name": "Scoring",
      "start": 39.45686225197278,
      "end": 47.60723642795347,
      "split": "test",
      "subset": "default"
    }
  ]
}