{
  "dataset_revision": "main",
  "task_name": "QASPER-RAG-ctx-rfg",
  "mteb_version": "2.18.0",
  "scores": {
    "test": [
      {
        "ndcg_at_1": 0.24275,
        "ndcg_at_3": 0.22882,
        "ndcg_at_5": 0.23514,
        "ndcg_at_10": 0.25024,
        "ndcg_at_20": 0.26744,
        "ndcg_at_100": 0.29759,
        "ndcg_at_1000": 0.32069,
        "map_at_1": 0.14141,
        "map_at_3": 0.18137,
        "map_at_5": 0.19359,
        "map_at_10": 0.20499,
        "map_at_20": 0.21175,
        "map_at_100": 0.2181,
        "map_at_1000": 0.21925,
        "recall_at_1": 0.14141,
        "recall_at_3": 0.20987,
        "recall_at_5": 0.24287,
        "recall_at_10": 0.29426,
        "recall_at_20": 0.35117,
        "recall_at_100": 0.47923,
        "recall_at_1000": 0.62556,
        "accuracy": 0.14141,
        "precision_at_1": 0.24275,
        "precision_at_3": 0.13613,
        "precision_at_5": 0.10061,
        "precision_at_10": 0.06412,
        "precision_at_20": 0.03947,
        "precision_at_100": 0.01179,
        "precision_at_1000": 0.00158,
        "mrr_at_1": 0.242748,
        "mrr_at_3": 0.27799,
        "mrr_at_5": 0.285814,
        "mrr_at_10": 0.293128,
        "mrr_at_20": 0.297056,
        "mrr_at_100": 0.299744,
        "mrr_at_1000": 0.300241,
        "nauc_ndcg_at_1_max": 0.546556,
        "nauc_ndcg_at_1_std": 0.054744,
        "nauc_ndcg_at_1_diff1": 0.608667,
        "nauc_ndcg_at_3_max": 0.517409,
        "nauc_ndcg_at_3_std": 0.042683,
        "nauc_ndcg_at_3_diff1": 0.563027,
        "nauc_ndcg_at_5_max": 0.513037,
        "nauc_ndcg_at_5_std": 0.035372,
        "nauc_ndcg_at_5_diff1": 0.560051,
        "nauc_ndcg_at_10_max": 0.525512,
        "nauc_ndcg_at_10_std": 0.045624,
        "nauc_ndcg_at_10_diff1": 0.560342,
        "nauc_ndcg_at_20_max": 0.543099,
        "nauc_ndcg_at_20_std": 0.059117,
        "nauc_ndcg_at_20_diff1": 0.55752,
        "nauc_ndcg_at_100_max": 0.575452,
        "nauc_ndcg_at_100_std": 0.092256,
        "nauc_ndcg_at_100_diff1": 0.573893,
        "nauc_ndcg_at_1000_max": 0.583443,
        "nauc_ndcg_at_1000_std": 0.089665,
        "nauc_ndcg_at_1000_diff1": 0.584598,
        "nauc_map_at_1_max": 0.443727,
        "nauc_map_at_1_std": 0.010308,
        "nauc_map_at_1_diff1": 0.560976,
        "nauc_map_at_3_max": 0.469246,
        "nauc_map_at_3_std": 0.028175,
        "nauc_map_at_3_diff1": 0.54336,
        "nauc_map_at_5_max": 0.481329,
        "nauc_map_at_5_std": 0.025269,
        "nauc_map_at_5_diff1": 0.546199,
        "nauc_map_at_10_max": 0.495513,
        "nauc_map_at_10_std": 0.034068,
        "nauc_map_at_10_diff1": 0.548919,
        "nauc_map_at_20_max": 0.505131,
        "nauc_map_at_20_std": 0.041873,
        "nauc_map_at_20_diff1": 0.549347,
        "nauc_map_at_100_max": 0.517505,
        "nauc_map_at_100_std": 0.054721,
        "nauc_map_at_100_diff1": 0.555614,
        "nauc_map_at_1000_max": 0.518446,
        "nauc_map_at_1000_std": 0.055205,
        "nauc_map_at_1000_diff1": 0.556082,
        "nauc_recall_at_1_max": 0.443727,
        "nauc_recall_at_1_std": 0.010308,
        "nauc_recall_at_1_diff1": 0.560976,
        "nauc_recall_at_3_max": 0.445171,
        "nauc_recall_at_3_std": 0.025798,
        "nauc_recall_at_3_diff1": 0.513503,
        "nauc_recall_at_5_max": 0.453747,
        "nauc_recall_at_5_std": 0.017427,
        "nauc_recall_at_5_diff1": 0.507238,
        "nauc_recall_at_10_max": 0.486163,
        "nauc_recall_at_10_std": 0.038867,
        "nauc_recall_at_10_diff1": 0.502467,
        "nauc_recall_at_20_max": 0.524579,
        "nauc_recall_at_20_std": 0.069434,
        "nauc_recall_at_20_diff1": 0.483184,
        "nauc_recall_at_100_max": 0.620028,
        "nauc_recall_at_100_std": 0.174556,
        "nauc_recall_at_100_diff1": 0.527531,
        "nauc_recall_at_1000_max": 0.678392,
        "nauc_recall_at_1000_std": 0.164463,
        "nauc_recall_at_1000_diff1": 0.599724,
        "nauc_precision_at_1_max": 0.546556,
        "nauc_precision_at_1_std": 0.054744,
        "nauc_precision_at_1_diff1": 0.608667,
        "nauc_precision_at_3_max": 0.553376,
        "nauc_precision_at_3_std": 0.077917,
        "nauc_precision_at_3_diff1": 0.515842,
        "nauc_precision_at_5_max": 0.543379,
        "nauc_precision_at_5_std": 0.07355,
        "nauc_precision_at_5_diff1": 0.482405,
        "nauc_precision_at_10_max": 0.551394,
        "nauc_precision_at_10_std": 0.111234,
        "nauc_precision_at_10_diff1": 0.460126,
        "nauc_precision_at_20_max": 0.571367,
        "nauc_precision_at_20_std": 0.160329,
        "nauc_precision_at_20_diff1": 0.435176,
        "nauc_precision_at_100_max": 0.589133,
        "nauc_precision_at_100_std": 0.280236,
        "nauc_precision_at_100_diff1": 0.423993,
        "nauc_precision_at_1000_max": 0.515871,
        "nauc_precision_at_1000_std": 0.222803,
        "nauc_precision_at_1000_diff1": 0.384127,
        "nauc_mrr_at_1_max": 0.546556,
        "nauc_mrr_at_1_std": 0.054744,
        "nauc_mrr_at_1_diff1": 0.608667,
        "nauc_mrr_at_3_max": 0.548791,
        "nauc_mrr_at_3_std": 0.056408,
        "nauc_mrr_at_3_diff1": 0.594993,
        "nauc_mrr_at_5_max": 0.549203,
        "nauc_mrr_at_5_std": 0.054587,
        "nauc_mrr_at_5_diff1": 0.594172,
        "nauc_mrr_at_10_max": 0.552747,
        "nauc_mrr_at_10_std": 0.055787,
        "nauc_mrr_at_10_diff1": 0.594053,
        "nauc_mrr_at_20_max": 0.55581,
        "nauc_mrr_at_20_std": 0.055658,
        "nauc_mrr_at_20_diff1": 0.592903,
        "nauc_mrr_at_100_max": 0.557307,
        "nauc_mrr_at_100_std": 0.057182,
        "nauc_mrr_at_100_diff1": 0.593725,
        "nauc_mrr_at_1000_max": 0.557398,
        "nauc_mrr_at_1000_std": 0.057164,
        "nauc_mrr_at_1000_diff1": 0.593952,
        "hit_rate_at_1": 0.24275,
        "hit_rate_at_3": 0.32214,
        "hit_rate_at_5": 0.35725,
        "hit_rate_at_10": 0.41145,
        "hit_rate_at_20": 0.4687,
        "hit_rate_at_100": 0.5855,
        "hit_rate_at_1000": 0.7084,
        "main_score": 0.25024,
        "hf_subset": "default",
        "languages": [
          "eng-Latn"
        ],
        "mteb_version": "2.18.0"
      }
    ]
  },
  "evaluation_time": 156.15326073090546,
  "kg_co2_emissions": null,
  "date": 1784438205.317741,
  "evaluation_phases": [
    {
      "name": "Data loading",
      "start": 0.0,
      "end": 3.6748747029341757,
      "split": "",
      "subset": ""
    },
    {
      "name": "Encoding queries and documents",
      "start": 3.689017462078482,
      "end": 154.90505342907272,
      "split": "test",
      "subset": "default"
    },
    {
      "name": "Scoring",
      "start": 154.9050832008943,
      "end": 156.1083346880041,
      "split": "test",
      "subset": "default"
    }
  ]
}