{
  "dataset_revision": "main",
  "task_name": "BioASQ-RAG-Resplit",
  "mteb_version": "2.16.3",
  "scores": {
    "test": [
      {
        "ndcg_at_1": 0.83131,
        "ndcg_at_3": 0.82352,
        "ndcg_at_5": 0.82031,
        "ndcg_at_10": 0.82647,
        "ndcg_at_20": 0.84799,
        "ndcg_at_100": 0.87912,
        "ndcg_at_1000": 0.88329,
        "map_at_1": 0.284,
        "map_at_3": 0.45407,
        "map_at_5": 0.54339,
        "map_at_10": 0.66344,
        "map_at_20": 0.74501,
        "map_at_100": 0.78931,
        "map_at_1000": 0.79039,
        "recall_at_1": 0.284,
        "recall_at_3": 0.48101,
        "recall_at_5": 0.59376,
        "recall_at_10": 0.75084,
        "recall_at_20": 0.87668,
        "recall_at_100": 0.98235,
        "recall_at_1000": 0.99677,
        "accuracy": 0.284,
        "precision_at_1": 0.83131,
        "precision_at_3": 0.67785,
        "precision_at_5": 0.59627,
        "precision_at_10": 0.47213,
        "precision_at_20": 0.32866,
        "precision_at_100": 0.08628,
        "precision_at_1000": 0.00882,
        "mrr_at_1": 0.831314,
        "mrr_at_3": 0.876514,
        "mrr_at_5": 0.88383,
        "mrr_at_10": 0.886311,
        "mrr_at_20": 0.887063,
        "mrr_at_100": 0.887298,
        "mrr_at_1000": 0.887298,
        "nauc_ndcg_at_1_max": 0.241497,
        "nauc_ndcg_at_1_std": -0.320721,
        "nauc_ndcg_at_1_diff1": 0.422893,
        "nauc_ndcg_at_3_max": 0.291015,
        "nauc_ndcg_at_3_std": -0.313511,
        "nauc_ndcg_at_3_diff1": 0.380552,
        "nauc_ndcg_at_5_max": 0.290038,
        "nauc_ndcg_at_5_std": -0.328354,
        "nauc_ndcg_at_5_diff1": 0.371162,
        "nauc_ndcg_at_10_max": 0.315506,
        "nauc_ndcg_at_10_std": -0.368968,
        "nauc_ndcg_at_10_diff1": 0.392322,
        "nauc_ndcg_at_20_max": 0.318912,
        "nauc_ndcg_at_20_std": -0.400037,
        "nauc_ndcg_at_20_diff1": 0.399958,
        "nauc_ndcg_at_100_max": 0.351721,
        "nauc_ndcg_at_100_std": -0.26859,
        "nauc_ndcg_at_100_diff1": 0.367648,
        "nauc_ndcg_at_1000_max": 0.342733,
        "nauc_ndcg_at_1000_std": -0.262825,
        "nauc_ndcg_at_1000_diff1": 0.366938,
        "nauc_map_at_1_max": -0.110233,
        "nauc_map_at_1_std": -0.456238,
        "nauc_map_at_1_diff1": 0.73453,
        "nauc_map_at_3_max": -0.09288,
        "nauc_map_at_3_std": -0.551787,
        "nauc_map_at_3_diff1": 0.663427,
        "nauc_map_at_5_max": -0.050437,
        "nauc_map_at_5_std": -0.605269,
        "nauc_map_at_5_diff1": 0.615478,
        "nauc_map_at_10_max": 0.08276,
        "nauc_map_at_10_std": -0.621159,
        "nauc_map_at_10_diff1": 0.530183,
        "nauc_map_at_20_max": 0.225241,
        "nauc_map_at_20_std": -0.533226,
        "nauc_map_at_20_diff1": 0.45317,
        "nauc_map_at_100_max": 0.318997,
        "nauc_map_at_100_std": -0.33448,
        "nauc_map_at_100_diff1": 0.384692,
        "nauc_map_at_1000_max": 0.31794,
        "nauc_map_at_1000_std": -0.331301,
        "nauc_map_at_1000_diff1": 0.383446,
        "nauc_recall_at_1_max": -0.110233,
        "nauc_recall_at_1_std": -0.456238,
        "nauc_recall_at_1_diff1": 0.73453,
        "nauc_recall_at_3_max": -0.11489,
        "nauc_recall_at_3_std": -0.567472,
        "nauc_recall_at_3_diff1": 0.643738,
        "nauc_recall_at_5_max": -0.095681,
        "nauc_recall_at_5_std": -0.649832,
        "nauc_recall_at_5_diff1": 0.595071,
        "nauc_recall_at_10_max": 0.005978,
        "nauc_recall_at_10_std": -0.745884,
        "nauc_recall_at_10_diff1": 0.517674,
        "nauc_recall_at_20_max": 0.15305,
        "nauc_recall_at_20_std": -0.791234,
        "nauc_recall_at_20_diff1": 0.458842,
        "nauc_recall_at_100_max": 0.543831,
        "nauc_recall_at_100_std": -0.068374,
        "nauc_recall_at_100_diff1": 0.16184,
        "nauc_recall_at_1000_max": 0.468225,
        "nauc_recall_at_1000_std": 0.250862,
        "nauc_recall_at_1000_diff1": -0.083596,
        "nauc_precision_at_1_max": 0.241497,
        "nauc_precision_at_1_std": -0.320721,
        "nauc_precision_at_1_diff1": 0.422893,
        "nauc_precision_at_3_max": 0.293801,
        "nauc_precision_at_3_std": 0.139792,
        "nauc_precision_at_3_diff1": -0.373489,
        "nauc_precision_at_5_max": 0.307794,
        "nauc_precision_at_5_std": 0.24176,
        "nauc_precision_at_5_diff1": -0.465934,
        "nauc_precision_at_10_max": 0.32934,
        "nauc_precision_at_10_std": 0.36366,
        "nauc_precision_at_10_diff1": -0.485374,
        "nauc_precision_at_20_max": 0.302713,
        "nauc_precision_at_20_std": 0.485434,
        "nauc_precision_at_20_diff1": -0.467172,
        "nauc_precision_at_100_max": 0.237786,
        "nauc_precision_at_100_std": 0.634975,
        "nauc_precision_at_100_diff1": -0.458636,
        "nauc_precision_at_1000_max": 0.221001,
        "nauc_precision_at_1000_std": 0.635502,
        "nauc_precision_at_1000_diff1": -0.45856,
        "nauc_mrr_at_1_max": 0.241497,
        "nauc_mrr_at_1_std": -0.320721,
        "nauc_mrr_at_1_diff1": 0.422893,
        "nauc_mrr_at_3_max": 0.285935,
        "nauc_mrr_at_3_std": -0.333993,
        "nauc_mrr_at_3_diff1": 0.43476,
        "nauc_mrr_at_5_max": 0.291268,
        "nauc_mrr_at_5_std": -0.327988,
        "nauc_mrr_at_5_diff1": 0.43648,
        "nauc_mrr_at_10_max": 0.288809,
        "nauc_mrr_at_10_std": -0.328354,
        "nauc_mrr_at_10_diff1": 0.433093,
        "nauc_mrr_at_20_max": 0.287242,
        "nauc_mrr_at_20_std": -0.324791,
        "nauc_mrr_at_20_diff1": 0.432494,
        "nauc_mrr_at_100_max": 0.286525,
        "nauc_mrr_at_100_std": -0.324257,
        "nauc_mrr_at_100_diff1": 0.432019,
        "nauc_mrr_at_1000_max": 0.286525,
        "nauc_mrr_at_1000_std": -0.324257,
        "nauc_mrr_at_1000_diff1": 0.432019,
        "hit_rate_at_1": 0.83131,
        "hit_rate_at_3": 0.9301,
        "hit_rate_at_5": 0.96272,
        "hit_rate_at_10": 0.98136,
        "hit_rate_at_20": 0.99161,
        "hit_rate_at_100": 0.99907,
        "hit_rate_at_1000": 0.99907,
        "main_score": 0.82647,
        "hf_subset": "default",
        "languages": [
          "eng-Latn"
        ],
        "mteb_version": "2.16.3"
      }
    ]
  },
  "evaluation_time": 322.69925353096914,
  "kg_co2_emissions": null,
  "date": 1783621995.415536,
  "evaluation_phases": [
    {
      "name": "Data loading",
      "start": 0.0,
      "end": 4.597813529981067,
      "split": "",
      "subset": ""
    },
    {
      "name": "Encoding queries and documents",
      "start": 4.621484563976992,
      "end": 321.80258697798126,
      "split": "test",
      "subset": "default"
    },
    {
      "name": "Scoring",
      "start": 321.80262703998596,
      "end": 322.6625630699855,
      "split": "test",
      "subset": "default"
    }
  ]
}