{
  "dataset_revision": "main",
  "task_name": "BioASQ-RAG-Resplit",
  "mteb_version": "2.18.0",
  "scores": {
    "test": [
      {
        "ndcg_at_1": 0.83038,
        "ndcg_at_3": 0.8228,
        "ndcg_at_5": 0.82052,
        "ndcg_at_10": 0.82635,
        "ndcg_at_20": 0.8476,
        "ndcg_at_100": 0.87888,
        "ndcg_at_1000": 0.88306,
        "map_at_1": 0.28369,
        "map_at_3": 0.45398,
        "map_at_5": 0.54373,
        "map_at_10": 0.66337,
        "map_at_20": 0.7447,
        "map_at_100": 0.78914,
        "map_at_1000": 0.79022,
        "recall_at_1": 0.28369,
        "recall_at_3": 0.48076,
        "recall_at_5": 0.59455,
        "recall_at_10": 0.75121,
        "recall_at_20": 0.87654,
        "recall_at_100": 0.98232,
        "recall_at_1000": 0.99677,
        "accuracy": 0.28369,
        "precision_at_1": 0.83038,
        "precision_at_3": 0.67723,
        "precision_at_5": 0.59702,
        "precision_at_10": 0.47213,
        "precision_at_20": 0.32842,
        "precision_at_100": 0.08628,
        "precision_at_1000": 0.00882,
        "mrr_at_1": 0.830382,
        "mrr_at_3": 0.875116,
        "mrr_at_5": 0.883131,
        "mrr_at_10": 0.885469,
        "mrr_at_20": 0.886212,
        "mrr_at_100": 0.886446,
        "mrr_at_1000": 0.886446,
        "nauc_ndcg_at_1_max": 0.243712,
        "nauc_ndcg_at_1_std": -0.336043,
        "nauc_ndcg_at_1_diff1": 0.430856,
        "nauc_ndcg_at_3_max": 0.300128,
        "nauc_ndcg_at_3_std": -0.313662,
        "nauc_ndcg_at_3_diff1": 0.386434,
        "nauc_ndcg_at_5_max": 0.293314,
        "nauc_ndcg_at_5_std": -0.330388,
        "nauc_ndcg_at_5_diff1": 0.374766,
        "nauc_ndcg_at_10_max": 0.315276,
        "nauc_ndcg_at_10_std": -0.37229,
        "nauc_ndcg_at_10_diff1": 0.393881,
        "nauc_ndcg_at_20_max": 0.321183,
        "nauc_ndcg_at_20_std": -0.402694,
        "nauc_ndcg_at_20_diff1": 0.403608,
        "nauc_ndcg_at_100_max": 0.354072,
        "nauc_ndcg_at_100_std": -0.271633,
        "nauc_ndcg_at_100_diff1": 0.372198,
        "nauc_ndcg_at_1000_max": 0.345188,
        "nauc_ndcg_at_1000_std": -0.2654,
        "nauc_ndcg_at_1000_diff1": 0.371472,
        "nauc_map_at_1_max": -0.108052,
        "nauc_map_at_1_std": -0.458244,
        "nauc_map_at_1_diff1": 0.738993,
        "nauc_map_at_3_max": -0.08741,
        "nauc_map_at_3_std": -0.552716,
        "nauc_map_at_3_diff1": 0.665742,
        "nauc_map_at_5_max": -0.047586,
        "nauc_map_at_5_std": -0.606591,
        "nauc_map_at_5_diff1": 0.617737,
        "nauc_map_at_10_max": 0.084409,
        "nauc_map_at_10_std": -0.622622,
        "nauc_map_at_10_diff1": 0.531519,
        "nauc_map_at_20_max": 0.227972,
        "nauc_map_at_20_std": -0.534594,
        "nauc_map_at_20_diff1": 0.455245,
        "nauc_map_at_100_max": 0.321429,
        "nauc_map_at_100_std": -0.335882,
        "nauc_map_at_100_diff1": 0.388595,
        "nauc_map_at_1000_max": 0.320386,
        "nauc_map_at_1000_std": -0.332648,
        "nauc_map_at_1000_diff1": 0.387382,
        "nauc_recall_at_1_max": -0.108052,
        "nauc_recall_at_1_std": -0.458244,
        "nauc_recall_at_1_diff1": 0.738993,
        "nauc_recall_at_3_max": -0.108372,
        "nauc_recall_at_3_std": -0.566695,
        "nauc_recall_at_3_diff1": 0.644584,
        "nauc_recall_at_5_max": -0.094254,
        "nauc_recall_at_5_std": -0.650354,
        "nauc_recall_at_5_diff1": 0.594981,
        "nauc_recall_at_10_max": 0.003299,
        "nauc_recall_at_10_std": -0.749123,
        "nauc_recall_at_10_diff1": 0.514809,
        "nauc_recall_at_20_max": 0.153443,
        "nauc_recall_at_20_std": -0.789389,
        "nauc_recall_at_20_diff1": 0.456371,
        "nauc_recall_at_100_max": 0.543502,
        "nauc_recall_at_100_std": -0.077609,
        "nauc_recall_at_100_diff1": 0.168746,
        "nauc_recall_at_1000_max": 0.468225,
        "nauc_recall_at_1000_std": 0.250862,
        "nauc_recall_at_1000_diff1": -0.087784,
        "nauc_precision_at_1_max": 0.243712,
        "nauc_precision_at_1_std": -0.336043,
        "nauc_precision_at_1_diff1": 0.430856,
        "nauc_precision_at_3_max": 0.301585,
        "nauc_precision_at_3_std": 0.140813,
        "nauc_precision_at_3_diff1": -0.36953,
        "nauc_precision_at_5_max": 0.308196,
        "nauc_precision_at_5_std": 0.243339,
        "nauc_precision_at_5_diff1": -0.467816,
        "nauc_precision_at_10_max": 0.327227,
        "nauc_precision_at_10_std": 0.36405,
        "nauc_precision_at_10_diff1": -0.486798,
        "nauc_precision_at_20_max": 0.301963,
        "nauc_precision_at_20_std": 0.485951,
        "nauc_precision_at_20_diff1": -0.467385,
        "nauc_precision_at_100_max": 0.236103,
        "nauc_precision_at_100_std": 0.635222,
        "nauc_precision_at_100_diff1": -0.456307,
        "nauc_precision_at_1000_max": 0.219386,
        "nauc_precision_at_1000_std": 0.636118,
        "nauc_precision_at_1000_diff1": -0.456478,
        "nauc_mrr_at_1_max": 0.243712,
        "nauc_mrr_at_1_std": -0.336043,
        "nauc_mrr_at_1_diff1": 0.430856,
        "nauc_mrr_at_3_max": 0.29084,
        "nauc_mrr_at_3_std": -0.338297,
        "nauc_mrr_at_3_diff1": 0.439929,
        "nauc_mrr_at_5_max": 0.294452,
        "nauc_mrr_at_5_std": -0.334771,
        "nauc_mrr_at_5_diff1": 0.440856,
        "nauc_mrr_at_10_max": 0.290821,
        "nauc_mrr_at_10_std": -0.337354,
        "nauc_mrr_at_10_diff1": 0.438371,
        "nauc_mrr_at_20_max": 0.289258,
        "nauc_mrr_at_20_std": -0.333912,
        "nauc_mrr_at_20_diff1": 0.437872,
        "nauc_mrr_at_100_max": 0.288554,
        "nauc_mrr_at_100_std": -0.333436,
        "nauc_mrr_at_100_diff1": 0.437432,
        "nauc_mrr_at_1000_max": 0.288554,
        "nauc_mrr_at_1000_std": -0.333436,
        "nauc_mrr_at_1000_diff1": 0.437432,
        "hit_rate_at_1": 0.83038,
        "hit_rate_at_3": 0.92824,
        "hit_rate_at_5": 0.96365,
        "hit_rate_at_10": 0.98136,
        "hit_rate_at_20": 0.99161,
        "hit_rate_at_100": 0.99907,
        "hit_rate_at_1000": 0.99907,
        "main_score": 0.82635,
        "hf_subset": "default",
        "languages": [
          "eng-Latn"
        ],
        "mteb_version": "2.18.0"
      }
    ]
  },
  "evaluation_time": 304.49749307590537,
  "kg_co2_emissions": null,
  "date": 1783919673.162848,
  "evaluation_phases": [
    {
      "name": "Data loading",
      "start": 0.0,
      "end": 3.3861660399707034,
      "split": "",
      "subset": ""
    },
    {
      "name": "Encoding queries and documents",
      "start": 3.410026484983973,
      "end": 303.59391678799875,
      "split": "test",
      "subset": "default"
    },
    {
      "name": "Scoring",
      "start": 303.5939557009842,
      "end": 304.4627985819243,
      "split": "test",
      "subset": "default"
    }
  ]
}