{
  "dataset_revision": "main",
  "task_name": "QASPER-RAG-Title",
  "mteb_version": "2.18.0",
  "scores": {
    "test": [
      {
        "ndcg_at_1": 0.40687,
        "ndcg_at_3": 0.46286,
        "ndcg_at_5": 0.51123,
        "ndcg_at_10": 0.57868,
        "ndcg_at_20": 0.62038,
        "ndcg_at_100": 0.64733,
        "ndcg_at_1000": 0.64744,
        "map_at_1": 0.23448,
        "map_at_3": 0.36455,
        "map_at_5": 0.41286,
        "map_at_10": 0.46249,
        "map_at_20": 0.48591,
        "map_at_100": 0.49687,
        "map_at_1000": 0.49691,
        "recall_at_1": 0.23448,
        "recall_at_3": 0.46579,
        "recall_at_5": 0.59923,
        "recall_at_10": 0.78322,
        "recall_at_20": 0.90414,
        "recall_at_100": 0.99955,
        "recall_at_1000": 1.0,
        "accuracy": 0.23448,
        "precision_at_1": 0.40687,
        "precision_at_3": 0.30305,
        "precision_at_5": 0.24672,
        "precision_at_10": 0.17557,
        "precision_at_20": 0.11019,
        "precision_at_100": 0.02616,
        "precision_at_1000": 0.00262,
        "mrr_at_1": 0.40687,
        "mrr_at_3": 0.521501,
        "mrr_at_5": 0.549326,
        "mrr_at_10": 0.566907,
        "mrr_at_20": 0.570393,
        "mrr_at_100": 0.57154,
        "mrr_at_1000": 0.57154,
        "nauc_ndcg_at_1_max": 0.013112,
        "nauc_ndcg_at_1_std": 0.081891,
        "nauc_ndcg_at_1_diff1": 0.295029,
        "nauc_ndcg_at_3_max": -0.045356,
        "nauc_ndcg_at_3_std": 0.087166,
        "nauc_ndcg_at_3_diff1": 0.283899,
        "nauc_ndcg_at_5_max": -0.05976,
        "nauc_ndcg_at_5_std": 0.10895,
        "nauc_ndcg_at_5_diff1": 0.286172,
        "nauc_ndcg_at_10_max": -0.083937,
        "nauc_ndcg_at_10_std": 0.10652,
        "nauc_ndcg_at_10_diff1": 0.284084,
        "nauc_ndcg_at_20_max": -0.060064,
        "nauc_ndcg_at_20_std": 0.111199,
        "nauc_ndcg_at_20_diff1": 0.295472,
        "nauc_ndcg_at_100_max": -0.021158,
        "nauc_ndcg_at_100_std": 0.1148,
        "nauc_ndcg_at_100_diff1": 0.293824,
        "nauc_ndcg_at_1000_max": -0.02062,
        "nauc_ndcg_at_1000_std": 0.115331,
        "nauc_ndcg_at_1000_diff1": 0.293695,
        "nauc_map_at_1_max": -0.121701,
        "nauc_map_at_1_std": -0.005131,
        "nauc_map_at_1_diff1": 0.308563,
        "nauc_map_at_3_max": -0.118208,
        "nauc_map_at_3_std": 0.033029,
        "nauc_map_at_3_diff1": 0.281826,
        "nauc_map_at_5_max": -0.103886,
        "nauc_map_at_5_std": 0.064512,
        "nauc_map_at_5_diff1": 0.288972,
        "nauc_map_at_10_max": -0.091903,
        "nauc_map_at_10_std": 0.087685,
        "nauc_map_at_10_diff1": 0.284977,
        "nauc_map_at_20_max": -0.073436,
        "nauc_map_at_20_std": 0.100059,
        "nauc_map_at_20_diff1": 0.290342,
        "nauc_map_at_100_max": -0.054781,
        "nauc_map_at_100_std": 0.104712,
        "nauc_map_at_100_diff1": 0.288916,
        "nauc_map_at_1000_max": -0.054508,
        "nauc_map_at_1000_std": 0.10498,
        "nauc_map_at_1000_diff1": 0.28885,
        "nauc_recall_at_1_max": -0.121701,
        "nauc_recall_at_1_std": -0.005131,
        "nauc_recall_at_1_diff1": 0.308563,
        "nauc_recall_at_3_max": -0.142866,
        "nauc_recall_at_3_std": 0.023715,
        "nauc_recall_at_3_diff1": 0.240328,
        "nauc_recall_at_5_max": -0.143847,
        "nauc_recall_at_5_std": 0.07512,
        "nauc_recall_at_5_diff1": 0.237248,
        "nauc_recall_at_10_max": -0.254335,
        "nauc_recall_at_10_std": 0.058353,
        "nauc_recall_at_10_diff1": 0.210617,
        "nauc_recall_at_20_max": -0.312151,
        "nauc_recall_at_20_std": 0.043296,
        "nauc_recall_at_20_diff1": 0.270199,
        "nauc_recall_at_100_max": -0.742196,
        "nauc_recall_at_100_std": -0.742196,
        "nauc_recall_at_100_diff1": 0.158523,
        "nauc_recall_at_1000_max": NaN,
        "nauc_recall_at_1000_std": NaN,
        "nauc_recall_at_1000_diff1": NaN,
        "nauc_precision_at_1_max": 0.013112,
        "nauc_precision_at_1_std": 0.081891,
        "nauc_precision_at_1_diff1": 0.295029,
        "nauc_precision_at_3_max": 0.083818,
        "nauc_precision_at_3_std": 0.150377,
        "nauc_precision_at_3_diff1": 0.154185,
        "nauc_precision_at_5_max": 0.147463,
        "nauc_precision_at_5_std": 0.213696,
        "nauc_precision_at_5_diff1": 0.098557,
        "nauc_precision_at_10_max": 0.188753,
        "nauc_precision_at_10_std": 0.213098,
        "nauc_precision_at_10_diff1": 0.014975,
        "nauc_precision_at_20_max": 0.245958,
        "nauc_precision_at_20_std": 0.208734,
        "nauc_precision_at_20_diff1": -0.012771,
        "nauc_precision_at_100_max": 0.323388,
        "nauc_precision_at_100_std": 0.1902,
        "nauc_precision_at_100_diff1": -0.054281,
        "nauc_precision_at_1000_max": 0.326532,
        "nauc_precision_at_1000_std": 0.193889,
        "nauc_precision_at_1000_diff1": -0.054981,
        "nauc_mrr_at_1_max": 0.013112,
        "nauc_mrr_at_1_std": 0.081891,
        "nauc_mrr_at_1_diff1": 0.295029,
        "nauc_mrr_at_3_max": 0.005625,
        "nauc_mrr_at_3_std": 0.105931,
        "nauc_mrr_at_3_diff1": 0.304781,
        "nauc_mrr_at_5_max": 0.006971,
        "nauc_mrr_at_5_std": 0.110702,
        "nauc_mrr_at_5_diff1": 0.301933,
        "nauc_mrr_at_10_max": 9.6e-05,
        "nauc_mrr_at_10_std": 0.101204,
        "nauc_mrr_at_10_diff1": 0.302954,
        "nauc_mrr_at_20_max": 0.003115,
        "nauc_mrr_at_20_std": 0.101413,
        "nauc_mrr_at_20_diff1": 0.303103,
        "nauc_mrr_at_100_max": 0.003663,
        "nauc_mrr_at_100_std": 0.101839,
        "nauc_mrr_at_100_diff1": 0.302758,
        "nauc_mrr_at_1000_max": 0.003663,
        "nauc_mrr_at_1000_std": 0.101839,
        "nauc_mrr_at_1000_diff1": 0.302758,
        "hit_rate_at_1": 0.40687,
        "hit_rate_at_3": 0.67023,
        "hit_rate_at_5": 0.79084,
        "hit_rate_at_10": 0.91832,
        "hit_rate_at_20": 0.96565,
        "hit_rate_at_100": 1.0,
        "hit_rate_at_1000": 1.0,
        "main_score": 0.57868,
        "hf_subset": "default",
        "languages": [
          "eng-Latn"
        ],
        "mteb_version": "2.18.0"
      }
    ]
  },
  "evaluation_time": 168.26224657706916,
  "kg_co2_emissions": null,
  "date": 1784325449.676012,
  "evaluation_phases": [
    {
      "name": "Data loading",
      "start": 0.0,
      "end": 6.536390788969584,
      "split": "",
      "subset": ""
    },
    {
      "name": "Encoding queries and documents",
      "start": 6.555305227986537,
      "end": 168.07663570903242,
      "split": "test",
      "subset": "default"
    },
    {
      "name": "Scoring",
      "start": 168.07666429702658,
      "end": 168.24675331800245,
      "split": "test",
      "subset": "default"
    }
  ]
}