{
  "dataset_revision": "main",
  "task_name": "TelcoDPR-RAG-ctx-k1-Title",
  "mteb_version": "2.18.0",
  "scores": {
    "test": [
      {
        "ndcg_at_1": 0.54685,
        "ndcg_at_3": 0.71562,
        "ndcg_at_5": 0.74929,
        "ndcg_at_10": 0.76357,
        "ndcg_at_20": 0.77039,
        "ndcg_at_100": 0.77373,
        "ndcg_at_1000": 0.774,
        "map_at_1": 0.54685,
        "map_at_3": 0.67591,
        "map_at_5": 0.69493,
        "map_at_10": 0.70087,
        "map_at_20": 0.70276,
        "map_at_100": 0.70327,
        "map_at_1000": 0.70328,
        "recall_at_1": 0.54685,
        "recall_at_3": 0.82983,
        "recall_at_5": 0.91013,
        "recall_at_10": 0.95411,
        "recall_at_20": 0.98088,
        "recall_at_100": 0.99809,
        "recall_at_1000": 1.0,
        "accuracy": 0.54685,
        "precision_at_1": 0.54685,
        "precision_at_3": 0.27661,
        "precision_at_5": 0.18203,
        "precision_at_10": 0.09541,
        "precision_at_20": 0.04904,
        "precision_at_100": 0.00998,
        "precision_at_1000": 0.001,
        "mrr_at_1": 0.546845,
        "mrr_at_3": 0.675908,
        "mrr_at_5": 0.694933,
        "mrr_at_10": 0.700867,
        "mrr_at_20": 0.702755,
        "mrr_at_100": 0.703265,
        "mrr_at_1000": 0.70328,
        "nauc_ndcg_at_1_max": 0.052582,
        "nauc_ndcg_at_1_std": -0.26223,
        "nauc_ndcg_at_1_diff1": 0.386484,
        "nauc_ndcg_at_3_max": 0.056532,
        "nauc_ndcg_at_3_std": -0.330323,
        "nauc_ndcg_at_3_diff1": 0.291289,
        "nauc_ndcg_at_5_max": 0.091537,
        "nauc_ndcg_at_5_std": -0.304122,
        "nauc_ndcg_at_5_diff1": 0.291372,
        "nauc_ndcg_at_10_max": 0.079742,
        "nauc_ndcg_at_10_std": -0.291336,
        "nauc_ndcg_at_10_diff1": 0.288845,
        "nauc_ndcg_at_20_max": 0.068545,
        "nauc_ndcg_at_20_std": -0.28413,
        "nauc_ndcg_at_20_diff1": 0.300948,
        "nauc_ndcg_at_100_max": 0.062769,
        "nauc_ndcg_at_100_std": -0.290842,
        "nauc_ndcg_at_100_diff1": 0.314435,
        "nauc_ndcg_at_1000_max": 0.065515,
        "nauc_ndcg_at_1000_std": -0.291023,
        "nauc_ndcg_at_1000_diff1": 0.313392,
        "nauc_map_at_1_max": 0.052582,
        "nauc_map_at_1_std": -0.26223,
        "nauc_map_at_1_diff1": 0.386484,
        "nauc_map_at_3_max": 0.055264,
        "nauc_map_at_3_std": -0.30766,
        "nauc_map_at_3_diff1": 0.317556,
        "nauc_map_at_5_max": 0.071872,
        "nauc_map_at_5_std": -0.293939,
        "nauc_map_at_5_diff1": 0.319353,
        "nauc_map_at_10_max": 0.067155,
        "nauc_map_at_10_std": -0.28936,
        "nauc_map_at_10_diff1": 0.318807,
        "nauc_map_at_20_max": 0.064441,
        "nauc_map_at_20_std": -0.287691,
        "nauc_map_at_20_diff1": 0.321415,
        "nauc_map_at_100_max": 0.063567,
        "nauc_map_at_100_std": -0.288823,
        "nauc_map_at_100_diff1": 0.323033,
        "nauc_map_at_1000_max": 0.063679,
        "nauc_map_at_1000_std": -0.28883,
        "nauc_map_at_1000_diff1": 0.322991,
        "nauc_recall_at_1_max": 0.052582,
        "nauc_recall_at_1_std": -0.26223,
        "nauc_recall_at_1_diff1": 0.386484,
        "nauc_recall_at_3_max": 0.062397,
        "nauc_recall_at_3_std": -0.435648,
        "nauc_recall_at_3_diff1": 0.172571,
        "nauc_recall_at_5_max": 0.255071,
        "nauc_recall_at_5_std": -0.374193,
        "nauc_recall_at_5_diff1": 0.080022,
        "nauc_recall_at_10_max": 0.270187,
        "nauc_recall_at_10_std": -0.28067,
        "nauc_recall_at_10_diff1": -0.14351,
        "nauc_recall_at_20_max": 0.137366,
        "nauc_recall_at_20_std": -0.003643,
        "nauc_recall_at_20_diff1": -0.27469,
        "nauc_recall_at_100_max": -1.741576,
        "nauc_recall_at_100_std": -0.172046,
        "nauc_recall_at_100_diff1": 1.0,
        "nauc_recall_at_1000_max": NaN,
        "nauc_recall_at_1000_std": NaN,
        "nauc_recall_at_1000_diff1": NaN,
        "nauc_precision_at_1_max": 0.052582,
        "nauc_precision_at_1_std": -0.26223,
        "nauc_precision_at_1_diff1": 0.386484,
        "nauc_precision_at_3_max": 0.062397,
        "nauc_precision_at_3_std": -0.435648,
        "nauc_precision_at_3_diff1": 0.172571,
        "nauc_precision_at_5_max": 0.255071,
        "nauc_precision_at_5_std": -0.374193,
        "nauc_precision_at_5_diff1": 0.080022,
        "nauc_precision_at_10_max": 0.270187,
        "nauc_precision_at_10_std": -0.28067,
        "nauc_precision_at_10_diff1": -0.14351,
        "nauc_precision_at_20_max": 0.137366,
        "nauc_precision_at_20_std": -0.003643,
        "nauc_precision_at_20_diff1": -0.27469,
        "nauc_precision_at_100_max": -1.741576,
        "nauc_precision_at_100_std": -0.172046,
        "nauc_precision_at_100_diff1": 1.0,
        "nauc_precision_at_1000_max": 1.0,
        "nauc_precision_at_1000_std": 1.0,
        "nauc_precision_at_1000_diff1": 1.0,
        "nauc_mrr_at_1_max": 0.052582,
        "nauc_mrr_at_1_std": -0.26223,
        "nauc_mrr_at_1_diff1": 0.386484,
        "nauc_mrr_at_3_max": 0.055264,
        "nauc_mrr_at_3_std": -0.30766,
        "nauc_mrr_at_3_diff1": 0.317556,
        "nauc_mrr_at_5_max": 0.071872,
        "nauc_mrr_at_5_std": -0.293939,
        "nauc_mrr_at_5_diff1": 0.319353,
        "nauc_mrr_at_10_max": 0.067155,
        "nauc_mrr_at_10_std": -0.28936,
        "nauc_mrr_at_10_diff1": 0.318807,
        "nauc_mrr_at_20_max": 0.064441,
        "nauc_mrr_at_20_std": -0.287691,
        "nauc_mrr_at_20_diff1": 0.321415,
        "nauc_mrr_at_100_max": 0.063567,
        "nauc_mrr_at_100_std": -0.288823,
        "nauc_mrr_at_100_diff1": 0.323033,
        "nauc_mrr_at_1000_max": 0.063679,
        "nauc_mrr_at_1000_std": -0.28883,
        "nauc_mrr_at_1000_diff1": 0.322991,
        "hit_rate_at_1": 0.54685,
        "hit_rate_at_3": 0.82983,
        "hit_rate_at_5": 0.91013,
        "hit_rate_at_10": 0.95411,
        "hit_rate_at_20": 0.98088,
        "hit_rate_at_100": 0.99809,
        "hit_rate_at_1000": 1.0,
        "main_score": 0.76357,
        "hf_subset": "default",
        "languages": [
          "eng-Latn"
        ],
        "mteb_version": "2.18.0"
      }
    ]
  },
  "evaluation_time": 116.19038857007399,
  "kg_co2_emissions": null,
  "date": 1784328282.763586,
  "evaluation_phases": [
    {
      "name": "Data loading",
      "start": 0.0,
      "end": 2.354420203017071,
      "split": "",
      "subset": ""
    },
    {
      "name": "Encoding queries and documents",
      "start": 2.3633183110505342,
      "end": 115.72642579302192,
      "split": "test",
      "subset": "default"
    },
    {
      "name": "Scoring",
      "start": 115.72647672810126,
      "end": 116.16981089999899,
      "split": "test",
      "subset": "default"
    }
  ]
}