{
  "dataset_revision": "main",
  "task_name": "QASPER-RAG-Title",
  "mteb_version": "2.18.0",
  "scores": {
    "test": [
      {
        "ndcg_at_1": 0.44809,
        "ndcg_at_3": 0.50408,
        "ndcg_at_5": 0.5596,
        "ndcg_at_10": 0.61746,
        "ndcg_at_20": 0.65862,
        "ndcg_at_100": 0.67856,
        "ndcg_at_1000": 0.67864,
        "map_at_1": 0.26402,
        "map_at_3": 0.40328,
        "map_at_5": 0.45845,
        "map_at_10": 0.50433,
        "map_at_20": 0.52818,
        "map_at_100": 0.53726,
        "map_at_1000": 0.53728,
        "recall_at_1": 0.26402,
        "recall_at_3": 0.50429,
        "recall_at_5": 0.65204,
        "recall_at_10": 0.80999,
        "recall_at_20": 0.93132,
        "recall_at_100": 0.9996,
        "recall_at_1000": 1.0,
        "accuracy": 0.26402,
        "precision_at_1": 0.44809,
        "precision_at_3": 0.32494,
        "precision_at_5": 0.26824,
        "precision_at_10": 0.18374,
        "precision_at_20": 0.11374,
        "precision_at_100": 0.02619,
        "precision_at_1000": 0.00262,
        "mrr_at_1": 0.448092,
        "mrr_at_3": 0.56374,
        "mrr_at_5": 0.592939,
        "mrr_at_10": 0.605637,
        "mrr_at_20": 0.608985,
        "mrr_at_100": 0.609769,
        "mrr_at_1000": 0.609769,
        "nauc_ndcg_at_1_max": 0.057435,
        "nauc_ndcg_at_1_std": 0.053708,
        "nauc_ndcg_at_1_diff1": 0.352283,
        "nauc_ndcg_at_3_max": -0.011221,
        "nauc_ndcg_at_3_std": 0.045646,
        "nauc_ndcg_at_3_diff1": 0.292022,
        "nauc_ndcg_at_5_max": -0.020171,
        "nauc_ndcg_at_5_std": 0.028784,
        "nauc_ndcg_at_5_diff1": 0.304605,
        "nauc_ndcg_at_10_max": -0.011477,
        "nauc_ndcg_at_10_std": 0.04162,
        "nauc_ndcg_at_10_diff1": 0.308885,
        "nauc_ndcg_at_20_max": 0.008403,
        "nauc_ndcg_at_20_std": 0.057184,
        "nauc_ndcg_at_20_diff1": 0.319202,
        "nauc_ndcg_at_100_max": 0.022954,
        "nauc_ndcg_at_100_std": 0.058206,
        "nauc_ndcg_at_100_diff1": 0.314591,
        "nauc_ndcg_at_1000_max": 0.022963,
        "nauc_ndcg_at_1000_std": 0.058401,
        "nauc_ndcg_at_1000_diff1": 0.314275,
        "nauc_map_at_1_max": -0.071772,
        "nauc_map_at_1_std": -0.063387,
        "nauc_map_at_1_diff1": 0.35649,
        "nauc_map_at_3_max": -0.078193,
        "nauc_map_at_3_std": -0.026778,
        "nauc_map_at_3_diff1": 0.306382,
        "nauc_map_at_5_max": -0.05755,
        "nauc_map_at_5_std": -0.013444,
        "nauc_map_at_5_diff1": 0.316137,
        "nauc_map_at_10_max": -0.030974,
        "nauc_map_at_10_std": 0.019606,
        "nauc_map_at_10_diff1": 0.31266,
        "nauc_map_at_20_max": -0.015653,
        "nauc_map_at_20_std": 0.037198,
        "nauc_map_at_20_diff1": 0.315413,
        "nauc_map_at_100_max": -0.003187,
        "nauc_map_at_100_std": 0.043059,
        "nauc_map_at_100_diff1": 0.311362,
        "nauc_map_at_1000_max": -0.0031,
        "nauc_map_at_1000_std": 0.043159,
        "nauc_map_at_1000_diff1": 0.311294,
        "nauc_recall_at_1_max": -0.071772,
        "nauc_recall_at_1_std": -0.063387,
        "nauc_recall_at_1_diff1": 0.35649,
        "nauc_recall_at_3_max": -0.115174,
        "nauc_recall_at_3_std": -0.026476,
        "nauc_recall_at_3_diff1": 0.241226,
        "nauc_recall_at_5_max": -0.11861,
        "nauc_recall_at_5_std": -0.05113,
        "nauc_recall_at_5_diff1": 0.24661,
        "nauc_recall_at_10_max": -0.115706,
        "nauc_recall_at_10_std": -0.029291,
        "nauc_recall_at_10_diff1": 0.241502,
        "nauc_recall_at_20_max": -0.087158,
        "nauc_recall_at_20_std": 0.03609,
        "nauc_recall_at_20_diff1": 0.297824,
        "nauc_recall_at_100_max": 0.239877,
        "nauc_recall_at_100_std": -0.259709,
        "nauc_recall_at_100_diff1": 0.984351,
        "nauc_recall_at_1000_max": NaN,
        "nauc_recall_at_1000_std": NaN,
        "nauc_recall_at_1000_diff1": NaN,
        "nauc_precision_at_1_max": 0.057435,
        "nauc_precision_at_1_std": 0.053708,
        "nauc_precision_at_1_diff1": 0.352283,
        "nauc_precision_at_3_max": 0.097343,
        "nauc_precision_at_3_std": 0.1531,
        "nauc_precision_at_3_diff1": 0.106946,
        "nauc_precision_at_5_max": 0.166263,
        "nauc_precision_at_5_std": 0.193951,
        "nauc_precision_at_5_diff1": 0.054017,
        "nauc_precision_at_10_max": 0.222259,
        "nauc_precision_at_10_std": 0.233578,
        "nauc_precision_at_10_diff1": -0.026783,
        "nauc_precision_at_20_max": 0.246612,
        "nauc_precision_at_20_std": 0.244039,
        "nauc_precision_at_20_diff1": -0.065022,
        "nauc_precision_at_100_max": 0.280611,
        "nauc_precision_at_100_std": 0.23111,
        "nauc_precision_at_100_diff1": -0.108873,
        "nauc_precision_at_1000_max": 0.281523,
        "nauc_precision_at_1000_std": 0.2323,
        "nauc_precision_at_1000_diff1": -0.109728,
        "nauc_mrr_at_1_max": 0.057435,
        "nauc_mrr_at_1_std": 0.053708,
        "nauc_mrr_at_1_diff1": 0.352283,
        "nauc_mrr_at_3_max": 0.036863,
        "nauc_mrr_at_3_std": 0.06799,
        "nauc_mrr_at_3_diff1": 0.329472,
        "nauc_mrr_at_5_max": 0.036377,
        "nauc_mrr_at_5_std": 0.060495,
        "nauc_mrr_at_5_diff1": 0.334844,
        "nauc_mrr_at_10_max": 0.039266,
        "nauc_mrr_at_10_std": 0.05887,
        "nauc_mrr_at_10_diff1": 0.334074,
        "nauc_mrr_at_20_max": 0.040801,
        "nauc_mrr_at_20_std": 0.060431,
        "nauc_mrr_at_20_diff1": 0.33476,
        "nauc_mrr_at_100_max": 0.040207,
        "nauc_mrr_at_100_std": 0.060573,
        "nauc_mrr_at_100_diff1": 0.334791,
        "nauc_mrr_at_1000_max": 0.040207,
        "nauc_mrr_at_1000_std": 0.060573,
        "nauc_mrr_at_1000_diff1": 0.334791,
        "hit_rate_at_1": 0.44809,
        "hit_rate_at_3": 0.71069,
        "hit_rate_at_5": 0.8374,
        "hit_rate_at_10": 0.93206,
        "hit_rate_at_20": 0.97786,
        "hit_rate_at_100": 1.0,
        "hit_rate_at_1000": 1.0,
        "main_score": 0.61746,
        "hf_subset": "default",
        "languages": [
          "eng-Latn"
        ],
        "mteb_version": "2.18.0"
      }
    ]
  },
  "evaluation_time": 203.6650201670127,
  "kg_co2_emissions": null,
  "date": 1784325473.689016,
  "evaluation_phases": [
    {
      "name": "Data loading",
      "start": 0.0,
      "end": 6.292199519928545,
      "split": "",
      "subset": ""
    },
    {
      "name": "Encoding queries and documents",
      "start": 6.306574263959192,
      "end": 203.5203659379622,
      "split": "test",
      "subset": "default"
    },
    {
      "name": "Scoring",
      "start": 203.5203920128988,
      "end": 203.64925182191655,
      "split": "test",
      "subset": "default"
    }
  ]
}