{
  "dataset_revision": "main",
  "task_name": "QASPER-RAG-ctx-rfg",
  "mteb_version": "2.18.0",
  "scores": {
    "test": [
      {
        "ndcg_at_1": 0.20992,
        "ndcg_at_3": 0.19614,
        "ndcg_at_5": 0.20394,
        "ndcg_at_10": 0.21873,
        "ndcg_at_20": 0.23534,
        "ndcg_at_100": 0.26251,
        "ndcg_at_1000": 0.28637,
        "map_at_1": 0.12283,
        "map_at_3": 0.15455,
        "map_at_5": 0.16619,
        "map_at_10": 0.17661,
        "map_at_20": 0.18298,
        "map_at_100": 0.18875,
        "map_at_1000": 0.18992,
        "recall_at_1": 0.12283,
        "recall_at_3": 0.17751,
        "recall_at_5": 0.2119,
        "recall_at_10": 0.26113,
        "recall_at_20": 0.31514,
        "recall_at_100": 0.43,
        "recall_at_1000": 0.57979,
        "accuracy": 0.12283,
        "precision_at_1": 0.20992,
        "precision_at_3": 0.11654,
        "precision_at_5": 0.08687,
        "precision_at_10": 0.0558,
        "precision_at_20": 0.0355,
        "precision_at_100": 0.01062,
        "precision_at_1000": 0.00148,
        "mrr_at_1": 0.209924,
        "mrr_at_3": 0.242494,
        "mrr_at_5": 0.251425,
        "mrr_at_10": 0.258814,
        "mrr_at_20": 0.262633,
        "mrr_at_100": 0.265092,
        "mrr_at_1000": 0.265653,
        "nauc_ndcg_at_1_max": 0.454705,
        "nauc_ndcg_at_1_std": 0.006545,
        "nauc_ndcg_at_1_diff1": 0.593198,
        "nauc_ndcg_at_3_max": 0.442485,
        "nauc_ndcg_at_3_std": 0.017403,
        "nauc_ndcg_at_3_diff1": 0.527371,
        "nauc_ndcg_at_5_max": 0.435968,
        "nauc_ndcg_at_5_std": 0.0192,
        "nauc_ndcg_at_5_diff1": 0.517078,
        "nauc_ndcg_at_10_max": 0.459337,
        "nauc_ndcg_at_10_std": 0.032047,
        "nauc_ndcg_at_10_diff1": 0.526809,
        "nauc_ndcg_at_20_max": 0.47821,
        "nauc_ndcg_at_20_std": 0.047952,
        "nauc_ndcg_at_20_diff1": 0.526726,
        "nauc_ndcg_at_100_max": 0.512347,
        "nauc_ndcg_at_100_std": 0.076833,
        "nauc_ndcg_at_100_diff1": 0.541249,
        "nauc_ndcg_at_1000_max": 0.522973,
        "nauc_ndcg_at_1000_std": 0.077456,
        "nauc_ndcg_at_1000_diff1": 0.547404,
        "nauc_map_at_1_max": 0.392834,
        "nauc_map_at_1_std": -0.032789,
        "nauc_map_at_1_diff1": 0.564975,
        "nauc_map_at_3_max": 0.403961,
        "nauc_map_at_3_std": -0.001724,
        "nauc_map_at_3_diff1": 0.516088,
        "nauc_map_at_5_max": 0.412049,
        "nauc_map_at_5_std": 0.008037,
        "nauc_map_at_5_diff1": 0.510224,
        "nauc_map_at_10_max": 0.430214,
        "nauc_map_at_10_std": 0.01841,
        "nauc_map_at_10_diff1": 0.516227,
        "nauc_map_at_20_max": 0.441053,
        "nauc_map_at_20_std": 0.02676,
        "nauc_map_at_20_diff1": 0.518458,
        "nauc_map_at_100_max": 0.452239,
        "nauc_map_at_100_std": 0.036105,
        "nauc_map_at_100_diff1": 0.524335,
        "nauc_map_at_1000_max": 0.453092,
        "nauc_map_at_1000_std": 0.036126,
        "nauc_map_at_1000_diff1": 0.524582,
        "nauc_recall_at_1_max": 0.392834,
        "nauc_recall_at_1_std": -0.032789,
        "nauc_recall_at_1_diff1": 0.564975,
        "nauc_recall_at_3_max": 0.387736,
        "nauc_recall_at_3_std": 0.005134,
        "nauc_recall_at_3_diff1": 0.467109,
        "nauc_recall_at_5_max": 0.391793,
        "nauc_recall_at_5_std": 0.021865,
        "nauc_recall_at_5_diff1": 0.45403,
        "nauc_recall_at_10_max": 0.439951,
        "nauc_recall_at_10_std": 0.059005,
        "nauc_recall_at_10_diff1": 0.464702,
        "nauc_recall_at_20_max": 0.475361,
        "nauc_recall_at_20_std": 0.091584,
        "nauc_recall_at_20_diff1": 0.451297,
        "nauc_recall_at_100_max": 0.569329,
        "nauc_recall_at_100_std": 0.16989,
        "nauc_recall_at_100_diff1": 0.484422,
        "nauc_recall_at_1000_max": 0.630986,
        "nauc_recall_at_1000_std": 0.182012,
        "nauc_recall_at_1000_diff1": 0.524398,
        "nauc_precision_at_1_max": 0.454705,
        "nauc_precision_at_1_std": 0.006545,
        "nauc_precision_at_1_diff1": 0.593198,
        "nauc_precision_at_3_max": 0.48253,
        "nauc_precision_at_3_std": 0.068973,
        "nauc_precision_at_3_diff1": 0.476451,
        "nauc_precision_at_5_max": 0.475587,
        "nauc_precision_at_5_std": 0.084524,
        "nauc_precision_at_5_diff1": 0.440614,
        "nauc_precision_at_10_max": 0.506406,
        "nauc_precision_at_10_std": 0.112292,
        "nauc_precision_at_10_diff1": 0.444862,
        "nauc_precision_at_20_max": 0.532107,
        "nauc_precision_at_20_std": 0.151245,
        "nauc_precision_at_20_diff1": 0.435251,
        "nauc_precision_at_100_max": 0.541483,
        "nauc_precision_at_100_std": 0.204283,
        "nauc_precision_at_100_diff1": 0.426257,
        "nauc_precision_at_1000_max": 0.482835,
        "nauc_precision_at_1000_std": 0.155395,
        "nauc_precision_at_1000_diff1": 0.361651,
        "nauc_mrr_at_1_max": 0.454705,
        "nauc_mrr_at_1_std": 0.006545,
        "nauc_mrr_at_1_diff1": 0.593198,
        "nauc_mrr_at_3_max": 0.463874,
        "nauc_mrr_at_3_std": 0.01529,
        "nauc_mrr_at_3_diff1": 0.566337,
        "nauc_mrr_at_5_max": 0.466324,
        "nauc_mrr_at_5_std": 0.019335,
        "nauc_mrr_at_5_diff1": 0.564488,
        "nauc_mrr_at_10_max": 0.47431,
        "nauc_mrr_at_10_std": 0.022593,
        "nauc_mrr_at_10_diff1": 0.570934,
        "nauc_mrr_at_20_max": 0.476132,
        "nauc_mrr_at_20_std": 0.023094,
        "nauc_mrr_at_20_diff1": 0.569158,
        "nauc_mrr_at_100_max": 0.477837,
        "nauc_mrr_at_100_std": 0.023877,
        "nauc_mrr_at_100_diff1": 0.569421,
        "nauc_mrr_at_1000_max": 0.477924,
        "nauc_mrr_at_1000_std": 0.023887,
        "nauc_mrr_at_1000_diff1": 0.569635,
        "hit_rate_at_1": 0.20992,
        "hit_rate_at_3": 0.28321,
        "hit_rate_at_5": 0.32214,
        "hit_rate_at_10": 0.37634,
        "hit_rate_at_20": 0.4313,
        "hit_rate_at_100": 0.53588,
        "hit_rate_at_1000": 0.66947,
        "main_score": 0.21873,
        "hf_subset": "default",
        "languages": [
          "eng-Latn"
        ],
        "mteb_version": "2.18.0"
      }
    ]
  },
  "evaluation_time": 155.29821535595693,
  "kg_co2_emissions": null,
  "date": 1784437575.619553,
  "evaluation_phases": [
    {
      "name": "Data loading",
      "start": 0.0,
      "end": 3.473087641876191,
      "split": "",
      "subset": ""
    },
    {
      "name": "Encoding queries and documents",
      "start": 3.487297585932538,
      "end": 154.0589337090496,
      "split": "test",
      "subset": "default"
    },
    {
      "name": "Scoring",
      "start": 154.05896618799306,
      "end": 155.2548217200674,
      "split": "test",
      "subset": "default"
    }
  ]
}