{
  "dataset_revision": "main",
  "task_name": "BioASQ-RAG-Resplit-ctx-k1",
  "mteb_version": "2.18.0",
  "scores": {
    "test": [
      {
        "ndcg_at_1": 0.81733,
        "ndcg_at_3": 0.81144,
        "ndcg_at_5": 0.80979,
        "ndcg_at_10": 0.81831,
        "ndcg_at_20": 0.84142,
        "ndcg_at_100": 0.87378,
        "ndcg_at_1000": 0.87826,
        "map_at_1": 0.27894,
        "map_at_3": 0.44956,
        "map_at_5": 0.53874,
        "map_at_10": 0.65845,
        "map_at_20": 0.74001,
        "map_at_100": 0.78529,
        "map_at_1000": 0.7864,
        "recall_at_1": 0.27894,
        "recall_at_3": 0.47441,
        "recall_at_5": 0.5833,
        "recall_at_10": 0.74368,
        "recall_at_20": 0.87375,
        "recall_at_100": 0.98023,
        "recall_at_1000": 0.99716,
        "accuracy": 0.27894,
        "precision_at_1": 0.81733,
        "precision_at_3": 0.66698,
        "precision_at_5": 0.58956,
        "precision_at_10": 0.46859,
        "precision_at_20": 0.32698,
        "precision_at_100": 0.08632,
        "precision_at_1000": 0.00882,
        "mrr_at_1": 0.817335,
        "mrr_at_3": 0.864088,
        "mrr_at_5": 0.869587,
        "mrr_at_10": 0.873696,
        "mrr_at_20": 0.874724,
        "mrr_at_100": 0.874909,
        "mrr_at_1000": 0.87492,
        "nauc_ndcg_at_1_max": 0.257051,
        "nauc_ndcg_at_1_std": -0.329868,
        "nauc_ndcg_at_1_diff1": 0.323708,
        "nauc_ndcg_at_3_max": 0.288367,
        "nauc_ndcg_at_3_std": -0.352691,
        "nauc_ndcg_at_3_diff1": 0.263051,
        "nauc_ndcg_at_5_max": 0.309097,
        "nauc_ndcg_at_5_std": -0.365515,
        "nauc_ndcg_at_5_diff1": 0.288468,
        "nauc_ndcg_at_10_max": 0.314478,
        "nauc_ndcg_at_10_std": -0.413097,
        "nauc_ndcg_at_10_diff1": 0.281848,
        "nauc_ndcg_at_20_max": 0.312298,
        "nauc_ndcg_at_20_std": -0.443829,
        "nauc_ndcg_at_20_diff1": 0.290062,
        "nauc_ndcg_at_100_max": 0.347239,
        "nauc_ndcg_at_100_std": -0.311997,
        "nauc_ndcg_at_100_diff1": 0.264892,
        "nauc_ndcg_at_1000_max": 0.334501,
        "nauc_ndcg_at_1000_std": -0.309173,
        "nauc_ndcg_at_1000_diff1": 0.26846,
        "nauc_map_at_1_max": -0.00995,
        "nauc_map_at_1_std": -0.484958,
        "nauc_map_at_1_diff1": 0.720835,
        "nauc_map_at_3_max": -0.011328,
        "nauc_map_at_3_std": -0.587807,
        "nauc_map_at_3_diff1": 0.603407,
        "nauc_map_at_5_max": 0.021207,
        "nauc_map_at_5_std": -0.638502,
        "nauc_map_at_5_diff1": 0.541748,
        "nauc_map_at_10_max": 0.126212,
        "nauc_map_at_10_std": -0.659998,
        "nauc_map_at_10_diff1": 0.42351,
        "nauc_map_at_20_max": 0.23427,
        "nauc_map_at_20_std": -0.579234,
        "nauc_map_at_20_diff1": 0.33182,
        "nauc_map_at_100_max": 0.316573,
        "nauc_map_at_100_std": -0.383692,
        "nauc_map_at_100_diff1": 0.276562,
        "nauc_map_at_1000_max": 0.315117,
        "nauc_map_at_1000_std": -0.380178,
        "nauc_map_at_1000_diff1": 0.276055,
        "nauc_recall_at_1_max": -0.00995,
        "nauc_recall_at_1_std": -0.484958,
        "nauc_recall_at_1_diff1": 0.720835,
        "nauc_recall_at_3_max": -0.033461,
        "nauc_recall_at_3_std": -0.604111,
        "nauc_recall_at_3_diff1": 0.580954,
        "nauc_recall_at_5_max": -0.007536,
        "nauc_recall_at_5_std": -0.676412,
        "nauc_recall_at_5_diff1": 0.531845,
        "nauc_recall_at_10_max": 0.061421,
        "nauc_recall_at_10_std": -0.765288,
        "nauc_recall_at_10_diff1": 0.415645,
        "nauc_recall_at_20_max": 0.182724,
        "nauc_recall_at_20_std": -0.808035,
        "nauc_recall_at_20_diff1": 0.334689,
        "nauc_recall_at_100_max": 0.636973,
        "nauc_recall_at_100_std": -0.024845,
        "nauc_recall_at_100_diff1": 0.086587,
        "nauc_recall_at_1000_max": 0.523856,
        "nauc_recall_at_1000_std": 0.044124,
        "nauc_recall_at_1000_diff1": 0.379941,
        "nauc_precision_at_1_max": 0.257051,
        "nauc_precision_at_1_std": -0.329868,
        "nauc_precision_at_1_diff1": 0.323708,
        "nauc_precision_at_3_max": 0.219771,
        "nauc_precision_at_3_std": 0.11662,
        "nauc_precision_at_3_diff1": -0.412653,
        "nauc_precision_at_5_max": 0.229521,
        "nauc_precision_at_5_std": 0.230463,
        "nauc_precision_at_5_diff1": -0.475879,
        "nauc_precision_at_10_max": 0.24154,
        "nauc_precision_at_10_std": 0.358779,
        "nauc_precision_at_10_diff1": -0.499829,
        "nauc_precision_at_20_max": 0.216855,
        "nauc_precision_at_20_std": 0.489771,
        "nauc_precision_at_20_diff1": -0.46199,
        "nauc_precision_at_100_max": 0.170208,
        "nauc_precision_at_100_std": 0.653645,
        "nauc_precision_at_100_diff1": -0.414976,
        "nauc_precision_at_1000_max": 0.154376,
        "nauc_precision_at_1000_std": 0.656675,
        "nauc_precision_at_1000_diff1": -0.411778,
        "nauc_mrr_at_1_max": 0.257051,
        "nauc_mrr_at_1_std": -0.329868,
        "nauc_mrr_at_1_diff1": 0.323708,
        "nauc_mrr_at_3_max": 0.294564,
        "nauc_mrr_at_3_std": -0.354914,
        "nauc_mrr_at_3_diff1": 0.316705,
        "nauc_mrr_at_5_max": 0.296967,
        "nauc_mrr_at_5_std": -0.356394,
        "nauc_mrr_at_5_diff1": 0.321667,
        "nauc_mrr_at_10_max": 0.293374,
        "nauc_mrr_at_10_std": -0.351934,
        "nauc_mrr_at_10_diff1": 0.323014,
        "nauc_mrr_at_20_max": 0.293779,
        "nauc_mrr_at_20_std": -0.348979,
        "nauc_mrr_at_20_diff1": 0.322458,
        "nauc_mrr_at_100_max": 0.292922,
        "nauc_mrr_at_100_std": -0.349127,
        "nauc_mrr_at_100_diff1": 0.322318,
        "nauc_mrr_at_1000_max": 0.292858,
        "nauc_mrr_at_1000_std": -0.34925,
        "nauc_mrr_at_1000_diff1": 0.322342,
        "hit_rate_at_1": 0.81733,
        "hit_rate_at_3": 0.92078,
        "hit_rate_at_5": 0.94501,
        "hit_rate_at_10": 0.97577,
        "hit_rate_at_20": 0.98975,
        "hit_rate_at_100": 0.9972,
        "hit_rate_at_1000": 0.99907,
        "main_score": 0.81831,
        "hf_subset": "default",
        "languages": [
          "eng-Latn"
        ],
        "mteb_version": "2.18.0"
      }
    ]
  },
  "evaluation_time": 315.3611045599682,
  "kg_co2_emissions": null,
  "date": 1783996195.577056,
  "evaluation_phases": [
    {
      "name": "Data loading",
      "start": 0.0,
      "end": 2.4469703439390287,
      "split": "",
      "subset": ""
    },
    {
      "name": "Encoding queries and documents",
      "start": 2.47827562794555,
      "end": 314.4063049509423,
      "split": "test",
      "subset": "default"
    },
    {
      "name": "Scoring",
      "start": 314.40634316799697,
      "end": 315.32301119400654,
      "split": "test",
      "subset": "default"
    }
  ]
}