{
  "dataset_revision": "main",
  "task_name": "NarrativeQA-RAG-Title",
  "mteb_version": "2.18.0",
  "scores": {
    "test": [
      {
        "ndcg_at_1": 0.99208,
        "ndcg_at_3": 0.99648,
        "ndcg_at_5": 0.99668,
        "ndcg_at_10": 0.99672,
        "ndcg_at_20": 0.99674,
        "ndcg_at_100": 0.99676,
        "ndcg_at_1000": 0.99676,
        "map_at_1": 0.99208,
        "map_at_3": 0.99551,
        "map_at_5": 0.99563,
        "map_at_10": 0.99564,
        "map_at_20": 0.99565,
        "map_at_100": 0.99565,
        "map_at_1000": 0.99565,
        "recall_at_1": 0.99208,
        "recall_at_3": 0.99924,
        "recall_at_5": 0.99971,
        "recall_at_10": 0.99981,
        "recall_at_20": 0.9999,
        "recall_at_100": 1.0,
        "recall_at_1000": 1.0,
        "accuracy": 0.99208,
        "precision_at_1": 0.99208,
        "precision_at_3": 0.33308,
        "precision_at_5": 0.19994,
        "precision_at_10": 0.09998,
        "precision_at_20": 0.05,
        "precision_at_100": 0.01,
        "precision_at_1000": 0.001,
        "mrr_at_1": 0.992079,
        "mrr_at_3": 0.995515,
        "mrr_at_5": 0.995629,
        "mrr_at_10": 0.995643,
        "mrr_at_20": 0.99565,
        "mrr_at_100": 0.995651,
        "mrr_at_1000": 0.995651,
        "nauc_ndcg_at_1_max": 0.611338,
        "nauc_ndcg_at_1_std": -0.283496,
        "nauc_ndcg_at_1_diff1": 0.998425,
        "nauc_ndcg_at_3_max": 0.668126,
        "nauc_ndcg_at_3_std": -0.117146,
        "nauc_ndcg_at_3_diff1": 0.998691,
        "nauc_ndcg_at_5_max": 0.647978,
        "nauc_ndcg_at_5_std": -0.174377,
        "nauc_ndcg_at_5_diff1": 0.998612,
        "nauc_ndcg_at_10_max": 0.644569,
        "nauc_ndcg_at_10_std": -0.184485,
        "nauc_ndcg_at_10_diff1": 0.998598,
        "nauc_ndcg_at_20_max": 0.641906,
        "nauc_ndcg_at_20_std": -0.19336,
        "nauc_ndcg_at_20_diff1": 0.998588,
        "nauc_ndcg_at_100_max": 0.640136,
        "nauc_ndcg_at_100_std": -0.199257,
        "nauc_ndcg_at_100_diff1": 0.998581,
        "nauc_ndcg_at_1000_max": 0.640136,
        "nauc_ndcg_at_1000_std": -0.199257,
        "nauc_ndcg_at_1000_diff1": 0.998581,
        "nauc_map_at_1_max": 0.611338,
        "nauc_map_at_1_std": -0.283496,
        "nauc_map_at_1_diff1": 0.998425,
        "nauc_map_at_3_max": 0.647974,
        "nauc_map_at_3_std": -0.176884,
        "nauc_map_at_3_diff1": 0.998609,
        "nauc_map_at_5_max": 0.63875,
        "nauc_map_at_5_std": -0.203399,
        "nauc_map_at_5_diff1": 0.998573,
        "nauc_map_at_10_max": 0.63762,
        "nauc_map_at_10_std": -0.206756,
        "nauc_map_at_10_diff1": 0.998568,
        "nauc_map_at_20_max": 0.637052,
        "nauc_map_at_20_std": -0.208647,
        "nauc_map_at_20_diff1": 0.998566,
        "nauc_map_at_100_max": 0.636922,
        "nauc_map_at_100_std": -0.209081,
        "nauc_map_at_100_diff1": 0.998566,
        "nauc_map_at_1000_max": 0.636922,
        "nauc_map_at_1000_std": -0.209081,
        "nauc_map_at_1000_diff1": 0.998566,
        "nauc_recall_at_1_max": 0.611338,
        "nauc_recall_at_1_std": -0.283496,
        "nauc_recall_at_1_diff1": 0.998425,
        "nauc_recall_at_3_max": 1.0,
        "nauc_recall_at_3_std": 0.868694,
        "nauc_recall_at_3_diff1": 1.0,
        "nauc_recall_at_5_max": 1.0,
        "nauc_recall_at_5_std": 0.956427,
        "nauc_recall_at_5_diff1": 1.0,
        "nauc_recall_at_10_max": 1.0,
        "nauc_recall_at_10_std": 1.0,
        "nauc_recall_at_10_diff1": 1.0,
        "nauc_recall_at_20_max": 1.0,
        "nauc_recall_at_20_std": 1.0,
        "nauc_recall_at_20_diff1": 1.0,
        "nauc_recall_at_100_max": NaN,
        "nauc_recall_at_100_std": NaN,
        "nauc_recall_at_100_diff1": NaN,
        "nauc_recall_at_1000_max": NaN,
        "nauc_recall_at_1000_std": NaN,
        "nauc_recall_at_1000_diff1": NaN,
        "nauc_precision_at_1_max": 0.611338,
        "nauc_precision_at_1_std": -0.283496,
        "nauc_precision_at_1_diff1": 0.998425,
        "nauc_precision_at_3_max": 1.0,
        "nauc_precision_at_3_std": 0.868694,
        "nauc_precision_at_3_diff1": 1.0,
        "nauc_precision_at_5_max": 1.0,
        "nauc_precision_at_5_std": 0.956427,
        "nauc_precision_at_5_diff1": 1.0,
        "nauc_precision_at_10_max": 1.0,
        "nauc_precision_at_10_std": 1.0,
        "nauc_precision_at_10_diff1": 1.0,
        "nauc_precision_at_20_max": 1.0,
        "nauc_precision_at_20_std": 1.0,
        "nauc_precision_at_20_diff1": 1.0,
        "nauc_precision_at_100_max": NaN,
        "nauc_precision_at_100_std": NaN,
        "nauc_precision_at_100_diff1": NaN,
        "nauc_precision_at_1000_max": NaN,
        "nauc_precision_at_1000_std": NaN,
        "nauc_precision_at_1000_diff1": NaN,
        "nauc_mrr_at_1_max": 0.611338,
        "nauc_mrr_at_1_std": -0.283496,
        "nauc_mrr_at_1_diff1": 0.998425,
        "nauc_mrr_at_3_max": 0.647974,
        "nauc_mrr_at_3_std": -0.176884,
        "nauc_mrr_at_3_diff1": 0.998609,
        "nauc_mrr_at_5_max": 0.63875,
        "nauc_mrr_at_5_std": -0.203399,
        "nauc_mrr_at_5_diff1": 0.998573,
        "nauc_mrr_at_10_max": 0.63762,
        "nauc_mrr_at_10_std": -0.206756,
        "nauc_mrr_at_10_diff1": 0.998568,
        "nauc_mrr_at_20_max": 0.637052,
        "nauc_mrr_at_20_std": -0.208647,
        "nauc_mrr_at_20_diff1": 0.998566,
        "nauc_mrr_at_100_max": 0.636922,
        "nauc_mrr_at_100_std": -0.209081,
        "nauc_mrr_at_100_diff1": 0.998566,
        "nauc_mrr_at_1000_max": 0.636922,
        "nauc_mrr_at_1000_std": -0.209081,
        "nauc_mrr_at_1000_diff1": 0.998566,
        "hit_rate_at_1": 0.99208,
        "hit_rate_at_3": 0.99924,
        "hit_rate_at_5": 0.99971,
        "hit_rate_at_10": 0.99981,
        "hit_rate_at_20": 0.9999,
        "hit_rate_at_100": 1.0,
        "hit_rate_at_1000": 1.0,
        "main_score": 0.99672,
        "hf_subset": "default",
        "languages": [
          "eng-Latn"
        ],
        "mteb_version": "2.18.0"
      }
    ]
  },
  "evaluation_time": 58.935930238920264,
  "kg_co2_emissions": null,
  "date": 1784325316.721217,
  "evaluation_phases": [
    {
      "name": "Data loading",
      "start": 0.0,
      "end": 4.609830230940133,
      "split": "",
      "subset": ""
    },
    {
      "name": "Encoding queries and documents",
      "start": 4.6925290579674765,
      "end": 50.400045907939784,
      "split": "test",
      "subset": "default"
    },
    {
      "name": "Scoring",
      "start": 50.40008918894455,
      "end": 58.78708202193957,
      "split": "test",
      "subset": "default"
    }
  ]
}