{
  "dataset_revision": "main",
  "task_name": "BioASQ-RAG-Resplit",
  "mteb_version": "2.18.0",
  "scores": {
    "test": [
      {
        "ndcg_at_1": 0.82106,
        "ndcg_at_3": 0.79168,
        "ndcg_at_5": 0.7842,
        "ndcg_at_10": 0.78468,
        "ndcg_at_20": 0.80075,
        "ndcg_at_100": 0.83882,
        "ndcg_at_1000": 0.84914,
        "map_at_1": 0.27902,
        "map_at_3": 0.42904,
        "map_at_5": 0.50809,
        "map_at_10": 0.61448,
        "map_at_20": 0.68704,
        "map_at_100": 0.73135,
        "map_at_1000": 0.73332,
        "recall_at_1": 0.27902,
        "recall_at_3": 0.45098,
        "recall_at_5": 0.55213,
        "recall_at_10": 0.69856,
        "recall_at_20": 0.81724,
        "recall_at_100": 0.94592,
        "recall_at_1000": 0.9857,
        "accuracy": 0.27902,
        "precision_at_1": 0.82106,
        "precision_at_3": 0.64306,
        "precision_at_5": 0.56421,
        "precision_at_10": 0.44455,
        "precision_at_20": 0.3076,
        "precision_at_100": 0.08312,
        "precision_at_1000": 0.00874,
        "mrr_at_1": 0.821062,
        "mrr_at_3": 0.863622,
        "mrr_at_5": 0.870332,
        "mrr_at_10": 0.873631,
        "mrr_at_20": 0.874687,
        "mrr_at_100": 0.875136,
        "mrr_at_1000": 0.875152,
        "nauc_ndcg_at_1_max": 0.370086,
        "nauc_ndcg_at_1_std": -0.035781,
        "nauc_ndcg_at_1_diff1": 0.413212,
        "nauc_ndcg_at_3_max": 0.390005,
        "nauc_ndcg_at_3_std": -0.040976,
        "nauc_ndcg_at_3_diff1": 0.295846,
        "nauc_ndcg_at_5_max": 0.383034,
        "nauc_ndcg_at_5_std": -0.044591,
        "nauc_ndcg_at_5_diff1": 0.298224,
        "nauc_ndcg_at_10_max": 0.394963,
        "nauc_ndcg_at_10_std": -0.058656,
        "nauc_ndcg_at_10_diff1": 0.308372,
        "nauc_ndcg_at_20_max": 0.403395,
        "nauc_ndcg_at_20_std": -0.072597,
        "nauc_ndcg_at_20_diff1": 0.323062,
        "nauc_ndcg_at_100_max": 0.447932,
        "nauc_ndcg_at_100_std": 0.028974,
        "nauc_ndcg_at_100_diff1": 0.313514,
        "nauc_ndcg_at_1000_max": 0.441818,
        "nauc_ndcg_at_1000_std": 0.027215,
        "nauc_ndcg_at_1000_diff1": 0.31022,
        "nauc_map_at_1_max": 0.094735,
        "nauc_map_at_1_std": -0.376602,
        "nauc_map_at_1_diff1": 0.681182,
        "nauc_map_at_3_max": 0.118084,
        "nauc_map_at_3_std": -0.417959,
        "nauc_map_at_3_diff1": 0.587714,
        "nauc_map_at_5_max": 0.145546,
        "nauc_map_at_5_std": -0.430359,
        "nauc_map_at_5_diff1": 0.542319,
        "nauc_map_at_10_max": 0.234655,
        "nauc_map_at_10_std": -0.375095,
        "nauc_map_at_10_diff1": 0.452502,
        "nauc_map_at_20_max": 0.33132,
        "nauc_map_at_20_std": -0.241673,
        "nauc_map_at_20_diff1": 0.377459,
        "nauc_map_at_100_max": 0.393551,
        "nauc_map_at_100_std": -0.064871,
        "nauc_map_at_100_diff1": 0.313077,
        "nauc_map_at_1000_max": 0.393952,
        "nauc_map_at_1000_std": -0.061705,
        "nauc_map_at_1000_diff1": 0.311522,
        "nauc_recall_at_1_max": 0.094735,
        "nauc_recall_at_1_std": -0.376602,
        "nauc_recall_at_1_diff1": 0.681182,
        "nauc_recall_at_3_max": 0.10391,
        "nauc_recall_at_3_std": -0.42572,
        "nauc_recall_at_3_diff1": 0.570259,
        "nauc_recall_at_5_max": 0.109783,
        "nauc_recall_at_5_std": -0.450643,
        "nauc_recall_at_5_diff1": 0.52508,
        "nauc_recall_at_10_max": 0.169848,
        "nauc_recall_at_10_std": -0.440666,
        "nauc_recall_at_10_diff1": 0.43022,
        "nauc_recall_at_20_max": 0.291206,
        "nauc_recall_at_20_std": -0.304399,
        "nauc_recall_at_20_diff1": 0.354629,
        "nauc_recall_at_100_max": 0.564012,
        "nauc_recall_at_100_std": 0.325508,
        "nauc_recall_at_100_diff1": 0.24551,
        "nauc_recall_at_1000_max": 0.69167,
        "nauc_recall_at_1000_std": 0.619193,
        "nauc_recall_at_1000_diff1": 0.211818,
        "nauc_precision_at_1_max": 0.370086,
        "nauc_precision_at_1_std": -0.035781,
        "nauc_precision_at_1_diff1": 0.413212,
        "nauc_precision_at_3_max": 0.220925,
        "nauc_precision_at_3_std": 0.240509,
        "nauc_precision_at_3_diff1": -0.314314,
        "nauc_precision_at_5_max": 0.192761,
        "nauc_precision_at_5_std": 0.31277,
        "nauc_precision_at_5_diff1": -0.400383,
        "nauc_precision_at_10_max": 0.194267,
        "nauc_precision_at_10_std": 0.412653,
        "nauc_precision_at_10_diff1": -0.43422,
        "nauc_precision_at_20_max": 0.185477,
        "nauc_precision_at_20_std": 0.504286,
        "nauc_precision_at_20_diff1": -0.420302,
        "nauc_precision_at_100_max": 0.144098,
        "nauc_precision_at_100_std": 0.609744,
        "nauc_precision_at_100_diff1": -0.411066,
        "nauc_precision_at_1000_max": 0.121808,
        "nauc_precision_at_1000_std": 0.593529,
        "nauc_precision_at_1000_diff1": -0.408717,
        "nauc_mrr_at_1_max": 0.370086,
        "nauc_mrr_at_1_std": -0.035781,
        "nauc_mrr_at_1_diff1": 0.413212,
        "nauc_mrr_at_3_max": 0.409844,
        "nauc_mrr_at_3_std": -0.023157,
        "nauc_mrr_at_3_diff1": 0.402045,
        "nauc_mrr_at_5_max": 0.406044,
        "nauc_mrr_at_5_std": -0.01634,
        "nauc_mrr_at_5_diff1": 0.404525,
        "nauc_mrr_at_10_max": 0.409071,
        "nauc_mrr_at_10_std": -0.016333,
        "nauc_mrr_at_10_diff1": 0.40635,
        "nauc_mrr_at_20_max": 0.40891,
        "nauc_mrr_at_20_std": -0.016109,
        "nauc_mrr_at_20_diff1": 0.408245,
        "nauc_mrr_at_100_max": 0.40736,
        "nauc_mrr_at_100_std": -0.017692,
        "nauc_mrr_at_100_diff1": 0.407227,
        "nauc_mrr_at_1000_max": 0.407289,
        "nauc_mrr_at_1000_std": -0.017793,
        "nauc_mrr_at_1000_diff1": 0.407192,
        "hit_rate_at_1": 0.82106,
        "hit_rate_at_3": 0.91146,
        "hit_rate_at_5": 0.94035,
        "hit_rate_at_10": 0.96459,
        "hit_rate_at_20": 0.9795,
        "hit_rate_at_100": 0.99348,
        "hit_rate_at_1000": 0.99814,
        "main_score": 0.78468,
        "hf_subset": "default",
        "languages": [
          "eng-Latn"
        ],
        "mteb_version": "2.18.0"
      }
    ]
  },
  "evaluation_time": 232.82161835196894,
  "kg_co2_emissions": null,
  "date": 1783919308.399744,
  "evaluation_phases": [
    {
      "name": "Data loading",
      "start": 0.0,
      "end": 3.5195491770282388,
      "split": "",
      "subset": ""
    },
    {
      "name": "Encoding queries and documents",
      "start": 3.5448449490359053,
      "end": 231.88749112398364,
      "split": "test",
      "subset": "default"
    },
    {
      "name": "Scoring",
      "start": 231.88753016106784,
      "end": 232.7850140540395,
      "split": "test",
      "subset": "default"
    }
  ]
}