{
  "dataset_revision": "main",
  "task_name": "BioASQ-RAG-Resplit",
  "mteb_version": "2.16.3",
  "scores": {
    "test": [
      {
        "ndcg_at_1": 0.82106,
        "ndcg_at_3": 0.791,
        "ndcg_at_5": 0.78403,
        "ndcg_at_10": 0.78437,
        "ndcg_at_20": 0.80043,
        "ndcg_at_100": 0.83875,
        "ndcg_at_1000": 0.849,
        "map_at_1": 0.27892,
        "map_at_3": 0.42857,
        "map_at_5": 0.50786,
        "map_at_10": 0.61424,
        "map_at_20": 0.68692,
        "map_at_100": 0.73127,
        "map_at_1000": 0.73321,
        "recall_at_1": 0.27892,
        "recall_at_3": 0.4499,
        "recall_at_5": 0.55184,
        "recall_at_10": 0.69814,
        "recall_at_20": 0.8162,
        "recall_at_100": 0.94612,
        "recall_at_1000": 0.9857,
        "accuracy": 0.27892,
        "precision_at_1": 0.82106,
        "precision_at_3": 0.64244,
        "precision_at_5": 0.56421,
        "precision_at_10": 0.44427,
        "precision_at_20": 0.30764,
        "precision_at_100": 0.08315,
        "precision_at_1000": 0.00874,
        "mrr_at_1": 0.821062,
        "mrr_at_3": 0.863156,
        "mrr_at_5": 0.870099,
        "mrr_at_10": 0.873419,
        "mrr_at_20": 0.874426,
        "mrr_at_100": 0.874917,
        "mrr_at_1000": 0.874933,
        "nauc_ndcg_at_1_max": 0.37117,
        "nauc_ndcg_at_1_std": -0.029825,
        "nauc_ndcg_at_1_diff1": 0.415234,
        "nauc_ndcg_at_3_max": 0.391293,
        "nauc_ndcg_at_3_std": -0.038301,
        "nauc_ndcg_at_3_diff1": 0.300243,
        "nauc_ndcg_at_5_max": 0.381741,
        "nauc_ndcg_at_5_std": -0.04572,
        "nauc_ndcg_at_5_diff1": 0.300563,
        "nauc_ndcg_at_10_max": 0.394691,
        "nauc_ndcg_at_10_std": -0.059013,
        "nauc_ndcg_at_10_diff1": 0.309663,
        "nauc_ndcg_at_20_max": 0.404567,
        "nauc_ndcg_at_20_std": -0.071635,
        "nauc_ndcg_at_20_diff1": 0.325776,
        "nauc_ndcg_at_100_max": 0.447805,
        "nauc_ndcg_at_100_std": 0.028338,
        "nauc_ndcg_at_100_diff1": 0.316342,
        "nauc_ndcg_at_1000_max": 0.441779,
        "nauc_ndcg_at_1000_std": 0.026444,
        "nauc_ndcg_at_1000_diff1": 0.31285,
        "nauc_map_at_1_max": 0.093884,
        "nauc_map_at_1_std": -0.375966,
        "nauc_map_at_1_diff1": 0.680714,
        "nauc_map_at_3_max": 0.118327,
        "nauc_map_at_3_std": -0.417148,
        "nauc_map_at_3_diff1": 0.590023,
        "nauc_map_at_5_max": 0.144579,
        "nauc_map_at_5_std": -0.431803,
        "nauc_map_at_5_diff1": 0.544637,
        "nauc_map_at_10_max": 0.233573,
        "nauc_map_at_10_std": -0.37617,
        "nauc_map_at_10_diff1": 0.454036,
        "nauc_map_at_20_max": 0.330034,
        "nauc_map_at_20_std": -0.242188,
        "nauc_map_at_20_diff1": 0.378567,
        "nauc_map_at_100_max": 0.393004,
        "nauc_map_at_100_std": -0.065828,
        "nauc_map_at_100_diff1": 0.31411,
        "nauc_map_at_1000_max": 0.393394,
        "nauc_map_at_1000_std": -0.062705,
        "nauc_map_at_1000_diff1": 0.312503,
        "nauc_recall_at_1_max": 0.093884,
        "nauc_recall_at_1_std": -0.375966,
        "nauc_recall_at_1_diff1": 0.680714,
        "nauc_recall_at_3_max": 0.106285,
        "nauc_recall_at_3_std": -0.422867,
        "nauc_recall_at_3_diff1": 0.575652,
        "nauc_recall_at_5_max": 0.10912,
        "nauc_recall_at_5_std": -0.451802,
        "nauc_recall_at_5_diff1": 0.528419,
        "nauc_recall_at_10_max": 0.169126,
        "nauc_recall_at_10_std": -0.440842,
        "nauc_recall_at_10_diff1": 0.432691,
        "nauc_recall_at_20_max": 0.294936,
        "nauc_recall_at_20_std": -0.297892,
        "nauc_recall_at_20_diff1": 0.360719,
        "nauc_recall_at_100_max": 0.565106,
        "nauc_recall_at_100_std": 0.327065,
        "nauc_recall_at_100_diff1": 0.251729,
        "nauc_recall_at_1000_max": 0.697914,
        "nauc_recall_at_1000_std": 0.619193,
        "nauc_recall_at_1000_diff1": 0.216267,
        "nauc_precision_at_1_max": 0.37117,
        "nauc_precision_at_1_std": -0.029825,
        "nauc_precision_at_1_diff1": 0.415234,
        "nauc_precision_at_3_max": 0.222772,
        "nauc_precision_at_3_std": 0.240668,
        "nauc_precision_at_3_diff1": -0.30987,
        "nauc_precision_at_5_max": 0.192049,
        "nauc_precision_at_5_std": 0.310783,
        "nauc_precision_at_5_diff1": -0.399498,
        "nauc_precision_at_10_max": 0.194926,
        "nauc_precision_at_10_std": 0.412376,
        "nauc_precision_at_10_diff1": -0.434622,
        "nauc_precision_at_20_max": 0.186631,
        "nauc_precision_at_20_std": 0.505402,
        "nauc_precision_at_20_diff1": -0.421471,
        "nauc_precision_at_100_max": 0.146162,
        "nauc_precision_at_100_std": 0.610292,
        "nauc_precision_at_100_diff1": -0.412187,
        "nauc_precision_at_1000_max": 0.123914,
        "nauc_precision_at_1000_std": 0.594071,
        "nauc_precision_at_1000_diff1": -0.410208,
        "nauc_mrr_at_1_max": 0.37117,
        "nauc_mrr_at_1_std": -0.029825,
        "nauc_mrr_at_1_diff1": 0.415234,
        "nauc_mrr_at_3_max": 0.412629,
        "nauc_mrr_at_3_std": -0.018955,
        "nauc_mrr_at_3_diff1": 0.407369,
        "nauc_mrr_at_5_max": 0.407886,
        "nauc_mrr_at_5_std": -0.013829,
        "nauc_mrr_at_5_diff1": 0.409023,
        "nauc_mrr_at_10_max": 0.410893,
        "nauc_mrr_at_10_std": -0.013789,
        "nauc_mrr_at_10_diff1": 0.410556,
        "nauc_mrr_at_20_max": 0.410787,
        "nauc_mrr_at_20_std": -0.013351,
        "nauc_mrr_at_20_diff1": 0.412727,
        "nauc_mrr_at_100_max": 0.409098,
        "nauc_mrr_at_100_std": -0.015088,
        "nauc_mrr_at_100_diff1": 0.411491,
        "nauc_mrr_at_1000_max": 0.409028,
        "nauc_mrr_at_1000_std": -0.015186,
        "nauc_mrr_at_1000_diff1": 0.411455,
        "hit_rate_at_1": 0.82106,
        "hit_rate_at_3": 0.91053,
        "hit_rate_at_5": 0.94035,
        "hit_rate_at_10": 0.96459,
        "hit_rate_at_20": 0.97856,
        "hit_rate_at_100": 0.99348,
        "hit_rate_at_1000": 0.99814,
        "main_score": 0.78437,
        "hf_subset": "default",
        "languages": [
          "eng-Latn"
        ],
        "mteb_version": "2.16.3"
      }
    ]
  },
  "evaluation_time": 357.3872173829004,
  "kg_co2_emissions": null,
  "date": 1783264212.168409,
  "evaluation_phases": [
    {
      "name": "Data loading",
      "start": 0.0,
      "end": 16.637478420510888,
      "split": "",
      "subset": ""
    },
    {
      "name": "Encoding queries and documents",
      "start": 16.66282146796584,
      "end": 356.5656598061323,
      "split": "test",
      "subset": "default"
    },
    {
      "name": "Scoring",
      "start": 356.56570368725806,
      "end": 357.3541181916371,
      "split": "test",
      "subset": "default"
    }
  ]
}