{
  "dataset_revision": "main",
  "task_name": "BioASQ-RAG-Resplit-ctx-rfg",
  "mteb_version": "2.18.0",
  "scores": {
    "test": [
      {
        "ndcg_at_1": 0.80615,
        "ndcg_at_3": 0.78645,
        "ndcg_at_5": 0.78291,
        "ndcg_at_10": 0.78217,
        "ndcg_at_20": 0.79955,
        "ndcg_at_100": 0.83916,
        "ndcg_at_1000": 0.84915,
        "map_at_1": 0.27434,
        "map_at_3": 0.42984,
        "map_at_5": 0.51119,
        "map_at_10": 0.61777,
        "map_at_20": 0.69054,
        "map_at_100": 0.73518,
        "map_at_1000": 0.73717,
        "recall_at_1": 0.27434,
        "recall_at_3": 0.45511,
        "recall_at_5": 0.55704,
        "recall_at_10": 0.6987,
        "recall_at_20": 0.81862,
        "recall_at_100": 0.94954,
        "recall_at_1000": 0.98693,
        "accuracy": 0.27434,
        "precision_at_1": 0.80615,
        "precision_at_3": 0.64244,
        "precision_at_5": 0.56645,
        "precision_at_10": 0.44445,
        "precision_at_20": 0.30732,
        "precision_at_100": 0.08357,
        "precision_at_1000": 0.00877,
        "mrr_at_1": 0.806151,
        "mrr_at_3": 0.852594,
        "mrr_at_5": 0.860236,
        "mrr_at_10": 0.862935,
        "mrr_at_20": 0.863693,
        "mrr_at_100": 0.864208,
        "mrr_at_1000": 0.864233,
        "nauc_ndcg_at_1_max": 0.496637,
        "nauc_ndcg_at_1_std": -0.276827,
        "nauc_ndcg_at_1_diff1": 0.414088,
        "nauc_ndcg_at_3_max": 0.471884,
        "nauc_ndcg_at_3_std": -0.267772,
        "nauc_ndcg_at_3_diff1": 0.301713,
        "nauc_ndcg_at_5_max": 0.478812,
        "nauc_ndcg_at_5_std": -0.261679,
        "nauc_ndcg_at_5_diff1": 0.307191,
        "nauc_ndcg_at_10_max": 0.473752,
        "nauc_ndcg_at_10_std": -0.29076,
        "nauc_ndcg_at_10_diff1": 0.315185,
        "nauc_ndcg_at_20_max": 0.481689,
        "nauc_ndcg_at_20_std": -0.316521,
        "nauc_ndcg_at_20_diff1": 0.337566,
        "nauc_ndcg_at_100_max": 0.490021,
        "nauc_ndcg_at_100_std": -0.226733,
        "nauc_ndcg_at_100_diff1": 0.313412,
        "nauc_ndcg_at_1000_max": 0.484293,
        "nauc_ndcg_at_1000_std": -0.218757,
        "nauc_ndcg_at_1000_diff1": 0.31392,
        "nauc_map_at_1_max": 0.4497,
        "nauc_map_at_1_std": -0.426999,
        "nauc_map_at_1_diff1": 0.713014,
        "nauc_map_at_3_max": 0.406133,
        "nauc_map_at_3_std": -0.515228,
        "nauc_map_at_3_diff1": 0.594034,
        "nauc_map_at_5_max": 0.425259,
        "nauc_map_at_5_std": -0.54668,
        "nauc_map_at_5_diff1": 0.541155,
        "nauc_map_at_10_max": 0.444145,
        "nauc_map_at_10_std": -0.532171,
        "nauc_map_at_10_diff1": 0.446197,
        "nauc_map_at_20_max": 0.463275,
        "nauc_map_at_20_std": -0.442695,
        "nauc_map_at_20_diff1": 0.370775,
        "nauc_map_at_100_max": 0.476325,
        "nauc_map_at_100_std": -0.288543,
        "nauc_map_at_100_diff1": 0.321465,
        "nauc_map_at_1000_max": 0.475352,
        "nauc_map_at_1000_std": -0.284347,
        "nauc_map_at_1000_diff1": 0.320766,
        "nauc_recall_at_1_max": 0.4497,
        "nauc_recall_at_1_std": -0.426999,
        "nauc_recall_at_1_diff1": 0.713014,
        "nauc_recall_at_3_max": 0.379893,
        "nauc_recall_at_3_std": -0.517533,
        "nauc_recall_at_3_diff1": 0.567921,
        "nauc_recall_at_5_max": 0.38708,
        "nauc_recall_at_5_std": -0.567469,
        "nauc_recall_at_5_diff1": 0.521913,
        "nauc_recall_at_10_max": 0.391417,
        "nauc_recall_at_10_std": -0.595256,
        "nauc_recall_at_10_diff1": 0.420625,
        "nauc_recall_at_20_max": 0.399526,
        "nauc_recall_at_20_std": -0.528595,
        "nauc_recall_at_20_diff1": 0.352304,
        "nauc_recall_at_100_max": 0.463789,
        "nauc_recall_at_100_std": -0.018821,
        "nauc_recall_at_100_diff1": 0.239121,
        "nauc_recall_at_1000_max": 0.446366,
        "nauc_recall_at_1000_std": 0.361018,
        "nauc_recall_at_1000_diff1": 0.30792,
        "nauc_precision_at_1_max": 0.496637,
        "nauc_precision_at_1_std": -0.276827,
        "nauc_precision_at_1_diff1": 0.414088,
        "nauc_precision_at_3_max": 0.01487,
        "nauc_precision_at_3_std": 0.10161,
        "nauc_precision_at_3_diff1": -0.338117,
        "nauc_precision_at_5_max": -0.03784,
        "nauc_precision_at_5_std": 0.216893,
        "nauc_precision_at_5_diff1": -0.415881,
        "nauc_precision_at_10_max": -0.078825,
        "nauc_precision_at_10_std": 0.333447,
        "nauc_precision_at_10_diff1": -0.434019,
        "nauc_precision_at_20_max": -0.100827,
        "nauc_precision_at_20_std": 0.443,
        "nauc_precision_at_20_diff1": -0.418136,
        "nauc_precision_at_100_max": -0.136503,
        "nauc_precision_at_100_std": 0.592611,
        "nauc_precision_at_100_diff1": -0.39862,
        "nauc_precision_at_1000_max": -0.15507,
        "nauc_precision_at_1000_std": 0.592875,
        "nauc_precision_at_1000_diff1": -0.394882,
        "nauc_mrr_at_1_max": 0.496637,
        "nauc_mrr_at_1_std": -0.276827,
        "nauc_mrr_at_1_diff1": 0.414088,
        "nauc_mrr_at_3_max": 0.509659,
        "nauc_mrr_at_3_std": -0.27062,
        "nauc_mrr_at_3_diff1": 0.391878,
        "nauc_mrr_at_5_max": 0.511617,
        "nauc_mrr_at_5_std": -0.277496,
        "nauc_mrr_at_5_diff1": 0.399209,
        "nauc_mrr_at_10_max": 0.511342,
        "nauc_mrr_at_10_std": -0.275108,
        "nauc_mrr_at_10_diff1": 0.399031,
        "nauc_mrr_at_20_max": 0.510923,
        "nauc_mrr_at_20_std": -0.274083,
        "nauc_mrr_at_20_diff1": 0.400336,
        "nauc_mrr_at_100_max": 0.510569,
        "nauc_mrr_at_100_std": -0.274133,
        "nauc_mrr_at_100_diff1": 0.400094,
        "nauc_mrr_at_1000_max": 0.510487,
        "nauc_mrr_at_1000_std": -0.2741,
        "nauc_mrr_at_1000_diff1": 0.400082,
        "hit_rate_at_1": 0.80615,
        "hit_rate_at_3": 0.90867,
        "hit_rate_at_5": 0.94129,
        "hit_rate_at_10": 0.96179,
        "hit_rate_at_20": 0.97297,
        "hit_rate_at_100": 0.98975,
        "hit_rate_at_1000": 0.99441,
        "main_score": 0.78217,
        "hf_subset": "default",
        "languages": [
          "eng-Latn"
        ],
        "mteb_version": "2.18.0"
      }
    ]
  },
  "evaluation_time": 246.0525195421651,
  "kg_co2_emissions": null,
  "date": 1784430162.568226,
  "evaluation_phases": [
    {
      "name": "Data loading",
      "start": 0.0,
      "end": 3.5953398251440376,
      "split": "",
      "subset": ""
    },
    {
      "name": "Encoding queries and documents",
      "start": 3.62120204907842,
      "end": 245.12941521103494,
      "split": "test",
      "subset": "default"
    },
    {
      "name": "Scoring",
      "start": 245.12944975704886,
      "end": 246.01794574107043,
      "split": "test",
      "subset": "default"
    }
  ]
}