{
  "dataset_revision": "main",
  "task_name": "TelcoDPR-RAG-ctx-k5-Title",
  "mteb_version": "2.18.0",
  "scores": {
    "test": [
      {
        "ndcg_at_1": 0.65392,
        "ndcg_at_3": 0.77458,
        "ndcg_at_5": 0.79952,
        "ndcg_at_10": 0.81482,
        "ndcg_at_20": 0.82092,
        "ndcg_at_100": 0.82353,
        "ndcg_at_1000": 0.8238,
        "map_at_1": 0.65392,
        "map_at_3": 0.74665,
        "map_at_5": 0.7608,
        "map_at_10": 0.76702,
        "map_at_20": 0.76885,
        "map_at_100": 0.76925,
        "map_at_1000": 0.76927,
        "recall_at_1": 0.65392,
        "recall_at_3": 0.85468,
        "recall_at_5": 0.91396,
        "recall_at_10": 0.96176,
        "recall_at_20": 0.9847,
        "recall_at_100": 0.99809,
        "recall_at_1000": 1.0,
        "accuracy": 0.65392,
        "precision_at_1": 0.65392,
        "precision_at_3": 0.28489,
        "precision_at_5": 0.18279,
        "precision_at_10": 0.09618,
        "precision_at_20": 0.04924,
        "precision_at_100": 0.00998,
        "precision_at_1000": 0.001,
        "mrr_at_1": 0.65392,
        "mrr_at_3": 0.746654,
        "mrr_at_5": 0.760803,
        "mrr_at_10": 0.767023,
        "mrr_at_20": 0.76885,
        "mrr_at_100": 0.769252,
        "mrr_at_1000": 0.769265,
        "nauc_ndcg_at_1_max": 0.020297,
        "nauc_ndcg_at_1_std": -0.449591,
        "nauc_ndcg_at_1_diff1": 0.65617,
        "nauc_ndcg_at_3_max": 0.09301,
        "nauc_ndcg_at_3_std": -0.46667,
        "nauc_ndcg_at_3_diff1": 0.57125,
        "nauc_ndcg_at_5_max": 0.083119,
        "nauc_ndcg_at_5_std": -0.466124,
        "nauc_ndcg_at_5_diff1": 0.559356,
        "nauc_ndcg_at_10_max": 0.078355,
        "nauc_ndcg_at_10_std": -0.440969,
        "nauc_ndcg_at_10_diff1": 0.561052,
        "nauc_ndcg_at_20_max": 0.066668,
        "nauc_ndcg_at_20_std": -0.440854,
        "nauc_ndcg_at_20_diff1": 0.575405,
        "nauc_ndcg_at_100_max": 0.057707,
        "nauc_ndcg_at_100_std": -0.451988,
        "nauc_ndcg_at_100_diff1": 0.587108,
        "nauc_ndcg_at_1000_max": 0.060881,
        "nauc_ndcg_at_1000_std": -0.453002,
        "nauc_ndcg_at_1000_diff1": 0.58687,
        "nauc_map_at_1_max": 0.020297,
        "nauc_map_at_1_std": -0.449591,
        "nauc_map_at_1_diff1": 0.65617,
        "nauc_map_at_3_max": 0.069369,
        "nauc_map_at_3_std": -0.462369,
        "nauc_map_at_3_diff1": 0.594438,
        "nauc_map_at_5_max": 0.06245,
        "nauc_map_at_5_std": -0.461972,
        "nauc_map_at_5_diff1": 0.589946,
        "nauc_map_at_10_max": 0.060107,
        "nauc_map_at_10_std": -0.453801,
        "nauc_map_at_10_diff1": 0.591312,
        "nauc_map_at_20_max": 0.057305,
        "nauc_map_at_20_std": -0.454032,
        "nauc_map_at_20_diff1": 0.594893,
        "nauc_map_at_100_max": 0.056229,
        "nauc_map_at_100_std": -0.455349,
        "nauc_map_at_100_diff1": 0.596235,
        "nauc_map_at_1000_max": 0.056352,
        "nauc_map_at_1000_std": -0.455389,
        "nauc_map_at_1000_diff1": 0.596226,
        "nauc_recall_at_1_max": 0.020297,
        "nauc_recall_at_1_std": -0.449591,
        "nauc_recall_at_1_diff1": 0.65617,
        "nauc_recall_at_3_max": 0.200623,
        "nauc_recall_at_3_std": -0.485463,
        "nauc_recall_at_3_diff1": 0.468468,
        "nauc_recall_at_5_max": 0.225938,
        "nauc_recall_at_5_std": -0.493142,
        "nauc_recall_at_5_diff1": 0.348602,
        "nauc_recall_at_10_max": 0.346417,
        "nauc_recall_at_10_std": -0.192297,
        "nauc_recall_at_10_diff1": 0.111632,
        "nauc_recall_at_20_max": 0.295122,
        "nauc_recall_at_20_std": 0.197722,
        "nauc_recall_at_20_diff1": -0.011678,
        "nauc_recall_at_100_max": -1.741576,
        "nauc_recall_at_100_std": 0.122353,
        "nauc_recall_at_100_diff1": 0.722165,
        "nauc_recall_at_1000_max": NaN,
        "nauc_recall_at_1000_std": NaN,
        "nauc_recall_at_1000_diff1": NaN,
        "nauc_precision_at_1_max": 0.020297,
        "nauc_precision_at_1_std": -0.449591,
        "nauc_precision_at_1_diff1": 0.65617,
        "nauc_precision_at_3_max": 0.200623,
        "nauc_precision_at_3_std": -0.485463,
        "nauc_precision_at_3_diff1": 0.468468,
        "nauc_precision_at_5_max": 0.225938,
        "nauc_precision_at_5_std": -0.493142,
        "nauc_precision_at_5_diff1": 0.348602,
        "nauc_precision_at_10_max": 0.346417,
        "nauc_precision_at_10_std": -0.192297,
        "nauc_precision_at_10_diff1": 0.111632,
        "nauc_precision_at_20_max": 0.295122,
        "nauc_precision_at_20_std": 0.197722,
        "nauc_precision_at_20_diff1": -0.011678,
        "nauc_precision_at_100_max": -1.741576,
        "nauc_precision_at_100_std": 0.122353,
        "nauc_precision_at_100_diff1": 0.722165,
        "nauc_precision_at_1000_max": 1.0,
        "nauc_precision_at_1000_std": 1.0,
        "nauc_precision_at_1000_diff1": 1.0,
        "nauc_mrr_at_1_max": 0.020297,
        "nauc_mrr_at_1_std": -0.449591,
        "nauc_mrr_at_1_diff1": 0.65617,
        "nauc_mrr_at_3_max": 0.069369,
        "nauc_mrr_at_3_std": -0.462369,
        "nauc_mrr_at_3_diff1": 0.594438,
        "nauc_mrr_at_5_max": 0.06245,
        "nauc_mrr_at_5_std": -0.461972,
        "nauc_mrr_at_5_diff1": 0.589946,
        "nauc_mrr_at_10_max": 0.060107,
        "nauc_mrr_at_10_std": -0.453801,
        "nauc_mrr_at_10_diff1": 0.591312,
        "nauc_mrr_at_20_max": 0.057305,
        "nauc_mrr_at_20_std": -0.454032,
        "nauc_mrr_at_20_diff1": 0.594893,
        "nauc_mrr_at_100_max": 0.056229,
        "nauc_mrr_at_100_std": -0.455349,
        "nauc_mrr_at_100_diff1": 0.596235,
        "nauc_mrr_at_1000_max": 0.056352,
        "nauc_mrr_at_1000_std": -0.455389,
        "nauc_mrr_at_1000_diff1": 0.596226,
        "hit_rate_at_1": 0.65392,
        "hit_rate_at_3": 0.85468,
        "hit_rate_at_5": 0.91396,
        "hit_rate_at_10": 0.96176,
        "hit_rate_at_20": 0.9847,
        "hit_rate_at_100": 0.99809,
        "hit_rate_at_1000": 1.0,
        "main_score": 0.81482,
        "hf_subset": "default",
        "languages": [
          "eng-Latn"
        ],
        "mteb_version": "2.18.0"
      }
    ]
  },
  "evaluation_time": 142.2486158250831,
  "kg_co2_emissions": null,
  "date": 1784328566.539819,
  "evaluation_phases": [
    {
      "name": "Data loading",
      "start": 0.0,
      "end": 2.3783456929959357,
      "split": "",
      "subset": ""
    },
    {
      "name": "Encoding queries and documents",
      "start": 2.384198293904774,
      "end": 141.78137982997578,
      "split": "test",
      "subset": "default"
    },
    {
      "name": "Scoring",
      "start": 141.7814048168948,
      "end": 142.2290880070068,
      "split": "test",
      "subset": "default"
    }
  ]
}