{
  "dataset_revision": "main",
  "task_name": "QASPER-RAG",
  "mteb_version": "2.18.0",
  "scores": {
    "test": [
      {
        "ndcg_at_1": 0.50916,
        "ndcg_at_3": 0.55016,
        "ndcg_at_5": 0.59007,
        "ndcg_at_10": 0.63706,
        "ndcg_at_20": 0.67911,
        "ndcg_at_100": 0.70508,
        "ndcg_at_1000": 0.70517,
        "map_at_1": 0.31641,
        "map_at_3": 0.4539,
        "map_at_5": 0.49967,
        "map_at_10": 0.53753,
        "map_at_20": 0.56026,
        "map_at_100": 0.57109,
        "map_at_1000": 0.57113,
        "recall_at_1": 0.31641,
        "recall_at_3": 0.54559,
        "recall_at_5": 0.66152,
        "recall_at_10": 0.79098,
        "recall_at_20": 0.91198,
        "recall_at_100": 0.9997,
        "recall_at_1000": 1.0,
        "accuracy": 0.31641,
        "precision_at_1": 0.50916,
        "precision_at_3": 0.34148,
        "precision_at_5": 0.26427,
        "precision_at_10": 0.17321,
        "precision_at_20": 0.10885,
        "precision_at_100": 0.02618,
        "precision_at_1000": 0.00262,
        "mrr_at_1": 0.50916,
        "mrr_at_3": 0.617048,
        "mrr_at_5": 0.637545,
        "mrr_at_10": 0.647418,
        "mrr_at_20": 0.651538,
        "mrr_at_100": 0.652467,
        "mrr_at_1000": 0.652467,
        "nauc_ndcg_at_1_max": 0.000101,
        "nauc_ndcg_at_1_std": 0.087648,
        "nauc_ndcg_at_1_diff1": 0.385544,
        "nauc_ndcg_at_3_max": -0.029214,
        "nauc_ndcg_at_3_std": 0.081709,
        "nauc_ndcg_at_3_diff1": 0.303755,
        "nauc_ndcg_at_5_max": -0.034491,
        "nauc_ndcg_at_5_std": 0.096619,
        "nauc_ndcg_at_5_diff1": 0.32722,
        "nauc_ndcg_at_10_max": -0.037674,
        "nauc_ndcg_at_10_std": 0.100507,
        "nauc_ndcg_at_10_diff1": 0.314437,
        "nauc_ndcg_at_20_max": -0.018512,
        "nauc_ndcg_at_20_std": 0.109523,
        "nauc_ndcg_at_20_diff1": 0.318333,
        "nauc_ndcg_at_100_max": -0.007875,
        "nauc_ndcg_at_100_std": 0.104415,
        "nauc_ndcg_at_100_diff1": 0.324161,
        "nauc_ndcg_at_1000_max": -0.007318,
        "nauc_ndcg_at_1000_std": 0.104465,
        "nauc_ndcg_at_1000_diff1": 0.324302,
        "nauc_map_at_1_max": -0.010725,
        "nauc_map_at_1_std": -0.026879,
        "nauc_map_at_1_diff1": 0.349488,
        "nauc_map_at_3_max": -0.037625,
        "nauc_map_at_3_std": 0.012135,
        "nauc_map_at_3_diff1": 0.30753,
        "nauc_map_at_5_max": -0.039744,
        "nauc_map_at_5_std": 0.043647,
        "nauc_map_at_5_diff1": 0.321242,
        "nauc_map_at_10_max": -0.035351,
        "nauc_map_at_10_std": 0.069866,
        "nauc_map_at_10_diff1": 0.312216,
        "nauc_map_at_20_max": -0.02494,
        "nauc_map_at_20_std": 0.084183,
        "nauc_map_at_20_diff1": 0.312204,
        "nauc_map_at_100_max": -0.018428,
        "nauc_map_at_100_std": 0.088832,
        "nauc_map_at_100_diff1": 0.314189,
        "nauc_map_at_1000_max": -0.018255,
        "nauc_map_at_1000_std": 0.088958,
        "nauc_map_at_1000_diff1": 0.314161,
        "nauc_recall_at_1_max": -0.010725,
        "nauc_recall_at_1_std": -0.026879,
        "nauc_recall_at_1_diff1": 0.349488,
        "nauc_recall_at_3_max": -0.061396,
        "nauc_recall_at_3_std": 0.003404,
        "nauc_recall_at_3_diff1": 0.250678,
        "nauc_recall_at_5_max": -0.081462,
        "nauc_recall_at_5_std": 0.054132,
        "nauc_recall_at_5_diff1": 0.286676,
        "nauc_recall_at_10_max": -0.122544,
        "nauc_recall_at_10_std": 0.082471,
        "nauc_recall_at_10_diff1": 0.245169,
        "nauc_recall_at_20_max": -0.104286,
        "nauc_recall_at_20_std": 0.150786,
        "nauc_recall_at_20_diff1": 0.212013,
        "nauc_recall_at_100_max": -1.342617,
        "nauc_recall_at_100_std": 0.291114,
        "nauc_recall_at_100_diff1": -0.435433,
        "nauc_recall_at_1000_max": NaN,
        "nauc_recall_at_1000_std": NaN,
        "nauc_recall_at_1000_diff1": NaN,
        "nauc_precision_at_1_max": 0.000101,
        "nauc_precision_at_1_std": 0.087648,
        "nauc_precision_at_1_diff1": 0.385544,
        "nauc_precision_at_3_max": -0.012683,
        "nauc_precision_at_3_std": 0.181765,
        "nauc_precision_at_3_diff1": 0.099014,
        "nauc_precision_at_5_max": 0.002718,
        "nauc_precision_at_5_std": 0.231458,
        "nauc_precision_at_5_diff1": 0.058178,
        "nauc_precision_at_10_max": 0.036199,
        "nauc_precision_at_10_std": 0.247919,
        "nauc_precision_at_10_diff1": -0.029288,
        "nauc_precision_at_20_max": 0.091853,
        "nauc_precision_at_20_std": 0.239345,
        "nauc_precision_at_20_diff1": -0.069729,
        "nauc_precision_at_100_max": 0.126239,
        "nauc_precision_at_100_std": 0.19323,
        "nauc_precision_at_100_diff1": -0.092526,
        "nauc_precision_at_1000_max": 0.128719,
        "nauc_precision_at_1000_std": 0.194371,
        "nauc_precision_at_1000_diff1": -0.092596,
        "nauc_mrr_at_1_max": 0.000101,
        "nauc_mrr_at_1_std": 0.087648,
        "nauc_mrr_at_1_diff1": 0.385544,
        "nauc_mrr_at_3_max": -0.001387,
        "nauc_mrr_at_3_std": 0.108846,
        "nauc_mrr_at_3_diff1": 0.352202,
        "nauc_mrr_at_5_max": -0.000972,
        "nauc_mrr_at_5_std": 0.116279,
        "nauc_mrr_at_5_diff1": 0.361533,
        "nauc_mrr_at_10_max": -0.00456,
        "nauc_mrr_at_10_std": 0.110967,
        "nauc_mrr_at_10_diff1": 0.36169,
        "nauc_mrr_at_20_max": -0.003955,
        "nauc_mrr_at_20_std": 0.109341,
        "nauc_mrr_at_20_diff1": 0.361498,
        "nauc_mrr_at_100_max": -0.003298,
        "nauc_mrr_at_100_std": 0.109055,
        "nauc_mrr_at_100_diff1": 0.361832,
        "nauc_mrr_at_1000_max": -0.003298,
        "nauc_mrr_at_1000_std": 0.109055,
        "nauc_mrr_at_1000_diff1": 0.361832,
        "hit_rate_at_1": 0.50916,
        "hit_rate_at_3": 0.75267,
        "hit_rate_at_5": 0.84427,
        "hit_rate_at_10": 0.91756,
        "hit_rate_at_20": 0.97328,
        "hit_rate_at_100": 1.0,
        "hit_rate_at_1000": 1.0,
        "main_score": 0.63706,
        "hf_subset": "default",
        "languages": [
          "eng-Latn"
        ],
        "mteb_version": "2.18.0"
      }
    ]
  },
  "evaluation_time": 198.69693818199448,
  "kg_co2_emissions": null,
  "date": 1783919455.688848,
  "evaluation_phases": [
    {
      "name": "Data loading",
      "start": 0.0,
      "end": 4.277098097954877,
      "split": "",
      "subset": ""
    },
    {
      "name": "Encoding queries and documents",
      "start": 4.290898554958403,
      "end": 198.5495006389683,
      "split": "test",
      "subset": "default"
    },
    {
      "name": "Scoring",
      "start": 198.5495244169142,
      "end": 198.68043775495607,
      "split": "test",
      "subset": "default"
    }
  ]
}