{
  "dataset_revision": "main",
  "task_name": "QASPER-RAG",
  "mteb_version": "2.16.3",
  "scores": {
    "test": [
      {
        "ndcg_at_1": 0.10382,
        "ndcg_at_3": 0.1174,
        "ndcg_at_5": 0.13019,
        "ndcg_at_10": 0.14743,
        "ndcg_at_20": 0.16653,
        "ndcg_at_100": 0.19799,
        "ndcg_at_1000": 0.23122,
        "map_at_1": 0.06058,
        "map_at_3": 0.09062,
        "map_at_5": 0.10155,
        "map_at_10": 0.11199,
        "map_at_20": 0.1196,
        "map_at_100": 0.12587,
        "map_at_1000": 0.12735,
        "recall_at_1": 0.06058,
        "recall_at_3": 0.11704,
        "recall_at_5": 0.15064,
        "recall_at_10": 0.1986,
        "recall_at_20": 0.25973,
        "recall_at_100": 0.39445,
        "recall_at_1000": 0.61577,
        "accuracy": 0.06058,
        "precision_at_1": 0.10382,
        "precision_at_3": 0.07608,
        "precision_at_5": 0.0629,
        "precision_at_10": 0.0445,
        "precision_at_20": 0.03061,
        "precision_at_100": 0.01004,
        "precision_at_1000": 0.00154,
        "mrr_at_1": 0.103817,
        "mrr_at_3": 0.139949,
        "mrr_at_5": 0.1493,
        "mrr_at_10": 0.156539,
        "mrr_at_20": 0.160962,
        "mrr_at_100": 0.1642,
        "mrr_at_1000": 0.165021,
        "nauc_ndcg_at_1_max": 0.216412,
        "nauc_ndcg_at_1_std": 0.134558,
        "nauc_ndcg_at_1_diff1": 0.322179,
        "nauc_ndcg_at_3_max": 0.243354,
        "nauc_ndcg_at_3_std": 0.175124,
        "nauc_ndcg_at_3_diff1": 0.260368,
        "nauc_ndcg_at_5_max": 0.249277,
        "nauc_ndcg_at_5_std": 0.198654,
        "nauc_ndcg_at_5_diff1": 0.243277,
        "nauc_ndcg_at_10_max": 0.270508,
        "nauc_ndcg_at_10_std": 0.230318,
        "nauc_ndcg_at_10_diff1": 0.229966,
        "nauc_ndcg_at_20_max": 0.296063,
        "nauc_ndcg_at_20_std": 0.263264,
        "nauc_ndcg_at_20_diff1": 0.221839,
        "nauc_ndcg_at_100_max": 0.316151,
        "nauc_ndcg_at_100_std": 0.30696,
        "nauc_ndcg_at_100_diff1": 0.213636,
        "nauc_ndcg_at_1000_max": 0.320744,
        "nauc_ndcg_at_1000_std": 0.31367,
        "nauc_ndcg_at_1000_diff1": 0.211842,
        "nauc_map_at_1_max": 0.256375,
        "nauc_map_at_1_std": 0.151591,
        "nauc_map_at_1_diff1": 0.355866,
        "nauc_map_at_3_max": 0.25454,
        "nauc_map_at_3_std": 0.170857,
        "nauc_map_at_3_diff1": 0.295136,
        "nauc_map_at_5_max": 0.258543,
        "nauc_map_at_5_std": 0.184908,
        "nauc_map_at_5_diff1": 0.275953,
        "nauc_map_at_10_max": 0.264099,
        "nauc_map_at_10_std": 0.197891,
        "nauc_map_at_10_diff1": 0.262304,
        "nauc_map_at_20_max": 0.27554,
        "nauc_map_at_20_std": 0.212401,
        "nauc_map_at_20_diff1": 0.256219,
        "nauc_map_at_100_max": 0.284034,
        "nauc_map_at_100_std": 0.228497,
        "nauc_map_at_100_diff1": 0.25348,
        "nauc_map_at_1000_max": 0.28476,
        "nauc_map_at_1000_std": 0.230025,
        "nauc_map_at_1000_diff1": 0.252778,
        "nauc_recall_at_1_max": 0.256375,
        "nauc_recall_at_1_std": 0.151591,
        "nauc_recall_at_1_diff1": 0.355866,
        "nauc_recall_at_3_max": 0.254316,
        "nauc_recall_at_3_std": 0.196323,
        "nauc_recall_at_3_diff1": 0.23047,
        "nauc_recall_at_5_max": 0.260193,
        "nauc_recall_at_5_std": 0.231622,
        "nauc_recall_at_5_diff1": 0.202987,
        "nauc_recall_at_10_max": 0.282736,
        "nauc_recall_at_10_std": 0.271672,
        "nauc_recall_at_10_diff1": 0.177064,
        "nauc_recall_at_20_max": 0.323018,
        "nauc_recall_at_20_std": 0.325771,
        "nauc_recall_at_20_diff1": 0.158097,
        "nauc_recall_at_100_max": 0.37304,
        "nauc_recall_at_100_std": 0.442525,
        "nauc_recall_at_100_diff1": 0.140812,
        "nauc_recall_at_1000_max": 0.414258,
        "nauc_recall_at_1000_std": 0.491412,
        "nauc_recall_at_1000_diff1": 0.142573,
        "nauc_precision_at_1_max": 0.216412,
        "nauc_precision_at_1_std": 0.134558,
        "nauc_precision_at_1_diff1": 0.322179,
        "nauc_precision_at_3_max": 0.226601,
        "nauc_precision_at_3_std": 0.178829,
        "nauc_precision_at_3_diff1": 0.216726,
        "nauc_precision_at_5_max": 0.216161,
        "nauc_precision_at_5_std": 0.191689,
        "nauc_precision_at_5_diff1": 0.160085,
        "nauc_precision_at_10_max": 0.244733,
        "nauc_precision_at_10_std": 0.240117,
        "nauc_precision_at_10_diff1": 0.128438,
        "nauc_precision_at_20_max": 0.291333,
        "nauc_precision_at_20_std": 0.295872,
        "nauc_precision_at_20_diff1": 0.115585,
        "nauc_precision_at_100_max": 0.320362,
        "nauc_precision_at_100_std": 0.38661,
        "nauc_precision_at_100_diff1": 0.08577,
        "nauc_precision_at_1000_max": 0.27148,
        "nauc_precision_at_1000_std": 0.34316,
        "nauc_precision_at_1000_diff1": 0.03644,
        "nauc_mrr_at_1_max": 0.216412,
        "nauc_mrr_at_1_std": 0.134558,
        "nauc_mrr_at_1_diff1": 0.322179,
        "nauc_mrr_at_3_max": 0.232388,
        "nauc_mrr_at_3_std": 0.178368,
        "nauc_mrr_at_3_diff1": 0.261625,
        "nauc_mrr_at_5_max": 0.235811,
        "nauc_mrr_at_5_std": 0.187491,
        "nauc_mrr_at_5_diff1": 0.256404,
        "nauc_mrr_at_10_max": 0.245158,
        "nauc_mrr_at_10_std": 0.203251,
        "nauc_mrr_at_10_diff1": 0.25107,
        "nauc_mrr_at_20_max": 0.24882,
        "nauc_mrr_at_20_std": 0.209123,
        "nauc_mrr_at_20_diff1": 0.247748,
        "nauc_mrr_at_100_max": 0.250409,
        "nauc_mrr_at_100_std": 0.212257,
        "nauc_mrr_at_100_diff1": 0.247068,
        "nauc_mrr_at_1000_max": 0.250568,
        "nauc_mrr_at_1000_std": 0.212288,
        "nauc_mrr_at_1000_diff1": 0.247146,
        "hit_rate_at_1": 0.10382,
        "hit_rate_at_3": 0.18473,
        "hit_rate_at_5": 0.22672,
        "hit_rate_at_10": 0.28015,
        "hit_rate_at_20": 0.34198,
        "hit_rate_at_100": 0.47405,
        "hit_rate_at_1000": 0.70229,
        "main_score": 0.14743,
        "hf_subset": "default",
        "languages": [
          "eng-Latn"
        ],
        "mteb_version": "2.16.3"
      }
    ]
  },
  "evaluation_time": 209.28929624904413,
  "kg_co2_emissions": null,
  "date": 1783621508.25713,
  "evaluation_phases": [
    {
      "name": "Data loading",
      "start": 0.0,
      "end": 3.4814927280240227,
      "split": "",
      "subset": ""
    },
    {
      "name": "Encoding queries and documents",
      "start": 3.496019956015516,
      "end": 208.06601741802297,
      "split": "test",
      "subset": "default"
    },
    {
      "name": "Scoring",
      "start": 208.06606198402005,
      "end": 209.24886535201222,
      "split": "test",
      "subset": "default"
    }
  ]
}