{
  "dataset_revision": "main",
  "task_name": "QASPER-RAG",
  "mteb_version": "2.16.3",
  "scores": {
    "test": [
      {
        "ndcg_at_1": 0.50992,
        "ndcg_at_3": 0.55026,
        "ndcg_at_5": 0.58985,
        "ndcg_at_10": 0.63708,
        "ndcg_at_20": 0.67933,
        "ndcg_at_100": 0.70532,
        "ndcg_at_1000": 0.70541,
        "map_at_1": 0.31724,
        "map_at_3": 0.45459,
        "map_at_5": 0.49987,
        "map_at_10": 0.5379,
        "map_at_20": 0.56069,
        "map_at_100": 0.57151,
        "map_at_1000": 0.57155,
        "recall_at_1": 0.31724,
        "recall_at_3": 0.54489,
        "recall_at_5": 0.66034,
        "recall_at_10": 0.79029,
        "recall_at_20": 0.91194,
        "recall_at_100": 0.9997,
        "recall_at_1000": 1.0,
        "accuracy": 0.31724,
        "precision_at_1": 0.50992,
        "precision_at_3": 0.34148,
        "precision_at_5": 0.26397,
        "precision_at_10": 0.17313,
        "precision_at_20": 0.10882,
        "precision_at_100": 0.02618,
        "precision_at_1000": 0.00262,
        "mrr_at_1": 0.509924,
        "mrr_at_3": 0.616921,
        "mrr_at_5": 0.637341,
        "mrr_at_10": 0.647438,
        "mrr_at_20": 0.651694,
        "mrr_at_100": 0.652623,
        "mrr_at_1000": 0.652623,
        "nauc_ndcg_at_1_max": -0.001011,
        "nauc_ndcg_at_1_std": 0.085638,
        "nauc_ndcg_at_1_diff1": 0.382388,
        "nauc_ndcg_at_3_max": -0.027761,
        "nauc_ndcg_at_3_std": 0.080612,
        "nauc_ndcg_at_3_diff1": 0.303809,
        "nauc_ndcg_at_5_max": -0.032057,
        "nauc_ndcg_at_5_std": 0.096249,
        "nauc_ndcg_at_5_diff1": 0.324871,
        "nauc_ndcg_at_10_max": -0.036635,
        "nauc_ndcg_at_10_std": 0.100019,
        "nauc_ndcg_at_10_diff1": 0.31348,
        "nauc_ndcg_at_20_max": -0.018311,
        "nauc_ndcg_at_20_std": 0.108437,
        "nauc_ndcg_at_20_diff1": 0.317028,
        "nauc_ndcg_at_100_max": -0.008034,
        "nauc_ndcg_at_100_std": 0.103369,
        "nauc_ndcg_at_100_diff1": 0.322354,
        "nauc_ndcg_at_1000_max": -0.007478,
        "nauc_ndcg_at_1000_std": 0.103419,
        "nauc_ndcg_at_1000_diff1": 0.322494,
        "nauc_map_at_1_max": -0.010694,
        "nauc_map_at_1_std": -0.028119,
        "nauc_map_at_1_diff1": 0.346131,
        "nauc_map_at_3_max": -0.037003,
        "nauc_map_at_3_std": 0.011123,
        "nauc_map_at_3_diff1": 0.306344,
        "nauc_map_at_5_max": -0.038336,
        "nauc_map_at_5_std": 0.042407,
        "nauc_map_at_5_diff1": 0.318999,
        "nauc_map_at_10_max": -0.035205,
        "nauc_map_at_10_std": 0.068638,
        "nauc_map_at_10_diff1": 0.310909,
        "nauc_map_at_20_max": -0.024786,
        "nauc_map_at_20_std": 0.082847,
        "nauc_map_at_20_diff1": 0.310456,
        "nauc_map_at_100_max": -0.018364,
        "nauc_map_at_100_std": 0.087551,
        "nauc_map_at_100_diff1": 0.312304,
        "nauc_map_at_1000_max": -0.018192,
        "nauc_map_at_1000_std": 0.087677,
        "nauc_map_at_1000_diff1": 0.312277,
        "nauc_recall_at_1_max": -0.010694,
        "nauc_recall_at_1_std": -0.028119,
        "nauc_recall_at_1_diff1": 0.346131,
        "nauc_recall_at_3_max": -0.057949,
        "nauc_recall_at_3_std": 0.003317,
        "nauc_recall_at_3_diff1": 0.253505,
        "nauc_recall_at_5_max": -0.075332,
        "nauc_recall_at_5_std": 0.055764,
        "nauc_recall_at_5_diff1": 0.284891,
        "nauc_recall_at_10_max": -0.118458,
        "nauc_recall_at_10_std": 0.083732,
        "nauc_recall_at_10_diff1": 0.247784,
        "nauc_recall_at_20_max": -0.101894,
        "nauc_recall_at_20_std": 0.15007,
        "nauc_recall_at_20_diff1": 0.215848,
        "nauc_recall_at_100_max": -1.342617,
        "nauc_recall_at_100_std": 0.291114,
        "nauc_recall_at_100_diff1": -0.435433,
        "nauc_recall_at_1000_max": NaN,
        "nauc_recall_at_1000_std": NaN,
        "nauc_recall_at_1000_diff1": NaN,
        "nauc_precision_at_1_max": -0.001011,
        "nauc_precision_at_1_std": 0.085638,
        "nauc_precision_at_1_diff1": 0.382388,
        "nauc_precision_at_3_max": -0.011653,
        "nauc_precision_at_3_std": 0.18041,
        "nauc_precision_at_3_diff1": 0.101799,
        "nauc_precision_at_5_max": 0.005498,
        "nauc_precision_at_5_std": 0.230956,
        "nauc_precision_at_5_diff1": 0.057214,
        "nauc_precision_at_10_max": 0.036965,
        "nauc_precision_at_10_std": 0.247735,
        "nauc_precision_at_10_diff1": -0.027203,
        "nauc_precision_at_20_max": 0.091724,
        "nauc_precision_at_20_std": 0.239844,
        "nauc_precision_at_20_diff1": -0.068876,
        "nauc_precision_at_100_max": 0.12556,
        "nauc_precision_at_100_std": 0.193679,
        "nauc_precision_at_100_diff1": -0.092691,
        "nauc_precision_at_1000_max": 0.128042,
        "nauc_precision_at_1000_std": 0.194818,
        "nauc_precision_at_1000_diff1": -0.092761,
        "nauc_mrr_at_1_max": -0.001011,
        "nauc_mrr_at_1_std": 0.085638,
        "nauc_mrr_at_1_diff1": 0.382388,
        "nauc_mrr_at_3_max": -0.001371,
        "nauc_mrr_at_3_std": 0.107706,
        "nauc_mrr_at_3_diff1": 0.352047,
        "nauc_mrr_at_5_max": -0.000902,
        "nauc_mrr_at_5_std": 0.115941,
        "nauc_mrr_at_5_diff1": 0.359596,
        "nauc_mrr_at_10_max": -0.0045,
        "nauc_mrr_at_10_std": 0.110232,
        "nauc_mrr_at_10_diff1": 0.360073,
        "nauc_mrr_at_20_max": -0.004475,
        "nauc_mrr_at_20_std": 0.108206,
        "nauc_mrr_at_20_diff1": 0.359632,
        "nauc_mrr_at_100_max": -0.003824,
        "nauc_mrr_at_100_std": 0.107915,
        "nauc_mrr_at_100_diff1": 0.359965,
        "nauc_mrr_at_1000_max": -0.003824,
        "nauc_mrr_at_1000_std": 0.107915,
        "nauc_mrr_at_1000_diff1": 0.359965,
        "hit_rate_at_1": 0.50992,
        "hit_rate_at_3": 0.75115,
        "hit_rate_at_5": 0.84198,
        "hit_rate_at_10": 0.91603,
        "hit_rate_at_20": 0.97328,
        "hit_rate_at_100": 1.0,
        "hit_rate_at_1000": 1.0,
        "main_score": 0.63708,
        "hf_subset": "default",
        "languages": [
          "eng-Latn"
        ],
        "mteb_version": "2.16.3"
      }
    ]
  },
  "evaluation_time": 198.3209789689863,
  "kg_co2_emissions": null,
  "date": 1783640478.858689,
  "evaluation_phases": [
    {
      "name": "Data loading",
      "start": 0.0,
      "end": 4.190301013994031,
      "split": "",
      "subset": ""
    },
    {
      "name": "Encoding queries and documents",
      "start": 4.204372589010745,
      "end": 198.17366395302815,
      "split": "test",
      "subset": "default"
    },
    {
      "name": "Scoring",
      "start": 198.17368796700612,
      "end": 198.30455714202253,
      "split": "test",
      "subset": "default"
    }
  ]
}