{
  "dataset_revision": "main",
  "task_name": "NarrativeQA-RAG-ctx-k5",
  "mteb_version": "2.18.0",
  "scores": {
    "test": [
      {
        "ndcg_at_1": 0.77145,
        "ndcg_at_3": 0.82165,
        "ndcg_at_5": 0.83083,
        "ndcg_at_10": 0.83786,
        "ndcg_at_20": 0.84289,
        "ndcg_at_100": 0.85043,
        "ndcg_at_1000": 0.8549,
        "map_at_1": 0.77145,
        "map_at_3": 0.80978,
        "map_at_5": 0.81491,
        "map_at_10": 0.81787,
        "map_at_20": 0.81925,
        "map_at_100": 0.82029,
        "map_at_1000": 0.82044,
        "recall_at_1": 0.77145,
        "recall_at_3": 0.85581,
        "recall_at_5": 0.87795,
        "recall_at_10": 0.89932,
        "recall_at_20": 0.91927,
        "recall_at_100": 0.96002,
        "recall_at_1000": 0.99618,
        "accuracy": 0.77145,
        "precision_at_1": 0.77145,
        "precision_at_3": 0.28527,
        "precision_at_5": 0.17559,
        "precision_at_10": 0.08993,
        "precision_at_20": 0.04596,
        "precision_at_100": 0.0096,
        "precision_at_1000": 0.001,
        "mrr_at_1": 0.771448,
        "mrr_at_3": 0.809778,
        "mrr_at_5": 0.814912,
        "mrr_at_10": 0.817874,
        "mrr_at_20": 0.819251,
        "mrr_at_100": 0.820285,
        "mrr_at_1000": 0.820437,
        "nauc_ndcg_at_1_max": 0.623609,
        "nauc_ndcg_at_1_std": -0.152709,
        "nauc_ndcg_at_1_diff1": 0.796505,
        "nauc_ndcg_at_3_max": 0.646717,
        "nauc_ndcg_at_3_std": -0.172362,
        "nauc_ndcg_at_3_diff1": 0.757371,
        "nauc_ndcg_at_5_max": 0.652309,
        "nauc_ndcg_at_5_std": -0.171935,
        "nauc_ndcg_at_5_diff1": 0.75601,
        "nauc_ndcg_at_10_max": 0.653303,
        "nauc_ndcg_at_10_std": -0.167707,
        "nauc_ndcg_at_10_diff1": 0.753041,
        "nauc_ndcg_at_20_max": 0.653697,
        "nauc_ndcg_at_20_std": -0.161103,
        "nauc_ndcg_at_20_diff1": 0.755465,
        "nauc_ndcg_at_100_max": 0.650351,
        "nauc_ndcg_at_100_std": -0.156303,
        "nauc_ndcg_at_100_diff1": 0.756865,
        "nauc_ndcg_at_1000_max": 0.648098,
        "nauc_ndcg_at_1000_std": -0.159878,
        "nauc_ndcg_at_1000_diff1": 0.760591,
        "nauc_map_at_1_max": 0.623609,
        "nauc_map_at_1_std": -0.152709,
        "nauc_map_at_1_diff1": 0.796505,
        "nauc_map_at_3_max": 0.640671,
        "nauc_map_at_3_std": -0.167046,
        "nauc_map_at_3_diff1": 0.767582,
        "nauc_map_at_5_max": 0.643483,
        "nauc_map_at_5_std": -0.166554,
        "nauc_map_at_5_diff1": 0.767132,
        "nauc_map_at_10_max": 0.643713,
        "nauc_map_at_10_std": -0.164909,
        "nauc_map_at_10_diff1": 0.766167,
        "nauc_map_at_20_max": 0.643725,
        "nauc_map_at_20_std": -0.163443,
        "nauc_map_at_20_diff1": 0.766852,
        "nauc_map_at_100_max": 0.643298,
        "nauc_map_at_100_std": -0.162858,
        "nauc_map_at_100_diff1": 0.767062,
        "nauc_map_at_1000_max": 0.643226,
        "nauc_map_at_1000_std": -0.162884,
        "nauc_map_at_1000_diff1": 0.767166,
        "nauc_recall_at_1_max": 0.623609,
        "nauc_recall_at_1_std": -0.152709,
        "nauc_recall_at_1_diff1": 0.796505,
        "nauc_recall_at_3_max": 0.668671,
        "nauc_recall_at_3_std": -0.191771,
        "nauc_recall_at_3_diff1": 0.720304,
        "nauc_recall_at_5_max": 0.689657,
        "nauc_recall_at_5_std": -0.194327,
        "nauc_recall_at_5_diff1": 0.710035,
        "nauc_recall_at_10_max": 0.701248,
        "nauc_recall_at_10_std": -0.178607,
        "nauc_recall_at_10_diff1": 0.687915,
        "nauc_recall_at_20_max": 0.715987,
        "nauc_recall_at_20_std": -0.131224,
        "nauc_recall_at_20_diff1": 0.689503,
        "nauc_recall_at_100_max": 0.715058,
        "nauc_recall_at_100_std": -0.012507,
        "nauc_recall_at_100_diff1": 0.650018,
        "nauc_recall_at_1000_max": 0.684688,
        "nauc_recall_at_1000_std": 0.138848,
        "nauc_recall_at_1000_diff1": 0.72272,
        "nauc_precision_at_1_max": 0.623609,
        "nauc_precision_at_1_std": -0.152709,
        "nauc_precision_at_1_diff1": 0.796505,
        "nauc_precision_at_3_max": 0.668671,
        "nauc_precision_at_3_std": -0.191771,
        "nauc_precision_at_3_diff1": 0.720304,
        "nauc_precision_at_5_max": 0.689657,
        "nauc_precision_at_5_std": -0.194327,
        "nauc_precision_at_5_diff1": 0.710035,
        "nauc_precision_at_10_max": 0.701248,
        "nauc_precision_at_10_std": -0.178607,
        "nauc_precision_at_10_diff1": 0.687915,
        "nauc_precision_at_20_max": 0.715987,
        "nauc_precision_at_20_std": -0.131224,
        "nauc_precision_at_20_diff1": 0.689503,
        "nauc_precision_at_100_max": 0.715058,
        "nauc_precision_at_100_std": -0.012507,
        "nauc_precision_at_100_diff1": 0.650018,
        "nauc_precision_at_1000_max": 0.684688,
        "nauc_precision_at_1000_std": 0.138848,
        "nauc_precision_at_1000_diff1": 0.72272,
        "nauc_mrr_at_1_max": 0.623609,
        "nauc_mrr_at_1_std": -0.152709,
        "nauc_mrr_at_1_diff1": 0.796505,
        "nauc_mrr_at_3_max": 0.640671,
        "nauc_mrr_at_3_std": -0.167046,
        "nauc_mrr_at_3_diff1": 0.767582,
        "nauc_mrr_at_5_max": 0.643483,
        "nauc_mrr_at_5_std": -0.166554,
        "nauc_mrr_at_5_diff1": 0.767132,
        "nauc_mrr_at_10_max": 0.643713,
        "nauc_mrr_at_10_std": -0.164909,
        "nauc_mrr_at_10_diff1": 0.766167,
        "nauc_mrr_at_20_max": 0.643725,
        "nauc_mrr_at_20_std": -0.163443,
        "nauc_mrr_at_20_diff1": 0.766852,
        "nauc_mrr_at_100_max": 0.643298,
        "nauc_mrr_at_100_std": -0.162858,
        "nauc_mrr_at_100_diff1": 0.767062,
        "nauc_mrr_at_1000_max": 0.643226,
        "nauc_mrr_at_1000_std": -0.162884,
        "nauc_mrr_at_1000_diff1": 0.767166,
        "hit_rate_at_1": 0.77145,
        "hit_rate_at_3": 0.85581,
        "hit_rate_at_5": 0.87795,
        "hit_rate_at_10": 0.89932,
        "hit_rate_at_20": 0.91927,
        "hit_rate_at_100": 0.96002,
        "hit_rate_at_1000": 0.99618,
        "main_score": 0.83786,
        "hf_subset": "default",
        "languages": [
          "eng-Latn"
        ],
        "mteb_version": "2.18.0"
      }
    ]
  },
  "evaluation_time": 2527.8672838269267,
  "kg_co2_emissions": null,
  "date": 1784000533.498503,
  "evaluation_phases": [
    {
      "name": "Data loading",
      "start": 0.0,
      "end": 2.9974278380395845,
      "split": "",
      "subset": ""
    },
    {
      "name": "Encoding queries and documents",
      "start": 3.074290264979936,
      "end": 2519.6272858640878,
      "split": "test",
      "subset": "default"
    },
    {
      "name": "Scoring",
      "start": 2519.6273422200466,
      "end": 2527.6945624310756,
      "split": "test",
      "subset": "default"
    }
  ]
}