{
  "dataset_revision": "main",
  "task_name": "QASPER-RAG-ctx-rfg",
  "mteb_version": "2.18.0",
  "scores": {
    "test": [
      {
        "ndcg_at_1": 0.22901,
        "ndcg_at_3": 0.2175,
        "ndcg_at_5": 0.22424,
        "ndcg_at_10": 0.2379,
        "ndcg_at_20": 0.25423,
        "ndcg_at_100": 0.28268,
        "ndcg_at_1000": 0.30581,
        "map_at_1": 0.13744,
        "map_at_3": 0.17561,
        "map_at_5": 0.18672,
        "map_at_10": 0.1965,
        "map_at_20": 0.20253,
        "map_at_100": 0.20825,
        "map_at_1000": 0.20936,
        "recall_at_1": 0.13744,
        "recall_at_3": 0.20048,
        "recall_at_5": 0.23262,
        "recall_at_10": 0.27747,
        "recall_at_20": 0.3315,
        "recall_at_100": 0.45265,
        "recall_at_1000": 0.59876,
        "accuracy": 0.13744,
        "precision_at_1": 0.22901,
        "precision_at_3": 0.12799,
        "precision_at_5": 0.09328,
        "precision_at_10": 0.05863,
        "precision_at_20": 0.03611,
        "precision_at_100": 0.01069,
        "precision_at_1000": 0.00147,
        "mrr_at_1": 0.229008,
        "mrr_at_3": 0.263359,
        "mrr_at_5": 0.27126,
        "mrr_at_10": 0.278324,
        "mrr_at_20": 0.282469,
        "mrr_at_100": 0.285009,
        "mrr_at_1000": 0.285571,
        "nauc_ndcg_at_1_max": 0.502226,
        "nauc_ndcg_at_1_std": 0.021139,
        "nauc_ndcg_at_1_diff1": 0.602257,
        "nauc_ndcg_at_3_max": 0.47345,
        "nauc_ndcg_at_3_std": 0.020896,
        "nauc_ndcg_at_3_diff1": 0.535524,
        "nauc_ndcg_at_5_max": 0.468137,
        "nauc_ndcg_at_5_std": 0.013876,
        "nauc_ndcg_at_5_diff1": 0.536257,
        "nauc_ndcg_at_10_max": 0.4826,
        "nauc_ndcg_at_10_std": 0.026643,
        "nauc_ndcg_at_10_diff1": 0.54111,
        "nauc_ndcg_at_20_max": 0.501085,
        "nauc_ndcg_at_20_std": 0.038003,
        "nauc_ndcg_at_20_diff1": 0.537583,
        "nauc_ndcg_at_100_max": 0.528099,
        "nauc_ndcg_at_100_std": 0.068045,
        "nauc_ndcg_at_100_diff1": 0.552943,
        "nauc_ndcg_at_1000_max": 0.539436,
        "nauc_ndcg_at_1000_std": 0.068491,
        "nauc_ndcg_at_1000_diff1": 0.55866,
        "nauc_map_at_1_max": 0.409409,
        "nauc_map_at_1_std": -0.003156,
        "nauc_map_at_1_diff1": 0.552322,
        "nauc_map_at_3_max": 0.441123,
        "nauc_map_at_3_std": 0.020574,
        "nauc_map_at_3_diff1": 0.526371,
        "nauc_map_at_5_max": 0.448404,
        "nauc_map_at_5_std": 0.018768,
        "nauc_map_at_5_diff1": 0.526311,
        "nauc_map_at_10_max": 0.462305,
        "nauc_map_at_10_std": 0.026261,
        "nauc_map_at_10_diff1": 0.531467,
        "nauc_map_at_20_max": 0.470687,
        "nauc_map_at_20_std": 0.03222,
        "nauc_map_at_20_diff1": 0.53096,
        "nauc_map_at_100_max": 0.479731,
        "nauc_map_at_100_std": 0.041983,
        "nauc_map_at_100_diff1": 0.535836,
        "nauc_map_at_1000_max": 0.480488,
        "nauc_map_at_1000_std": 0.041942,
        "nauc_map_at_1000_diff1": 0.5361,
        "nauc_recall_at_1_max": 0.409409,
        "nauc_recall_at_1_std": -0.003156,
        "nauc_recall_at_1_diff1": 0.552322,
        "nauc_recall_at_3_max": 0.42572,
        "nauc_recall_at_3_std": 0.019931,
        "nauc_recall_at_3_diff1": 0.487265,
        "nauc_recall_at_5_max": 0.424871,
        "nauc_recall_at_5_std": 0.007278,
        "nauc_recall_at_5_diff1": 0.483753,
        "nauc_recall_at_10_max": 0.449462,
        "nauc_recall_at_10_std": 0.030118,
        "nauc_recall_at_10_diff1": 0.487427,
        "nauc_recall_at_20_max": 0.494224,
        "nauc_recall_at_20_std": 0.052795,
        "nauc_recall_at_20_diff1": 0.474293,
        "nauc_recall_at_100_max": 0.567767,
        "nauc_recall_at_100_std": 0.137484,
        "nauc_recall_at_100_diff1": 0.515702,
        "nauc_recall_at_1000_max": 0.63587,
        "nauc_recall_at_1000_std": 0.152578,
        "nauc_recall_at_1000_diff1": 0.545583,
        "nauc_precision_at_1_max": 0.502226,
        "nauc_precision_at_1_std": 0.021139,
        "nauc_precision_at_1_diff1": 0.602257,
        "nauc_precision_at_3_max": 0.508652,
        "nauc_precision_at_3_std": 0.052131,
        "nauc_precision_at_3_diff1": 0.482861,
        "nauc_precision_at_5_max": 0.494864,
        "nauc_precision_at_5_std": 0.044608,
        "nauc_precision_at_5_diff1": 0.461913,
        "nauc_precision_at_10_max": 0.501351,
        "nauc_precision_at_10_std": 0.07452,
        "nauc_precision_at_10_diff1": 0.445398,
        "nauc_precision_at_20_max": 0.520861,
        "nauc_precision_at_20_std": 0.113763,
        "nauc_precision_at_20_diff1": 0.414677,
        "nauc_precision_at_100_max": 0.517442,
        "nauc_precision_at_100_std": 0.194246,
        "nauc_precision_at_100_diff1": 0.404834,
        "nauc_precision_at_1000_max": 0.464305,
        "nauc_precision_at_1000_std": 0.139357,
        "nauc_precision_at_1000_diff1": 0.349919,
        "nauc_mrr_at_1_max": 0.502226,
        "nauc_mrr_at_1_std": 0.021139,
        "nauc_mrr_at_1_diff1": 0.602257,
        "nauc_mrr_at_3_max": 0.502216,
        "nauc_mrr_at_3_std": 0.019311,
        "nauc_mrr_at_3_diff1": 0.571406,
        "nauc_mrr_at_5_max": 0.503272,
        "nauc_mrr_at_5_std": 0.015676,
        "nauc_mrr_at_5_diff1": 0.574963,
        "nauc_mrr_at_10_max": 0.505799,
        "nauc_mrr_at_10_std": 0.017431,
        "nauc_mrr_at_10_diff1": 0.575752,
        "nauc_mrr_at_20_max": 0.509594,
        "nauc_mrr_at_20_std": 0.016929,
        "nauc_mrr_at_20_diff1": 0.574954,
        "nauc_mrr_at_100_max": 0.510696,
        "nauc_mrr_at_100_std": 0.018203,
        "nauc_mrr_at_100_diff1": 0.575655,
        "nauc_mrr_at_1000_max": 0.51092,
        "nauc_mrr_at_1000_std": 0.018287,
        "nauc_mrr_at_1000_diff1": 0.575819,
        "hit_rate_at_1": 0.22901,
        "hit_rate_at_3": 0.30534,
        "hit_rate_at_5": 0.34046,
        "hit_rate_at_10": 0.39237,
        "hit_rate_at_20": 0.45267,
        "hit_rate_at_100": 0.55878,
        "hit_rate_at_1000": 0.69237,
        "main_score": 0.2379,
        "hf_subset": "default",
        "languages": [
          "eng-Latn"
        ],
        "mteb_version": "2.18.0"
      }
    ]
  },
  "evaluation_time": 155.8454183631111,
  "kg_co2_emissions": null,
  "date": 1784437782.781615,
  "evaluation_phases": [
    {
      "name": "Data loading",
      "start": 0.0,
      "end": 3.4674208180513233,
      "split": "",
      "subset": ""
    },
    {
      "name": "Encoding queries and documents",
      "start": 3.481956345960498,
      "end": 154.52229748782702,
      "split": "test",
      "subset": "default"
    },
    {
      "name": "Scoring",
      "start": 154.52233342989348,
      "end": 155.79398420383222,
      "split": "test",
      "subset": "default"
    }
  ]
}