{
  "dataset_revision": "main",
  "task_name": "TelcoDPR-RAG",
  "mteb_version": "2.16.3",
  "scores": {
    "test": [
      {
        "ndcg_at_1": 0.51625,
        "ndcg_at_3": 0.62988,
        "ndcg_at_5": 0.66008,
        "ndcg_at_10": 0.6829,
        "ndcg_at_20": 0.69417,
        "ndcg_at_100": 0.70972,
        "ndcg_at_1000": 0.71256,
        "map_at_1": 0.51625,
        "map_at_3": 0.60293,
        "map_at_5": 0.61985,
        "map_at_10": 0.62923,
        "map_at_20": 0.63241,
        "map_at_100": 0.63477,
        "map_at_1000": 0.63487,
        "recall_at_1": 0.51625,
        "recall_at_3": 0.70746,
        "recall_at_5": 0.78011,
        "recall_at_10": 0.85086,
        "recall_at_20": 0.89484,
        "recall_at_100": 0.97514,
        "recall_at_1000": 0.99809,
        "accuracy": 0.51625,
        "precision_at_1": 0.51625,
        "precision_at_3": 0.23582,
        "precision_at_5": 0.15602,
        "precision_at_10": 0.08509,
        "precision_at_20": 0.04474,
        "precision_at_100": 0.00975,
        "precision_at_1000": 0.001,
        "mrr_at_1": 0.516252,
        "mrr_at_3": 0.602932,
        "mrr_at_5": 0.619853,
        "mrr_at_10": 0.629233,
        "mrr_at_20": 0.63241,
        "mrr_at_100": 0.634774,
        "mrr_at_1000": 0.634867,
        "nauc_ndcg_at_1_max": 0.073014,
        "nauc_ndcg_at_1_std": -0.339778,
        "nauc_ndcg_at_1_diff1": 0.753459,
        "nauc_ndcg_at_3_max": 0.162003,
        "nauc_ndcg_at_3_std": -0.348283,
        "nauc_ndcg_at_3_diff1": 0.723778,
        "nauc_ndcg_at_5_max": 0.193603,
        "nauc_ndcg_at_5_std": -0.346792,
        "nauc_ndcg_at_5_diff1": 0.717785,
        "nauc_ndcg_at_10_max": 0.173133,
        "nauc_ndcg_at_10_std": -0.342275,
        "nauc_ndcg_at_10_diff1": 0.721205,
        "nauc_ndcg_at_20_max": 0.159631,
        "nauc_ndcg_at_20_std": -0.34188,
        "nauc_ndcg_at_20_diff1": 0.723219,
        "nauc_ndcg_at_100_max": 0.16251,
        "nauc_ndcg_at_100_std": -0.323404,
        "nauc_ndcg_at_100_diff1": 0.724535,
        "nauc_ndcg_at_1000_max": 0.153276,
        "nauc_ndcg_at_1000_std": -0.336258,
        "nauc_ndcg_at_1000_diff1": 0.72726,
        "nauc_map_at_1_max": 0.073014,
        "nauc_map_at_1_std": -0.339778,
        "nauc_map_at_1_diff1": 0.753459,
        "nauc_map_at_3_max": 0.135022,
        "nauc_map_at_3_std": -0.34832,
        "nauc_map_at_3_diff1": 0.731283,
        "nauc_map_at_5_max": 0.149975,
        "nauc_map_at_5_std": -0.348171,
        "nauc_map_at_5_diff1": 0.728516,
        "nauc_map_at_10_max": 0.14143,
        "nauc_map_at_10_std": -0.346386,
        "nauc_map_at_10_diff1": 0.729957,
        "nauc_map_at_20_max": 0.13776,
        "nauc_map_at_20_std": -0.346659,
        "nauc_map_at_20_diff1": 0.730645,
        "nauc_map_at_100_max": 0.137762,
        "nauc_map_at_100_std": -0.34439,
        "nauc_map_at_100_diff1": 0.730975,
        "nauc_map_at_1000_max": 0.13751,
        "nauc_map_at_1000_std": -0.344717,
        "nauc_map_at_1000_diff1": 0.731044,
        "nauc_recall_at_1_max": 0.073014,
        "nauc_recall_at_1_std": -0.339778,
        "nauc_recall_at_1_diff1": 0.753459,
        "nauc_recall_at_3_max": 0.256694,
        "nauc_recall_at_3_std": -0.346986,
        "nauc_recall_at_3_diff1": 0.698103,
        "nauc_recall_at_5_max": 0.38467,
        "nauc_recall_at_5_std": -0.338121,
        "nauc_recall_at_5_diff1": 0.672015,
        "nauc_recall_at_10_max": 0.350946,
        "nauc_recall_at_10_std": -0.312005,
        "nauc_recall_at_10_diff1": 0.672897,
        "nauc_recall_at_20_max": 0.296596,
        "nauc_recall_at_20_std": -0.290967,
        "nauc_recall_at_20_diff1": 0.67098,
        "nauc_recall_at_100_max": 0.886173,
        "nauc_recall_at_100_std": 0.72185,
        "nauc_recall_at_100_diff1": 0.5475,
        "nauc_recall_at_1000_max": 0.869364,
        "nauc_recall_at_1000_std": 1.0,
        "nauc_recall_at_1000_diff1": 1.0,
        "nauc_precision_at_1_max": 0.073014,
        "nauc_precision_at_1_std": -0.339778,
        "nauc_precision_at_1_diff1": 0.753459,
        "nauc_precision_at_3_max": 0.256694,
        "nauc_precision_at_3_std": -0.346986,
        "nauc_precision_at_3_diff1": 0.698103,
        "nauc_precision_at_5_max": 0.38467,
        "nauc_precision_at_5_std": -0.338121,
        "nauc_precision_at_5_diff1": 0.672015,
        "nauc_precision_at_10_max": 0.350946,
        "nauc_precision_at_10_std": -0.312005,
        "nauc_precision_at_10_diff1": 0.672897,
        "nauc_precision_at_20_max": 0.296596,
        "nauc_precision_at_20_std": -0.290967,
        "nauc_precision_at_20_diff1": 0.67098,
        "nauc_precision_at_100_max": 0.886173,
        "nauc_precision_at_100_std": 0.72185,
        "nauc_precision_at_100_diff1": 0.5475,
        "nauc_precision_at_1000_max": 0.869364,
        "nauc_precision_at_1000_std": 1.0,
        "nauc_precision_at_1000_diff1": 1.0,
        "nauc_mrr_at_1_max": 0.073014,
        "nauc_mrr_at_1_std": -0.339778,
        "nauc_mrr_at_1_diff1": 0.753459,
        "nauc_mrr_at_3_max": 0.135022,
        "nauc_mrr_at_3_std": -0.34832,
        "nauc_mrr_at_3_diff1": 0.731283,
        "nauc_mrr_at_5_max": 0.149975,
        "nauc_mrr_at_5_std": -0.348171,
        "nauc_mrr_at_5_diff1": 0.728516,
        "nauc_mrr_at_10_max": 0.14143,
        "nauc_mrr_at_10_std": -0.346386,
        "nauc_mrr_at_10_diff1": 0.729957,
        "nauc_mrr_at_20_max": 0.13776,
        "nauc_mrr_at_20_std": -0.346659,
        "nauc_mrr_at_20_diff1": 0.730645,
        "nauc_mrr_at_100_max": 0.137762,
        "nauc_mrr_at_100_std": -0.34439,
        "nauc_mrr_at_100_diff1": 0.730975,
        "nauc_mrr_at_1000_max": 0.13751,
        "nauc_mrr_at_1000_std": -0.344717,
        "nauc_mrr_at_1000_diff1": 0.731044,
        "hit_rate_at_1": 0.51625,
        "hit_rate_at_3": 0.70746,
        "hit_rate_at_5": 0.78011,
        "hit_rate_at_10": 0.85086,
        "hit_rate_at_20": 0.89484,
        "hit_rate_at_100": 0.97514,
        "hit_rate_at_1000": 0.99809,
        "main_score": 0.6829,
        "hf_subset": "default",
        "languages": [
          "eng-Latn"
        ],
        "mteb_version": "2.16.3"
      }
    ]
  },
  "evaluation_time": 110.20728109398624,
  "kg_co2_emissions": null,
  "date": 1783623265.550127,
  "evaluation_phases": [
    {
      "name": "Data loading",
      "start": 0.0,
      "end": 3.451859938999405,
      "split": "",
      "subset": ""
    },
    {
      "name": "Encoding queries and documents",
      "start": 3.4602786469913553,
      "end": 109.75303333898773,
      "split": "test",
      "subset": "default"
    },
    {
      "name": "Scoring",
      "start": 109.7530621449987,
      "end": 110.18634530398413,
      "split": "test",
      "subset": "default"
    }
  ]
}