{
  "dataset_revision": "main",
  "task_name": "TelcoDPR-RAG",
  "mteb_version": "2.18.0",
  "scores": {
    "test": [
      {
        "ndcg_at_1": 0.5239,
        "ndcg_at_3": 0.63225,
        "ndcg_at_5": 0.66344,
        "ndcg_at_10": 0.68671,
        "ndcg_at_20": 0.69698,
        "ndcg_at_100": 0.71296,
        "ndcg_at_1000": 0.71561,
        "map_at_1": 0.5239,
        "map_at_3": 0.60676,
        "map_at_5": 0.62435,
        "map_at_10": 0.63382,
        "map_at_20": 0.6367,
        "map_at_100": 0.63916,
        "map_at_1000": 0.63925,
        "recall_at_1": 0.5239,
        "recall_at_3": 0.70554,
        "recall_at_5": 0.78011,
        "recall_at_10": 0.85277,
        "recall_at_20": 0.89293,
        "recall_at_100": 0.97514,
        "recall_at_1000": 0.99618,
        "accuracy": 0.5239,
        "precision_at_1": 0.5239,
        "precision_at_3": 0.23518,
        "precision_at_5": 0.15602,
        "precision_at_10": 0.08528,
        "precision_at_20": 0.04465,
        "precision_at_100": 0.00975,
        "precision_at_1000": 0.001,
        "mrr_at_1": 0.523901,
        "mrr_at_3": 0.606756,
        "mrr_at_5": 0.624347,
        "mrr_at_10": 0.633819,
        "mrr_at_20": 0.636701,
        "mrr_at_100": 0.639156,
        "mrr_at_1000": 0.639249,
        "nauc_ndcg_at_1_max": 0.074779,
        "nauc_ndcg_at_1_std": -0.336501,
        "nauc_ndcg_at_1_diff1": 0.733555,
        "nauc_ndcg_at_3_max": 0.1652,
        "nauc_ndcg_at_3_std": -0.345466,
        "nauc_ndcg_at_3_diff1": 0.7154,
        "nauc_ndcg_at_5_max": 0.195896,
        "nauc_ndcg_at_5_std": -0.344807,
        "nauc_ndcg_at_5_diff1": 0.708652,
        "nauc_ndcg_at_10_max": 0.175723,
        "nauc_ndcg_at_10_std": -0.340871,
        "nauc_ndcg_at_10_diff1": 0.710026,
        "nauc_ndcg_at_20_max": 0.161294,
        "nauc_ndcg_at_20_std": -0.342099,
        "nauc_ndcg_at_20_diff1": 0.712283,
        "nauc_ndcg_at_100_max": 0.166056,
        "nauc_ndcg_at_100_std": -0.320671,
        "nauc_ndcg_at_100_diff1": 0.712681,
        "nauc_ndcg_at_1000_max": 0.157531,
        "nauc_ndcg_at_1000_std": -0.332283,
        "nauc_ndcg_at_1000_diff1": 0.715329,
        "nauc_map_at_1_max": 0.074779,
        "nauc_map_at_1_std": -0.336501,
        "nauc_map_at_1_diff1": 0.733555,
        "nauc_map_at_3_max": 0.138437,
        "nauc_map_at_3_std": -0.345205,
        "nauc_map_at_3_diff1": 0.71961,
        "nauc_map_at_5_max": 0.152944,
        "nauc_map_at_5_std": -0.345457,
        "nauc_map_at_5_diff1": 0.71638,
        "nauc_map_at_10_max": 0.144759,
        "nauc_map_at_10_std": -0.343725,
        "nauc_map_at_10_diff1": 0.716901,
        "nauc_map_at_20_max": 0.141003,
        "nauc_map_at_20_std": -0.344203,
        "nauc_map_at_20_diff1": 0.717605,
        "nauc_map_at_100_max": 0.141313,
        "nauc_map_at_100_std": -0.341373,
        "nauc_map_at_100_diff1": 0.717776,
        "nauc_map_at_1000_max": 0.141063,
        "nauc_map_at_1000_std": -0.341694,
        "nauc_map_at_1000_diff1": 0.717841,
        "nauc_recall_at_1_max": 0.074779,
        "nauc_recall_at_1_std": -0.336501,
        "nauc_recall_at_1_diff1": 0.733555,
        "nauc_recall_at_3_max": 0.257988,
        "nauc_recall_at_3_std": -0.345294,
        "nauc_recall_at_3_diff1": 0.701329,
        "nauc_recall_at_5_max": 0.382432,
        "nauc_recall_at_5_std": -0.339519,
        "nauc_recall_at_5_diff1": 0.675473,
        "nauc_recall_at_10_max": 0.348365,
        "nauc_recall_at_10_std": -0.319339,
        "nauc_recall_at_10_diff1": 0.670884,
        "nauc_recall_at_20_max": 0.277533,
        "nauc_recall_at_20_std": -0.320453,
        "nauc_recall_at_20_diff1": 0.676136,
        "nauc_recall_at_100_max": 0.886173,
        "nauc_recall_at_100_std": 0.710527,
        "nauc_recall_at_100_diff1": 0.562573,
        "nauc_recall_at_1000_max": 0.934682,
        "nauc_recall_at_1000_std": 1.0,
        "nauc_recall_at_1000_diff1": 1.0,
        "nauc_precision_at_1_max": 0.074779,
        "nauc_precision_at_1_std": -0.336501,
        "nauc_precision_at_1_diff1": 0.733555,
        "nauc_precision_at_3_max": 0.257988,
        "nauc_precision_at_3_std": -0.345294,
        "nauc_precision_at_3_diff1": 0.701329,
        "nauc_precision_at_5_max": 0.382432,
        "nauc_precision_at_5_std": -0.339519,
        "nauc_precision_at_5_diff1": 0.675473,
        "nauc_precision_at_10_max": 0.348365,
        "nauc_precision_at_10_std": -0.319339,
        "nauc_precision_at_10_diff1": 0.670884,
        "nauc_precision_at_20_max": 0.277533,
        "nauc_precision_at_20_std": -0.320453,
        "nauc_precision_at_20_diff1": 0.676136,
        "nauc_precision_at_100_max": 0.886173,
        "nauc_precision_at_100_std": 0.710527,
        "nauc_precision_at_100_diff1": 0.562573,
        "nauc_precision_at_1000_max": 0.934682,
        "nauc_precision_at_1000_std": 1.0,
        "nauc_precision_at_1000_diff1": 1.0,
        "nauc_mrr_at_1_max": 0.074779,
        "nauc_mrr_at_1_std": -0.336501,
        "nauc_mrr_at_1_diff1": 0.733555,
        "nauc_mrr_at_3_max": 0.138437,
        "nauc_mrr_at_3_std": -0.345205,
        "nauc_mrr_at_3_diff1": 0.71961,
        "nauc_mrr_at_5_max": 0.152944,
        "nauc_mrr_at_5_std": -0.345457,
        "nauc_mrr_at_5_diff1": 0.71638,
        "nauc_mrr_at_10_max": 0.144759,
        "nauc_mrr_at_10_std": -0.343725,
        "nauc_mrr_at_10_diff1": 0.716901,
        "nauc_mrr_at_20_max": 0.141003,
        "nauc_mrr_at_20_std": -0.344203,
        "nauc_mrr_at_20_diff1": 0.717605,
        "nauc_mrr_at_100_max": 0.141313,
        "nauc_mrr_at_100_std": -0.341373,
        "nauc_mrr_at_100_diff1": 0.717776,
        "nauc_mrr_at_1000_max": 0.141063,
        "nauc_mrr_at_1000_std": -0.341694,
        "nauc_mrr_at_1000_diff1": 0.717841,
        "hit_rate_at_1": 0.5239,
        "hit_rate_at_3": 0.70554,
        "hit_rate_at_5": 0.78011,
        "hit_rate_at_10": 0.85277,
        "hit_rate_at_20": 0.89293,
        "hit_rate_at_100": 0.97514,
        "hit_rate_at_1000": 0.99618,
        "main_score": 0.68671,
        "hf_subset": "default",
        "languages": [
          "eng-Latn"
        ],
        "mteb_version": "2.18.0"
      }
    ]
  },
  "evaluation_time": 109.17427383200265,
  "kg_co2_emissions": null,
  "date": 1783919320.285736,
  "evaluation_phases": [
    {
      "name": "Data loading",
      "start": 0.0,
      "end": 3.361246912041679,
      "split": "",
      "subset": ""
    },
    {
      "name": "Encoding queries and documents",
      "start": 3.369951048051007,
      "end": 108.6491368530551,
      "split": "test",
      "subset": "default"
    },
    {
      "name": "Scoring",
      "start": 108.64917064795736,
      "end": 109.15472076204605,
      "split": "test",
      "subset": "default"
    }
  ]
}