{
  "dataset_revision": "main",
  "task_name": "TelcoDPR-RAG",
  "mteb_version": "2.18.0",
  "scores": {
    "test": [
      {
        "ndcg_at_1": 0.32887,
        "ndcg_at_3": 0.4605,
        "ndcg_at_5": 0.4958,
        "ndcg_at_10": 0.52933,
        "ndcg_at_20": 0.54506,
        "ndcg_at_100": 0.57155,
        "ndcg_at_1000": 0.5778,
        "map_at_1": 0.32887,
        "map_at_3": 0.42862,
        "map_at_5": 0.44812,
        "map_at_10": 0.46204,
        "map_at_20": 0.4665,
        "map_at_100": 0.47039,
        "map_at_1000": 0.47066,
        "recall_at_1": 0.32887,
        "recall_at_3": 0.55258,
        "recall_at_5": 0.63862,
        "recall_at_10": 0.74187,
        "recall_at_20": 0.80306,
        "recall_at_100": 0.94264,
        "recall_at_1000": 0.99044,
        "accuracy": 0.32887,
        "precision_at_1": 0.32887,
        "precision_at_3": 0.18419,
        "precision_at_5": 0.12772,
        "precision_at_10": 0.07419,
        "precision_at_20": 0.04015,
        "precision_at_100": 0.00943,
        "precision_at_1000": 0.00099,
        "mrr_at_1": 0.328872,
        "mrr_at_3": 0.428617,
        "mrr_at_5": 0.44812,
        "mrr_at_10": 0.462041,
        "mrr_at_20": 0.466496,
        "mrr_at_100": 0.470394,
        "mrr_at_1000": 0.470656,
        "nauc_ndcg_at_1_max": 0.079224,
        "nauc_ndcg_at_1_std": -0.091801,
        "nauc_ndcg_at_1_diff1": 0.380535,
        "nauc_ndcg_at_3_max": 0.082233,
        "nauc_ndcg_at_3_std": -0.109806,
        "nauc_ndcg_at_3_diff1": 0.384337,
        "nauc_ndcg_at_5_max": 0.117349,
        "nauc_ndcg_at_5_std": -0.089644,
        "nauc_ndcg_at_5_diff1": 0.386151,
        "nauc_ndcg_at_10_max": 0.124101,
        "nauc_ndcg_at_10_std": -0.086093,
        "nauc_ndcg_at_10_diff1": 0.382506,
        "nauc_ndcg_at_20_max": 0.127351,
        "nauc_ndcg_at_20_std": -0.07453,
        "nauc_ndcg_at_20_diff1": 0.382618,
        "nauc_ndcg_at_100_max": 0.132631,
        "nauc_ndcg_at_100_std": -0.053998,
        "nauc_ndcg_at_100_diff1": 0.39241,
        "nauc_ndcg_at_1000_max": 0.117,
        "nauc_ndcg_at_1000_std": -0.072264,
        "nauc_ndcg_at_1000_diff1": 0.387503,
        "nauc_map_at_1_max": 0.079224,
        "nauc_map_at_1_std": -0.091801,
        "nauc_map_at_1_diff1": 0.380535,
        "nauc_map_at_3_max": 0.081733,
        "nauc_map_at_3_std": -0.103141,
        "nauc_map_at_3_diff1": 0.382432,
        "nauc_map_at_5_max": 0.099988,
        "nauc_map_at_5_std": -0.092376,
        "nauc_map_at_5_diff1": 0.383265,
        "nauc_map_at_10_max": 0.102073,
        "nauc_map_at_10_std": -0.090433,
        "nauc_map_at_10_diff1": 0.381814,
        "nauc_map_at_20_max": 0.102834,
        "nauc_map_at_20_std": -0.087281,
        "nauc_map_at_20_diff1": 0.381834,
        "nauc_map_at_100_max": 0.102956,
        "nauc_map_at_100_std": -0.08491,
        "nauc_map_at_100_diff1": 0.383781,
        "nauc_map_at_1000_max": 0.102363,
        "nauc_map_at_1000_std": -0.085562,
        "nauc_map_at_1000_diff1": 0.383574,
        "nauc_recall_at_1_max": 0.079224,
        "nauc_recall_at_1_std": -0.091801,
        "nauc_recall_at_1_diff1": 0.380535,
        "nauc_recall_at_3_max": 0.08363,
        "nauc_recall_at_3_std": -0.130768,
        "nauc_recall_at_3_diff1": 0.390472,
        "nauc_recall_at_5_max": 0.18151,
        "nauc_recall_at_5_std": -0.077928,
        "nauc_recall_at_5_diff1": 0.396617,
        "nauc_recall_at_10_max": 0.227779,
        "nauc_recall_at_10_std": -0.065175,
        "nauc_recall_at_10_diff1": 0.384412,
        "nauc_recall_at_20_max": 0.2715,
        "nauc_recall_at_20_std": 0.008743,
        "nauc_recall_at_20_diff1": 0.385842,
        "nauc_recall_at_100_max": 0.752383,
        "nauc_recall_at_100_std": 0.713269,
        "nauc_recall_at_100_diff1": 0.581293,
        "nauc_recall_at_1000_max": 0.606901,
        "nauc_recall_at_1000_std": 0.69609,
        "nauc_recall_at_1000_diff1": 0.543883,
        "nauc_precision_at_1_max": 0.079224,
        "nauc_precision_at_1_std": -0.091801,
        "nauc_precision_at_1_diff1": 0.380535,
        "nauc_precision_at_3_max": 0.08363,
        "nauc_precision_at_3_std": -0.130768,
        "nauc_precision_at_3_diff1": 0.390472,
        "nauc_precision_at_5_max": 0.18151,
        "nauc_precision_at_5_std": -0.077928,
        "nauc_precision_at_5_diff1": 0.396617,
        "nauc_precision_at_10_max": 0.227779,
        "nauc_precision_at_10_std": -0.065175,
        "nauc_precision_at_10_diff1": 0.384412,
        "nauc_precision_at_20_max": 0.2715,
        "nauc_precision_at_20_std": 0.008743,
        "nauc_precision_at_20_diff1": 0.385842,
        "nauc_precision_at_100_max": 0.752383,
        "nauc_precision_at_100_std": 0.713269,
        "nauc_precision_at_100_diff1": 0.581293,
        "nauc_precision_at_1000_max": 0.606901,
        "nauc_precision_at_1000_std": 0.69609,
        "nauc_precision_at_1000_diff1": 0.543883,
        "nauc_mrr_at_1_max": 0.079224,
        "nauc_mrr_at_1_std": -0.091801,
        "nauc_mrr_at_1_diff1": 0.380535,
        "nauc_mrr_at_3_max": 0.081733,
        "nauc_mrr_at_3_std": -0.103141,
        "nauc_mrr_at_3_diff1": 0.382432,
        "nauc_mrr_at_5_max": 0.099988,
        "nauc_mrr_at_5_std": -0.092376,
        "nauc_mrr_at_5_diff1": 0.383265,
        "nauc_mrr_at_10_max": 0.102073,
        "nauc_mrr_at_10_std": -0.090433,
        "nauc_mrr_at_10_diff1": 0.381814,
        "nauc_mrr_at_20_max": 0.102834,
        "nauc_mrr_at_20_std": -0.087281,
        "nauc_mrr_at_20_diff1": 0.381834,
        "nauc_mrr_at_100_max": 0.102956,
        "nauc_mrr_at_100_std": -0.08491,
        "nauc_mrr_at_100_diff1": 0.383781,
        "nauc_mrr_at_1000_max": 0.102363,
        "nauc_mrr_at_1000_std": -0.085562,
        "nauc_mrr_at_1000_diff1": 0.383574,
        "hit_rate_at_1": 0.32887,
        "hit_rate_at_3": 0.55258,
        "hit_rate_at_5": 0.63862,
        "hit_rate_at_10": 0.74187,
        "hit_rate_at_20": 0.80306,
        "hit_rate_at_100": 0.94264,
        "hit_rate_at_1000": 0.99044,
        "main_score": 0.52933,
        "hf_subset": "default",
        "languages": [
          "eng-Latn"
        ],
        "mteb_version": "2.18.0"
      }
    ]
  },
  "evaluation_time": 85.37661634001415,
  "kg_co2_emissions": null,
  "date": 1783919152.310736,
  "evaluation_phases": [
    {
      "name": "Data loading",
      "start": 0.0,
      "end": 3.4024666249752045,
      "split": "",
      "subset": ""
    },
    {
      "name": "Encoding queries and documents",
      "start": 3.4111450519412756,
      "end": 84.9025603729533,
      "split": "test",
      "subset": "default"
    },
    {
      "name": "Scoring",
      "start": 84.90259254793637,
      "end": 85.35574604792055,
      "split": "test",
      "subset": "default"
    }
  ]
}