{
  "dataset_revision": "main",
  "task_name": "QASPER-RAG-ctx-k3-Title",
  "mteb_version": "2.18.0",
  "scores": {
    "test": [
      {
        "ndcg_at_1": 0.57939,
        "ndcg_at_3": 0.56262,
        "ndcg_at_5": 0.5993,
        "ndcg_at_10": 0.6477,
        "ndcg_at_20": 0.68963,
        "ndcg_at_100": 0.71631,
        "ndcg_at_1000": 0.71663,
        "map_at_1": 0.34422,
        "map_at_3": 0.4652,
        "map_at_5": 0.5142,
        "map_at_10": 0.55592,
        "map_at_20": 0.57857,
        "map_at_100": 0.5889,
        "map_at_1000": 0.58895,
        "recall_at_1": 0.34422,
        "recall_at_3": 0.52564,
        "recall_at_5": 0.63649,
        "recall_at_10": 0.77233,
        "recall_at_20": 0.90108,
        "recall_at_100": 0.99852,
        "recall_at_1000": 1.0,
        "accuracy": 0.34422,
        "precision_at_1": 0.57939,
        "precision_at_3": 0.34351,
        "precision_at_5": 0.26931,
        "precision_at_10": 0.17939,
        "precision_at_20": 0.11061,
        "precision_at_100": 0.02615,
        "precision_at_1000": 0.00262,
        "mrr_at_1": 0.579389,
        "mrr_at_3": 0.645038,
        "mrr_at_5": 0.662824,
        "mrr_at_10": 0.674013,
        "mrr_at_20": 0.679117,
        "mrr_at_100": 0.680585,
        "mrr_at_1000": 0.680585,
        "nauc_ndcg_at_1_max": 0.284421,
        "nauc_ndcg_at_1_std": -0.318173,
        "nauc_ndcg_at_1_diff1": 0.410015,
        "nauc_ndcg_at_3_max": 0.254507,
        "nauc_ndcg_at_3_std": -0.365418,
        "nauc_ndcg_at_3_diff1": 0.331004,
        "nauc_ndcg_at_5_max": 0.270852,
        "nauc_ndcg_at_5_std": -0.370762,
        "nauc_ndcg_at_5_diff1": 0.324976,
        "nauc_ndcg_at_10_max": 0.274487,
        "nauc_ndcg_at_10_std": -0.395164,
        "nauc_ndcg_at_10_diff1": 0.322602,
        "nauc_ndcg_at_20_max": 0.273922,
        "nauc_ndcg_at_20_std": -0.40041,
        "nauc_ndcg_at_20_diff1": 0.332245,
        "nauc_ndcg_at_100_max": 0.272057,
        "nauc_ndcg_at_100_std": -0.36587,
        "nauc_ndcg_at_100_diff1": 0.331286,
        "nauc_ndcg_at_1000_max": 0.27239,
        "nauc_ndcg_at_1000_std": -0.364235,
        "nauc_ndcg_at_1000_diff1": 0.331312,
        "nauc_map_at_1_max": 0.25481,
        "nauc_map_at_1_std": -0.285195,
        "nauc_map_at_1_diff1": 0.436194,
        "nauc_map_at_3_max": 0.263477,
        "nauc_map_at_3_std": -0.354617,
        "nauc_map_at_3_diff1": 0.366526,
        "nauc_map_at_5_max": 0.270845,
        "nauc_map_at_5_std": -0.367263,
        "nauc_map_at_5_diff1": 0.350342,
        "nauc_map_at_10_max": 0.26822,
        "nauc_map_at_10_std": -0.381553,
        "nauc_map_at_10_diff1": 0.335178,
        "nauc_map_at_20_max": 0.267203,
        "nauc_map_at_20_std": -0.379669,
        "nauc_map_at_20_diff1": 0.333327,
        "nauc_map_at_100_max": 0.268241,
        "nauc_map_at_100_std": -0.365464,
        "nauc_map_at_100_diff1": 0.329465,
        "nauc_map_at_1000_max": 0.268335,
        "nauc_map_at_1000_std": -0.365264,
        "nauc_map_at_1000_diff1": 0.329467,
        "nauc_recall_at_1_max": 0.25481,
        "nauc_recall_at_1_std": -0.285195,
        "nauc_recall_at_1_diff1": 0.436194,
        "nauc_recall_at_3_max": 0.239569,
        "nauc_recall_at_3_std": -0.372128,
        "nauc_recall_at_3_diff1": 0.31943,
        "nauc_recall_at_5_max": 0.252169,
        "nauc_recall_at_5_std": -0.383868,
        "nauc_recall_at_5_diff1": 0.280414,
        "nauc_recall_at_10_max": 0.244348,
        "nauc_recall_at_10_std": -0.457703,
        "nauc_recall_at_10_diff1": 0.236309,
        "nauc_recall_at_20_max": 0.234657,
        "nauc_recall_at_20_std": -0.612484,
        "nauc_recall_at_20_diff1": 0.28136,
        "nauc_recall_at_100_max": 0.027085,
        "nauc_recall_at_100_std": -1.321764,
        "nauc_recall_at_100_diff1": 0.19265,
        "nauc_recall_at_1000_max": NaN,
        "nauc_recall_at_1000_std": NaN,
        "nauc_recall_at_1000_diff1": NaN,
        "nauc_precision_at_1_max": 0.284421,
        "nauc_precision_at_1_std": -0.318173,
        "nauc_precision_at_1_diff1": 0.410015,
        "nauc_precision_at_3_max": 0.116778,
        "nauc_precision_at_3_std": -0.230812,
        "nauc_precision_at_3_diff1": 0.048836,
        "nauc_precision_at_5_max": 0.065774,
        "nauc_precision_at_5_std": -0.141048,
        "nauc_precision_at_5_diff1": -0.050761,
        "nauc_precision_at_10_max": -0.001222,
        "nauc_precision_at_10_std": -0.045386,
        "nauc_precision_at_10_diff1": -0.142875,
        "nauc_precision_at_20_max": -0.048125,
        "nauc_precision_at_20_std": 0.05625,
        "nauc_precision_at_20_diff1": -0.189096,
        "nauc_precision_at_100_max": -0.055747,
        "nauc_precision_at_100_std": 0.20057,
        "nauc_precision_at_100_diff1": -0.211321,
        "nauc_precision_at_1000_max": -0.054716,
        "nauc_precision_at_1000_std": 0.203648,
        "nauc_precision_at_1000_diff1": -0.211151,
        "nauc_mrr_at_1_max": 0.284421,
        "nauc_mrr_at_1_std": -0.318173,
        "nauc_mrr_at_1_diff1": 0.410015,
        "nauc_mrr_at_3_max": 0.282869,
        "nauc_mrr_at_3_std": -0.362261,
        "nauc_mrr_at_3_diff1": 0.380385,
        "nauc_mrr_at_5_max": 0.285046,
        "nauc_mrr_at_5_std": -0.36209,
        "nauc_mrr_at_5_diff1": 0.378242,
        "nauc_mrr_at_10_max": 0.286021,
        "nauc_mrr_at_10_std": -0.3615,
        "nauc_mrr_at_10_diff1": 0.37699,
        "nauc_mrr_at_20_max": 0.286046,
        "nauc_mrr_at_20_std": -0.361619,
        "nauc_mrr_at_20_diff1": 0.380056,
        "nauc_mrr_at_100_max": 0.286013,
        "nauc_mrr_at_100_std": -0.360108,
        "nauc_mrr_at_100_diff1": 0.380544,
        "nauc_mrr_at_1000_max": 0.286013,
        "nauc_mrr_at_1000_std": -0.360108,
        "nauc_mrr_at_1000_diff1": 0.380544,
        "hit_rate_at_1": 0.57939,
        "hit_rate_at_3": 0.72748,
        "hit_rate_at_5": 0.80458,
        "hit_rate_at_10": 0.88702,
        "hit_rate_at_20": 0.95725,
        "hit_rate_at_100": 1.0,
        "hit_rate_at_1000": 1.0,
        "main_score": 0.6477,
        "hf_subset": "default",
        "languages": [
          "eng-Latn"
        ],
        "mteb_version": "2.18.0"
      }
    ]
  },
  "evaluation_time": 817.552112104022,
  "kg_co2_emissions": null,
  "date": 1784330502.102169,
  "evaluation_phases": [
    {
      "name": "Data loading",
      "start": 0.0,
      "end": 2.4115301999263465,
      "split": "",
      "subset": ""
    },
    {
      "name": "Encoding queries and documents",
      "start": 2.4223402770003304,
      "end": 816.353310516919,
      "split": "test",
      "subset": "default"
    },
    {
      "name": "Scoring",
      "start": 816.3533451479161,
      "end": 817.5131976410048,
      "split": "test",
      "subset": "default"
    }
  ]
}