{
  "dataset_revision": "main",
  "task_name": "TelcoDPR-RAG-ctx-k7",
  "mteb_version": "2.18.0",
  "scores": {
    "test": [
      {
        "ndcg_at_1": 0.58126,
        "ndcg_at_3": 0.6968,
        "ndcg_at_5": 0.71663,
        "ndcg_at_10": 0.73518,
        "ndcg_at_20": 0.74264,
        "ndcg_at_100": 0.75316,
        "ndcg_at_1000": 0.75518,
        "map_at_1": 0.58126,
        "map_at_3": 0.66922,
        "map_at_5": 0.68031,
        "map_at_10": 0.68795,
        "map_at_20": 0.69011,
        "map_at_100": 0.69151,
        "map_at_1000": 0.6916,
        "recall_at_1": 0.58126,
        "recall_at_3": 0.77629,
        "recall_at_5": 0.82409,
        "recall_at_10": 0.88145,
        "recall_at_20": 0.91013,
        "recall_at_100": 0.9675,
        "recall_at_1000": 0.98279,
        "accuracy": 0.58126,
        "precision_at_1": 0.58126,
        "precision_at_3": 0.25876,
        "precision_at_5": 0.16482,
        "precision_at_10": 0.08815,
        "precision_at_20": 0.04551,
        "precision_at_100": 0.00967,
        "precision_at_1000": 0.00098,
        "mrr_at_1": 0.581262,
        "mrr_at_3": 0.669216,
        "mrr_at_5": 0.680306,
        "mrr_at_10": 0.687951,
        "mrr_at_20": 0.690113,
        "mrr_at_100": 0.691506,
        "mrr_at_1000": 0.691597,
        "nauc_ndcg_at_1_max": 0.018977,
        "nauc_ndcg_at_1_std": -0.475613,
        "nauc_ndcg_at_1_diff1": 0.587279,
        "nauc_ndcg_at_3_max": 0.015045,
        "nauc_ndcg_at_3_std": -0.543056,
        "nauc_ndcg_at_3_diff1": 0.516051,
        "nauc_ndcg_at_5_max": 0.011916,
        "nauc_ndcg_at_5_std": -0.536504,
        "nauc_ndcg_at_5_diff1": 0.50797,
        "nauc_ndcg_at_10_max": 0.0147,
        "nauc_ndcg_at_10_std": -0.501686,
        "nauc_ndcg_at_10_diff1": 0.496137,
        "nauc_ndcg_at_20_max": 0.008779,
        "nauc_ndcg_at_20_std": -0.501485,
        "nauc_ndcg_at_20_diff1": 0.497265,
        "nauc_ndcg_at_100_max": 0.019883,
        "nauc_ndcg_at_100_std": -0.480924,
        "nauc_ndcg_at_100_diff1": 0.508381,
        "nauc_ndcg_at_1000_max": 0.0158,
        "nauc_ndcg_at_1000_std": -0.489575,
        "nauc_ndcg_at_1000_diff1": 0.512685,
        "nauc_map_at_1_max": 0.018977,
        "nauc_map_at_1_std": -0.475613,
        "nauc_map_at_1_diff1": 0.587279,
        "nauc_map_at_3_max": 0.015955,
        "nauc_map_at_3_std": -0.524366,
        "nauc_map_at_3_diff1": 0.53375,
        "nauc_map_at_5_max": 0.014664,
        "nauc_map_at_5_std": -0.520778,
        "nauc_map_at_5_diff1": 0.530163,
        "nauc_map_at_10_max": 0.015884,
        "nauc_map_at_10_std": -0.507544,
        "nauc_map_at_10_diff1": 0.526108,
        "nauc_map_at_20_max": 0.014087,
        "nauc_map_at_20_std": -0.507567,
        "nauc_map_at_20_diff1": 0.52621,
        "nauc_map_at_100_max": 0.015629,
        "nauc_map_at_100_std": -0.505034,
        "nauc_map_at_100_diff1": 0.527532,
        "nauc_map_at_1000_max": 0.015483,
        "nauc_map_at_1000_std": -0.505337,
        "nauc_map_at_1000_diff1": 0.527756,
        "nauc_recall_at_1_max": 0.018977,
        "nauc_recall_at_1_std": -0.475613,
        "nauc_recall_at_1_diff1": 0.587279,
        "nauc_recall_at_3_max": 0.011697,
        "nauc_recall_at_3_std": -0.613918,
        "nauc_recall_at_3_diff1": 0.450099,
        "nauc_recall_at_5_max": -0.001593,
        "nauc_recall_at_5_std": -0.605249,
        "nauc_recall_at_5_diff1": 0.407611,
        "nauc_recall_at_10_max": 0.007105,
        "nauc_recall_at_10_std": -0.434221,
        "nauc_recall_at_10_diff1": 0.299529,
        "nauc_recall_at_20_max": -0.041865,
        "nauc_recall_at_20_std": -0.411921,
        "nauc_recall_at_20_diff1": 0.26122,
        "nauc_recall_at_100_max": 0.215125,
        "nauc_recall_at_100_std": 0.407715,
        "nauc_recall_at_100_diff1": 0.228421,
        "nauc_recall_at_1000_max": 0.023627,
        "nauc_recall_at_1000_std": 0.416182,
        "nauc_recall_at_1000_diff1": 0.313732,
        "nauc_precision_at_1_max": 0.018977,
        "nauc_precision_at_1_std": -0.475613,
        "nauc_precision_at_1_diff1": 0.587279,
        "nauc_precision_at_3_max": 0.011697,
        "nauc_precision_at_3_std": -0.613918,
        "nauc_precision_at_3_diff1": 0.450099,
        "nauc_precision_at_5_max": -0.001593,
        "nauc_precision_at_5_std": -0.605249,
        "nauc_precision_at_5_diff1": 0.407611,
        "nauc_precision_at_10_max": 0.007105,
        "nauc_precision_at_10_std": -0.434221,
        "nauc_precision_at_10_diff1": 0.299529,
        "nauc_precision_at_20_max": -0.041865,
        "nauc_precision_at_20_std": -0.411921,
        "nauc_precision_at_20_diff1": 0.26122,
        "nauc_precision_at_100_max": 0.215125,
        "nauc_precision_at_100_std": 0.407715,
        "nauc_precision_at_100_diff1": 0.228421,
        "nauc_precision_at_1000_max": 0.023627,
        "nauc_precision_at_1000_std": 0.416182,
        "nauc_precision_at_1000_diff1": 0.313732,
        "nauc_mrr_at_1_max": 0.018977,
        "nauc_mrr_at_1_std": -0.475613,
        "nauc_mrr_at_1_diff1": 0.587279,
        "nauc_mrr_at_3_max": 0.015955,
        "nauc_mrr_at_3_std": -0.524366,
        "nauc_mrr_at_3_diff1": 0.53375,
        "nauc_mrr_at_5_max": 0.014664,
        "nauc_mrr_at_5_std": -0.520778,
        "nauc_mrr_at_5_diff1": 0.530163,
        "nauc_mrr_at_10_max": 0.015884,
        "nauc_mrr_at_10_std": -0.507544,
        "nauc_mrr_at_10_diff1": 0.526108,
        "nauc_mrr_at_20_max": 0.014087,
        "nauc_mrr_at_20_std": -0.507567,
        "nauc_mrr_at_20_diff1": 0.52621,
        "nauc_mrr_at_100_max": 0.015629,
        "nauc_mrr_at_100_std": -0.505034,
        "nauc_mrr_at_100_diff1": 0.527532,
        "nauc_mrr_at_1000_max": 0.015483,
        "nauc_mrr_at_1000_std": -0.505337,
        "nauc_mrr_at_1000_diff1": 0.527756,
        "hit_rate_at_1": 0.58126,
        "hit_rate_at_3": 0.77629,
        "hit_rate_at_5": 0.82409,
        "hit_rate_at_10": 0.88145,
        "hit_rate_at_20": 0.91013,
        "hit_rate_at_100": 0.9675,
        "hit_rate_at_1000": 0.98279,
        "main_score": 0.73518,
        "hf_subset": "default",
        "languages": [
          "eng-Latn"
        ],
        "mteb_version": "2.18.0"
      }
    ]
  },
  "evaluation_time": 122.07749951002188,
  "kg_co2_emissions": null,
  "date": 1783996171.065707,
  "evaluation_phases": [
    {
      "name": "Data loading",
      "start": 0.0,
      "end": 2.2916135060368106,
      "split": "",
      "subset": ""
    },
    {
      "name": "Encoding queries and documents",
      "start": 2.29814757197164,
      "end": 121.6177859849995,
      "split": "test",
      "subset": "default"
    },
    {
      "name": "Scoring",
      "start": 121.61780913104303,
      "end": 122.05889972101431,
      "split": "test",
      "subset": "default"
    }
  ]
}