{
  "dataset_revision": "main",
  "task_name": "BioASQ-RAG-Resplit-ctx-rfg",
  "mteb_version": "2.18.0",
  "scores": {
    "test": [
      {
        "ndcg_at_1": 0.82199,
        "ndcg_at_3": 0.79795,
        "ndcg_at_5": 0.7915,
        "ndcg_at_10": 0.78697,
        "ndcg_at_20": 0.8026,
        "ndcg_at_100": 0.84371,
        "ndcg_at_1000": 0.85312,
        "map_at_1": 0.27909,
        "map_at_3": 0.43556,
        "map_at_5": 0.51791,
        "map_at_10": 0.62216,
        "map_at_20": 0.69413,
        "map_at_100": 0.73915,
        "map_at_1000": 0.74109,
        "recall_at_1": 0.27909,
        "recall_at_3": 0.45956,
        "recall_at_5": 0.56316,
        "recall_at_10": 0.69875,
        "recall_at_20": 0.81484,
        "recall_at_100": 0.9526,
        "recall_at_1000": 0.9872,
        "accuracy": 0.27909,
        "precision_at_1": 0.82199,
        "precision_at_3": 0.65051,
        "precision_at_5": 0.56999,
        "precision_at_10": 0.44464,
        "precision_at_20": 0.30666,
        "precision_at_100": 0.0836,
        "precision_at_1000": 0.00878,
        "mrr_at_1": 0.821994,
        "mrr_at_3": 0.863467,
        "mrr_at_5": 0.869991,
        "mrr_at_10": 0.872253,
        "mrr_at_20": 0.872935,
        "mrr_at_100": 0.87357,
        "mrr_at_1000": 0.873579,
        "nauc_ndcg_at_1_max": 0.4713,
        "nauc_ndcg_at_1_std": -0.189503,
        "nauc_ndcg_at_1_diff1": 0.344984,
        "nauc_ndcg_at_3_max": 0.429906,
        "nauc_ndcg_at_3_std": -0.226562,
        "nauc_ndcg_at_3_diff1": 0.239682,
        "nauc_ndcg_at_5_max": 0.445014,
        "nauc_ndcg_at_5_std": -0.224,
        "nauc_ndcg_at_5_diff1": 0.257418,
        "nauc_ndcg_at_10_max": 0.441008,
        "nauc_ndcg_at_10_std": -0.25527,
        "nauc_ndcg_at_10_diff1": 0.270007,
        "nauc_ndcg_at_20_max": 0.441525,
        "nauc_ndcg_at_20_std": -0.292026,
        "nauc_ndcg_at_20_diff1": 0.264339,
        "nauc_ndcg_at_100_max": 0.457221,
        "nauc_ndcg_at_100_std": -0.201862,
        "nauc_ndcg_at_100_diff1": 0.253844,
        "nauc_ndcg_at_1000_max": 0.451169,
        "nauc_ndcg_at_1000_std": -0.188972,
        "nauc_ndcg_at_1000_diff1": 0.248551,
        "nauc_map_at_1_max": 0.421692,
        "nauc_map_at_1_std": -0.418884,
        "nauc_map_at_1_diff1": 0.692214,
        "nauc_map_at_3_max": 0.36254,
        "nauc_map_at_3_std": -0.516532,
        "nauc_map_at_3_diff1": 0.560232,
        "nauc_map_at_5_max": 0.368297,
        "nauc_map_at_5_std": -0.539311,
        "nauc_map_at_5_diff1": 0.492335,
        "nauc_map_at_10_max": 0.39307,
        "nauc_map_at_10_std": -0.516078,
        "nauc_map_at_10_diff1": 0.398212,
        "nauc_map_at_20_max": 0.420715,
        "nauc_map_at_20_std": -0.423318,
        "nauc_map_at_20_diff1": 0.318423,
        "nauc_map_at_100_max": 0.442468,
        "nauc_map_at_100_std": -0.263799,
        "nauc_map_at_100_diff1": 0.275096,
        "nauc_map_at_1000_max": 0.441601,
        "nauc_map_at_1000_std": -0.25909,
        "nauc_map_at_1000_diff1": 0.273522,
        "nauc_recall_at_1_max": 0.421692,
        "nauc_recall_at_1_std": -0.418884,
        "nauc_recall_at_1_diff1": 0.692214,
        "nauc_recall_at_3_max": 0.329428,
        "nauc_recall_at_3_std": -0.526887,
        "nauc_recall_at_3_diff1": 0.537811,
        "nauc_recall_at_5_max": 0.329147,
        "nauc_recall_at_5_std": -0.557479,
        "nauc_recall_at_5_diff1": 0.472698,
        "nauc_recall_at_10_max": 0.342185,
        "nauc_recall_at_10_std": -0.576939,
        "nauc_recall_at_10_diff1": 0.374101,
        "nauc_recall_at_20_max": 0.359934,
        "nauc_recall_at_20_std": -0.517815,
        "nauc_recall_at_20_diff1": 0.269111,
        "nauc_recall_at_100_max": 0.433102,
        "nauc_recall_at_100_std": -0.052596,
        "nauc_recall_at_100_diff1": 0.176014,
        "nauc_recall_at_1000_max": 0.363614,
        "nauc_recall_at_1000_std": 0.305363,
        "nauc_recall_at_1000_diff1": 0.019479,
        "nauc_precision_at_1_max": 0.4713,
        "nauc_precision_at_1_std": -0.189503,
        "nauc_precision_at_1_diff1": 0.344984,
        "nauc_precision_at_3_max": -0.01269,
        "nauc_precision_at_3_std": 0.132506,
        "nauc_precision_at_3_diff1": -0.386114,
        "nauc_precision_at_5_max": -0.047003,
        "nauc_precision_at_5_std": 0.24066,
        "nauc_precision_at_5_diff1": -0.439175,
        "nauc_precision_at_10_max": -0.060929,
        "nauc_precision_at_10_std": 0.353784,
        "nauc_precision_at_10_diff1": -0.430232,
        "nauc_precision_at_20_max": -0.072193,
        "nauc_precision_at_20_std": 0.453108,
        "nauc_precision_at_20_diff1": -0.409786,
        "nauc_precision_at_100_max": -0.101005,
        "nauc_precision_at_100_std": 0.599557,
        "nauc_precision_at_100_diff1": -0.378202,
        "nauc_precision_at_1000_max": -0.118999,
        "nauc_precision_at_1000_std": 0.59912,
        "nauc_precision_at_1000_diff1": -0.377734,
        "nauc_mrr_at_1_max": 0.4713,
        "nauc_mrr_at_1_std": -0.189503,
        "nauc_mrr_at_1_diff1": 0.344984,
        "nauc_mrr_at_3_max": 0.465485,
        "nauc_mrr_at_3_std": -0.219389,
        "nauc_mrr_at_3_diff1": 0.319265,
        "nauc_mrr_at_5_max": 0.475696,
        "nauc_mrr_at_5_std": -0.210584,
        "nauc_mrr_at_5_diff1": 0.322711,
        "nauc_mrr_at_10_max": 0.474583,
        "nauc_mrr_at_10_std": -0.210787,
        "nauc_mrr_at_10_diff1": 0.319977,
        "nauc_mrr_at_20_max": 0.473395,
        "nauc_mrr_at_20_std": -0.209416,
        "nauc_mrr_at_20_diff1": 0.320472,
        "nauc_mrr_at_100_max": 0.47276,
        "nauc_mrr_at_100_std": -0.208916,
        "nauc_mrr_at_100_diff1": 0.321031,
        "nauc_mrr_at_1000_max": 0.472726,
        "nauc_mrr_at_1000_std": -0.208923,
        "nauc_mrr_at_1000_diff1": 0.320999,
        "hit_rate_at_1": 0.82199,
        "hit_rate_at_3": 0.9124,
        "hit_rate_at_5": 0.94129,
        "hit_rate_at_10": 0.95899,
        "hit_rate_at_20": 0.96925,
        "hit_rate_at_100": 0.99161,
        "hit_rate_at_1000": 0.99441,
        "main_score": 0.78697,
        "hf_subset": "default",
        "languages": [
          "eng-Latn"
        ],
        "mteb_version": "2.18.0"
      }
    ]
  },
  "evaluation_time": 243.4243091950193,
  "kg_co2_emissions": null,
  "date": 1784429570.012049,
  "evaluation_phases": [
    {
      "name": "Data loading",
      "start": 0.0,
      "end": 3.5242260640952736,
      "split": "",
      "subset": ""
    },
    {
      "name": "Encoding queries and documents",
      "start": 3.5483853821642697,
      "end": 242.51364490622655,
      "split": "test",
      "subset": "default"
    },
    {
      "name": "Scoring",
      "start": 242.5137245801743,
      "end": 243.38778334506787,
      "split": "test",
      "subset": "default"
    }
  ]
}