{
  "dataset_revision": "main",
  "task_name": "QASPER-RAG-ctx-k1-Title",
  "mteb_version": "2.18.0",
  "scores": {
    "test": [
      {
        "ndcg_at_1": 0.43206,
        "ndcg_at_3": 0.48759,
        "ndcg_at_5": 0.5312,
        "ndcg_at_10": 0.58618,
        "ndcg_at_20": 0.63128,
        "ndcg_at_100": 0.65757,
        "ndcg_at_1000": 0.65794,
        "map_at_1": 0.24774,
        "map_at_3": 0.38731,
        "map_at_5": 0.43691,
        "map_at_10": 0.48141,
        "map_at_20": 0.50508,
        "map_at_100": 0.51535,
        "map_at_1000": 0.51541,
        "recall_at_1": 0.24774,
        "recall_at_3": 0.48677,
        "recall_at_5": 0.61052,
        "recall_at_10": 0.76248,
        "recall_at_20": 0.90261,
        "recall_at_100": 0.9982,
        "recall_at_1000": 1.0,
        "accuracy": 0.24774,
        "precision_at_1": 0.43206,
        "precision_at_3": 0.31959,
        "precision_at_5": 0.25863,
        "precision_at_10": 0.17771,
        "precision_at_20": 0.11073,
        "precision_at_100": 0.02615,
        "precision_at_1000": 0.00262,
        "mrr_at_1": 0.432061,
        "mrr_at_3": 0.540585,
        "mrr_at_5": 0.563753,
        "mrr_at_10": 0.576989,
        "mrr_at_20": 0.582537,
        "mrr_at_100": 0.583831,
        "mrr_at_1000": 0.583831,
        "nauc_ndcg_at_1_max": 0.416421,
        "nauc_ndcg_at_1_std": -0.276579,
        "nauc_ndcg_at_1_diff1": 0.51702,
        "nauc_ndcg_at_3_max": 0.366334,
        "nauc_ndcg_at_3_std": -0.311374,
        "nauc_ndcg_at_3_diff1": 0.483917,
        "nauc_ndcg_at_5_max": 0.383826,
        "nauc_ndcg_at_5_std": -0.34606,
        "nauc_ndcg_at_5_diff1": 0.483217,
        "nauc_ndcg_at_10_max": 0.402267,
        "nauc_ndcg_at_10_std": -0.362597,
        "nauc_ndcg_at_10_diff1": 0.500951,
        "nauc_ndcg_at_20_max": 0.40341,
        "nauc_ndcg_at_20_std": -0.357776,
        "nauc_ndcg_at_20_diff1": 0.496899,
        "nauc_ndcg_at_100_max": 0.397383,
        "nauc_ndcg_at_100_std": -0.314957,
        "nauc_ndcg_at_100_diff1": 0.490845,
        "nauc_ndcg_at_1000_max": 0.397239,
        "nauc_ndcg_at_1000_std": -0.314272,
        "nauc_ndcg_at_1000_diff1": 0.491622,
        "nauc_map_at_1_max": 0.390756,
        "nauc_map_at_1_std": -0.302991,
        "nauc_map_at_1_diff1": 0.595128,
        "nauc_map_at_3_max": 0.37197,
        "nauc_map_at_3_std": -0.33321,
        "nauc_map_at_3_diff1": 0.525768,
        "nauc_map_at_5_max": 0.384737,
        "nauc_map_at_5_std": -0.350884,
        "nauc_map_at_5_diff1": 0.512848,
        "nauc_map_at_10_max": 0.394204,
        "nauc_map_at_10_std": -0.347651,
        "nauc_map_at_10_diff1": 0.50583,
        "nauc_map_at_20_max": 0.395013,
        "nauc_map_at_20_std": -0.340035,
        "nauc_map_at_20_diff1": 0.50109,
        "nauc_map_at_100_max": 0.392219,
        "nauc_map_at_100_std": -0.322649,
        "nauc_map_at_100_diff1": 0.494135,
        "nauc_map_at_1000_max": 0.392239,
        "nauc_map_at_1000_std": -0.322574,
        "nauc_map_at_1000_diff1": 0.494198,
        "nauc_recall_at_1_max": 0.390756,
        "nauc_recall_at_1_std": -0.302991,
        "nauc_recall_at_1_diff1": 0.595128,
        "nauc_recall_at_3_max": 0.307038,
        "nauc_recall_at_3_std": -0.341486,
        "nauc_recall_at_3_diff1": 0.452469,
        "nauc_recall_at_5_max": 0.322322,
        "nauc_recall_at_5_std": -0.404764,
        "nauc_recall_at_5_diff1": 0.423042,
        "nauc_recall_at_10_max": 0.353714,
        "nauc_recall_at_10_std": -0.482042,
        "nauc_recall_at_10_diff1": 0.454901,
        "nauc_recall_at_20_max": 0.353524,
        "nauc_recall_at_20_std": -0.629013,
        "nauc_recall_at_20_diff1": 0.421971,
        "nauc_recall_at_100_max": 0.276871,
        "nauc_recall_at_100_std": -0.57088,
        "nauc_recall_at_100_diff1": -0.276381,
        "nauc_recall_at_1000_max": NaN,
        "nauc_recall_at_1000_std": NaN,
        "nauc_recall_at_1000_diff1": NaN,
        "nauc_precision_at_1_max": 0.416421,
        "nauc_precision_at_1_std": -0.276579,
        "nauc_precision_at_1_diff1": 0.51702,
        "nauc_precision_at_3_max": 0.214921,
        "nauc_precision_at_3_std": -0.163597,
        "nauc_precision_at_3_diff1": 0.185575,
        "nauc_precision_at_5_max": 0.163027,
        "nauc_precision_at_5_std": -0.107763,
        "nauc_precision_at_5_diff1": 0.053878,
        "nauc_precision_at_10_max": 0.084514,
        "nauc_precision_at_10_std": 0.009976,
        "nauc_precision_at_10_diff1": -0.054905,
        "nauc_precision_at_20_max": 0.01089,
        "nauc_precision_at_20_std": 0.105653,
        "nauc_precision_at_20_diff1": -0.143284,
        "nauc_precision_at_100_max": -0.048306,
        "nauc_precision_at_100_std": 0.250241,
        "nauc_precision_at_100_diff1": -0.21261,
        "nauc_precision_at_1000_max": -0.048305,
        "nauc_precision_at_1000_std": 0.250967,
        "nauc_precision_at_1000_diff1": -0.211093,
        "nauc_mrr_at_1_max": 0.416421,
        "nauc_mrr_at_1_std": -0.276579,
        "nauc_mrr_at_1_diff1": 0.51702,
        "nauc_mrr_at_3_max": 0.399969,
        "nauc_mrr_at_3_std": -0.30312,
        "nauc_mrr_at_3_diff1": 0.502383,
        "nauc_mrr_at_5_max": 0.405971,
        "nauc_mrr_at_5_std": -0.314387,
        "nauc_mrr_at_5_diff1": 0.503984,
        "nauc_mrr_at_10_max": 0.406611,
        "nauc_mrr_at_10_std": -0.316089,
        "nauc_mrr_at_10_diff1": 0.509446,
        "nauc_mrr_at_20_max": 0.405861,
        "nauc_mrr_at_20_std": -0.312594,
        "nauc_mrr_at_20_diff1": 0.507463,
        "nauc_mrr_at_100_max": 0.405675,
        "nauc_mrr_at_100_std": -0.311498,
        "nauc_mrr_at_100_diff1": 0.507504,
        "nauc_mrr_at_1000_max": 0.405675,
        "nauc_mrr_at_1000_std": -0.311498,
        "nauc_mrr_at_1000_diff1": 0.507504,
        "hit_rate_at_1": 0.43206,
        "hit_rate_at_3": 0.68321,
        "hit_rate_at_5": 0.7855,
        "hit_rate_at_10": 0.88473,
        "hit_rate_at_20": 0.96107,
        "hit_rate_at_100": 1.0,
        "hit_rate_at_1000": 1.0,
        "main_score": 0.58618,
        "hf_subset": "default",
        "languages": [
          "eng-Latn"
        ],
        "mteb_version": "2.18.0"
      }
    ]
  },
  "evaluation_time": 807.5542320890818,
  "kg_co2_emissions": null,
  "date": 1784329676.848668,
  "evaluation_phases": [
    {
      "name": "Data loading",
      "start": 0.0,
      "end": 2.5081430410500616,
      "split": "",
      "subset": ""
    },
    {
      "name": "Encoding queries and documents",
      "start": 2.5222132810158655,
      "end": 806.3753507729853,
      "split": "test",
      "subset": "default"
    },
    {
      "name": "Scoring",
      "start": 806.3753897399874,
      "end": 807.5167355219601,
      "split": "test",
      "subset": "default"
    }
  ]
}