{
  "dataset_revision": "main",
  "task_name": "BioASQ-RAG-Resplit-ctx-rfg",
  "mteb_version": "2.18.0",
  "scores": {
    "test": [
      {
        "ndcg_at_1": 0.82106,
        "ndcg_at_3": 0.79405,
        "ndcg_at_5": 0.78493,
        "ndcg_at_10": 0.78123,
        "ndcg_at_20": 0.79732,
        "ndcg_at_100": 0.83973,
        "ndcg_at_1000": 0.8502,
        "map_at_1": 0.28341,
        "map_at_3": 0.43618,
        "map_at_5": 0.51539,
        "map_at_10": 0.61852,
        "map_at_20": 0.69007,
        "map_at_100": 0.73538,
        "map_at_1000": 0.73745,
        "recall_at_1": 0.28341,
        "recall_at_3": 0.45794,
        "recall_at_5": 0.55466,
        "recall_at_10": 0.6919,
        "recall_at_20": 0.80739,
        "recall_at_100": 0.94697,
        "recall_at_1000": 0.98644,
        "accuracy": 0.28341,
        "precision_at_1": 0.82106,
        "precision_at_3": 0.64492,
        "precision_at_5": 0.56198,
        "precision_at_10": 0.43896,
        "precision_at_20": 0.30405,
        "precision_at_100": 0.08339,
        "precision_at_1000": 0.00877,
        "mrr_at_1": 0.821062,
        "mrr_at_3": 0.86005,
        "mrr_at_5": 0.865828,
        "mrr_at_10": 0.868537,
        "mrr_at_20": 0.869173,
        "mrr_at_100": 0.869983,
        "mrr_at_1000": 0.870015,
        "nauc_ndcg_at_1_max": 0.490171,
        "nauc_ndcg_at_1_std": -0.248474,
        "nauc_ndcg_at_1_diff1": 0.302338,
        "nauc_ndcg_at_3_max": 0.435156,
        "nauc_ndcg_at_3_std": -0.242709,
        "nauc_ndcg_at_3_diff1": 0.186466,
        "nauc_ndcg_at_5_max": 0.452508,
        "nauc_ndcg_at_5_std": -0.222459,
        "nauc_ndcg_at_5_diff1": 0.190434,
        "nauc_ndcg_at_10_max": 0.438083,
        "nauc_ndcg_at_10_std": -0.252771,
        "nauc_ndcg_at_10_diff1": 0.207591,
        "nauc_ndcg_at_20_max": 0.452592,
        "nauc_ndcg_at_20_std": -0.2849,
        "nauc_ndcg_at_20_diff1": 0.214567,
        "nauc_ndcg_at_100_max": 0.465619,
        "nauc_ndcg_at_100_std": -0.198479,
        "nauc_ndcg_at_100_diff1": 0.201626,
        "nauc_ndcg_at_1000_max": 0.461511,
        "nauc_ndcg_at_1000_std": -0.192302,
        "nauc_ndcg_at_1000_diff1": 0.204483,
        "nauc_map_at_1_max": 0.346753,
        "nauc_map_at_1_std": -0.415687,
        "nauc_map_at_1_diff1": 0.634658,
        "nauc_map_at_3_max": 0.314955,
        "nauc_map_at_3_std": -0.510406,
        "nauc_map_at_3_diff1": 0.492941,
        "nauc_map_at_5_max": 0.339144,
        "nauc_map_at_5_std": -0.530535,
        "nauc_map_at_5_diff1": 0.425938,
        "nauc_map_at_10_max": 0.37564,
        "nauc_map_at_10_std": -0.50663,
        "nauc_map_at_10_diff1": 0.329503,
        "nauc_map_at_20_max": 0.417,
        "nauc_map_at_20_std": -0.411152,
        "nauc_map_at_20_diff1": 0.262669,
        "nauc_map_at_100_max": 0.438722,
        "nauc_map_at_100_std": -0.260081,
        "nauc_map_at_100_diff1": 0.222645,
        "nauc_map_at_1000_max": 0.437993,
        "nauc_map_at_1000_std": -0.256204,
        "nauc_map_at_1000_diff1": 0.222319,
        "nauc_recall_at_1_max": 0.346753,
        "nauc_recall_at_1_std": -0.415687,
        "nauc_recall_at_1_diff1": 0.634658,
        "nauc_recall_at_3_max": 0.289606,
        "nauc_recall_at_3_std": -0.525778,
        "nauc_recall_at_3_diff1": 0.473051,
        "nauc_recall_at_5_max": 0.312374,
        "nauc_recall_at_5_std": -0.549762,
        "nauc_recall_at_5_diff1": 0.413012,
        "nauc_recall_at_10_max": 0.329636,
        "nauc_recall_at_10_std": -0.553475,
        "nauc_recall_at_10_diff1": 0.302385,
        "nauc_recall_at_20_max": 0.386182,
        "nauc_recall_at_20_std": -0.483413,
        "nauc_recall_at_20_diff1": 0.221455,
        "nauc_recall_at_100_max": 0.45759,
        "nauc_recall_at_100_std": 0.009936,
        "nauc_recall_at_100_diff1": 0.107808,
        "nauc_recall_at_1000_max": 0.474001,
        "nauc_recall_at_1000_std": 0.33055,
        "nauc_recall_at_1000_diff1": 0.130365,
        "nauc_precision_at_1_max": 0.490171,
        "nauc_precision_at_1_std": -0.248474,
        "nauc_precision_at_1_diff1": 0.302338,
        "nauc_precision_at_3_max": 0.047754,
        "nauc_precision_at_3_std": 0.118966,
        "nauc_precision_at_3_diff1": -0.385396,
        "nauc_precision_at_5_max": 0.023602,
        "nauc_precision_at_5_std": 0.238079,
        "nauc_precision_at_5_diff1": -0.43219,
        "nauc_precision_at_10_max": -0.006512,
        "nauc_precision_at_10_std": 0.347657,
        "nauc_precision_at_10_diff1": -0.410914,
        "nauc_precision_at_20_max": -0.022865,
        "nauc_precision_at_20_std": 0.451995,
        "nauc_precision_at_20_diff1": -0.373519,
        "nauc_precision_at_100_max": -0.067933,
        "nauc_precision_at_100_std": 0.592816,
        "nauc_precision_at_100_diff1": -0.333363,
        "nauc_precision_at_1000_max": -0.087115,
        "nauc_precision_at_1000_std": 0.591681,
        "nauc_precision_at_1000_diff1": -0.328824,
        "nauc_mrr_at_1_max": 0.490171,
        "nauc_mrr_at_1_std": -0.248474,
        "nauc_mrr_at_1_diff1": 0.302338,
        "nauc_mrr_at_3_max": 0.497121,
        "nauc_mrr_at_3_std": -0.263922,
        "nauc_mrr_at_3_diff1": 0.279199,
        "nauc_mrr_at_5_max": 0.50654,
        "nauc_mrr_at_5_std": -0.251068,
        "nauc_mrr_at_5_diff1": 0.279696,
        "nauc_mrr_at_10_max": 0.507333,
        "nauc_mrr_at_10_std": -0.251311,
        "nauc_mrr_at_10_diff1": 0.277908,
        "nauc_mrr_at_20_max": 0.50675,
        "nauc_mrr_at_20_std": -0.253297,
        "nauc_mrr_at_20_diff1": 0.278895,
        "nauc_mrr_at_100_max": 0.505963,
        "nauc_mrr_at_100_std": -0.251657,
        "nauc_mrr_at_100_diff1": 0.280007,
        "nauc_mrr_at_1000_max": 0.505856,
        "nauc_mrr_at_1000_std": -0.251828,
        "nauc_mrr_at_1000_diff1": 0.280032,
        "hit_rate_at_1": 0.82106,
        "hit_rate_at_3": 0.9096,
        "hit_rate_at_5": 0.93476,
        "hit_rate_at_10": 0.95433,
        "hit_rate_at_20": 0.96272,
        "hit_rate_at_100": 0.98788,
        "hit_rate_at_1000": 0.99441,
        "main_score": 0.78123,
        "hf_subset": "default",
        "languages": [
          "eng-Latn"
        ],
        "mteb_version": "2.18.0"
      }
    ]
  },
  "evaluation_time": 242.41208199993707,
  "kg_co2_emissions": null,
  "date": 1784429276.133747,
  "evaluation_phases": [
    {
      "name": "Data loading",
      "start": 0.0,
      "end": 3.565302789909765,
      "split": "",
      "subset": ""
    },
    {
      "name": "Encoding queries and documents",
      "start": 3.5912564920727164,
      "end": 241.50049461703748,
      "split": "test",
      "subset": "default"
    },
    {
      "name": "Scoring",
      "start": 241.50053163594566,
      "end": 242.3769037220627,
      "split": "test",
      "subset": "default"
    }
  ]
}