{
  "dataset_revision": "main",
  "task_name": "NarrativeQA-RAG-Title",
  "mteb_version": "2.18.0",
  "scores": {
    "test": [
      {
        "ndcg_at_1": 0.9415,
        "ndcg_at_3": 0.96757,
        "ndcg_at_5": 0.9696,
        "ndcg_at_10": 0.97104,
        "ndcg_at_20": 0.97168,
        "ndcg_at_100": 0.9723,
        "ndcg_at_1000": 0.97235,
        "map_at_1": 0.9415,
        "map_at_3": 0.96164,
        "map_at_5": 0.96275,
        "map_at_10": 0.96337,
        "map_at_20": 0.96354,
        "map_at_100": 0.96364,
        "map_at_1000": 0.96364,
        "recall_at_1": 0.9415,
        "recall_at_3": 0.98454,
        "recall_at_5": 0.9895,
        "recall_at_10": 0.99389,
        "recall_at_20": 0.99637,
        "recall_at_100": 0.99962,
        "recall_at_1000": 1.0,
        "accuracy": 0.9415,
        "precision_at_1": 0.9415,
        "precision_at_3": 0.32818,
        "precision_at_5": 0.1979,
        "precision_at_10": 0.09939,
        "precision_at_20": 0.04982,
        "precision_at_100": 0.01,
        "precision_at_1000": 0.001,
        "mrr_at_1": 0.941502,
        "mrr_at_3": 0.961638,
        "mrr_at_5": 0.962754,
        "mrr_at_10": 0.963367,
        "mrr_at_20": 0.963542,
        "mrr_at_100": 0.963636,
        "mrr_at_1000": 0.963638,
        "nauc_ndcg_at_1_max": 0.703259,
        "nauc_ndcg_at_1_std": -0.18526,
        "nauc_ndcg_at_1_diff1": 0.958797,
        "nauc_ndcg_at_3_max": 0.786735,
        "nauc_ndcg_at_3_std": -0.068913,
        "nauc_ndcg_at_3_diff1": 0.962381,
        "nauc_ndcg_at_5_max": 0.777186,
        "nauc_ndcg_at_5_std": -0.079574,
        "nauc_ndcg_at_5_diff1": 0.961692,
        "nauc_ndcg_at_10_max": 0.766776,
        "nauc_ndcg_at_10_std": -0.089102,
        "nauc_ndcg_at_10_diff1": 0.96135,
        "nauc_ndcg_at_20_max": 0.76192,
        "nauc_ndcg_at_20_std": -0.093309,
        "nauc_ndcg_at_20_diff1": 0.961651,
        "nauc_ndcg_at_100_max": 0.756745,
        "nauc_ndcg_at_100_std": -0.107737,
        "nauc_ndcg_at_100_diff1": 0.961326,
        "nauc_ndcg_at_1000_max": 0.756283,
        "nauc_ndcg_at_1000_std": -0.109157,
        "nauc_ndcg_at_1000_diff1": 0.961252,
        "nauc_map_at_1_max": 0.703259,
        "nauc_map_at_1_std": -0.18526,
        "nauc_map_at_1_diff1": 0.958797,
        "nauc_map_at_3_max": 0.760519,
        "nauc_map_at_3_std": -0.10856,
        "nauc_map_at_3_diff1": 0.961403,
        "nauc_map_at_5_max": 0.755499,
        "nauc_map_at_5_std": -0.114224,
        "nauc_map_at_5_diff1": 0.961033,
        "nauc_map_at_10_max": 0.751649,
        "nauc_map_at_10_std": -0.118116,
        "nauc_map_at_10_diff1": 0.960913,
        "nauc_map_at_20_max": 0.750533,
        "nauc_map_at_20_std": -0.119041,
        "nauc_map_at_20_diff1": 0.960987,
        "nauc_map_at_100_max": 0.749913,
        "nauc_map_at_100_std": -0.120736,
        "nauc_map_at_100_diff1": 0.960952,
        "nauc_map_at_1000_max": 0.749895,
        "nauc_map_at_1000_std": -0.120789,
        "nauc_map_at_1000_diff1": 0.96095,
        "nauc_recall_at_1_max": 0.703259,
        "nauc_recall_at_1_std": -0.18526,
        "nauc_recall_at_1_diff1": 0.958797,
        "nauc_recall_at_3_max": 0.969873,
        "nauc_recall_at_3_std": 0.211784,
        "nauc_recall_at_3_diff1": 0.969035,
        "nauc_recall_at_5_max": 0.987968,
        "nauc_recall_at_5_std": 0.264311,
        "nauc_recall_at_5_diff1": 0.967766,
        "nauc_recall_at_10_max": 0.989787,
        "nauc_recall_at_10_std": 0.378501,
        "nauc_recall_at_10_diff1": 0.967065,
        "nauc_recall_at_20_max": 0.99312,
        "nauc_recall_at_20_std": 0.560407,
        "nauc_recall_at_20_diff1": 0.97936,
        "nauc_recall_at_100_max": 1.0,
        "nauc_recall_at_100_std": 0.637716,
        "nauc_recall_at_100_diff1": 1.0,
        "nauc_recall_at_1000_max": NaN,
        "nauc_recall_at_1000_std": NaN,
        "nauc_recall_at_1000_diff1": NaN,
        "nauc_precision_at_1_max": 0.703259,
        "nauc_precision_at_1_std": -0.18526,
        "nauc_precision_at_1_diff1": 0.958797,
        "nauc_precision_at_3_max": 0.969873,
        "nauc_precision_at_3_std": 0.211784,
        "nauc_precision_at_3_diff1": 0.969035,
        "nauc_precision_at_5_max": 0.987968,
        "nauc_precision_at_5_std": 0.264311,
        "nauc_precision_at_5_diff1": 0.967766,
        "nauc_precision_at_10_max": 0.989787,
        "nauc_precision_at_10_std": 0.378501,
        "nauc_precision_at_10_diff1": 0.967065,
        "nauc_precision_at_20_max": 0.99312,
        "nauc_precision_at_20_std": 0.560407,
        "nauc_precision_at_20_diff1": 0.97936,
        "nauc_precision_at_100_max": 1.0,
        "nauc_precision_at_100_std": 0.637716,
        "nauc_precision_at_100_diff1": 1.0,
        "nauc_precision_at_1000_max": NaN,
        "nauc_precision_at_1000_std": NaN,
        "nauc_precision_at_1000_diff1": NaN,
        "nauc_mrr_at_1_max": 0.703259,
        "nauc_mrr_at_1_std": -0.18526,
        "nauc_mrr_at_1_diff1": 0.958797,
        "nauc_mrr_at_3_max": 0.760519,
        "nauc_mrr_at_3_std": -0.10856,
        "nauc_mrr_at_3_diff1": 0.961403,
        "nauc_mrr_at_5_max": 0.755499,
        "nauc_mrr_at_5_std": -0.114224,
        "nauc_mrr_at_5_diff1": 0.961033,
        "nauc_mrr_at_10_max": 0.751649,
        "nauc_mrr_at_10_std": -0.118116,
        "nauc_mrr_at_10_diff1": 0.960913,
        "nauc_mrr_at_20_max": 0.750533,
        "nauc_mrr_at_20_std": -0.119041,
        "nauc_mrr_at_20_diff1": 0.960987,
        "nauc_mrr_at_100_max": 0.749913,
        "nauc_mrr_at_100_std": -0.120736,
        "nauc_mrr_at_100_diff1": 0.960952,
        "nauc_mrr_at_1000_max": 0.749895,
        "nauc_mrr_at_1000_std": -0.120789,
        "nauc_mrr_at_1000_diff1": 0.96095,
        "hit_rate_at_1": 0.9415,
        "hit_rate_at_3": 0.98454,
        "hit_rate_at_5": 0.9895,
        "hit_rate_at_10": 0.99389,
        "hit_rate_at_20": 0.99637,
        "hit_rate_at_100": 0.99962,
        "hit_rate_at_1000": 1.0,
        "main_score": 0.97104,
        "hf_subset": "default",
        "languages": [
          "eng-Latn"
        ],
        "mteb_version": "2.18.0"
      }
    ]
  },
  "evaluation_time": 65.38281938596629,
  "kg_co2_emissions": null,
  "date": 1784325356.503157,
  "evaluation_phases": [
    {
      "name": "Data loading",
      "start": 0.0,
      "end": 3.957668467075564,
      "split": "",
      "subset": ""
    },
    {
      "name": "Encoding queries and documents",
      "start": 4.064328851993196,
      "end": 54.46470131503884,
      "split": "test",
      "subset": "default"
    },
    {
      "name": "Scoring",
      "start": 54.4647392060142,
      "end": 65.20527703501284,
      "split": "test",
      "subset": "default"
    }
  ]
}