{
  "dataset_revision": "main",
  "task_name": "QASPER-RAG",
  "mteb_version": "2.16.3",
  "scores": {
    "test": [
      {
        "ndcg_at_1": 0.08473,
        "ndcg_at_3": 0.09352,
        "ndcg_at_5": 0.10371,
        "ndcg_at_10": 0.12188,
        "ndcg_at_20": 0.13833,
        "ndcg_at_100": 0.16581,
        "ndcg_at_1000": 0.19515,
        "map_at_1": 0.0468,
        "map_at_3": 0.06978,
        "map_at_5": 0.07922,
        "map_at_10": 0.0893,
        "map_at_20": 0.09576,
        "map_at_100": 0.10124,
        "map_at_1000": 0.10258,
        "recall_at_1": 0.0468,
        "recall_at_3": 0.09209,
        "recall_at_5": 0.1208,
        "recall_at_10": 0.17196,
        "recall_at_20": 0.22497,
        "recall_at_100": 0.34251,
        "recall_at_1000": 0.53648,
        "accuracy": 0.0468,
        "precision_at_1": 0.08473,
        "precision_at_3": 0.06209,
        "precision_at_5": 0.05176,
        "precision_at_10": 0.03885,
        "precision_at_20": 0.02664,
        "precision_at_100": 0.0089,
        "precision_at_1000": 0.00138,
        "mrr_at_1": 0.084733,
        "mrr_at_3": 0.112214,
        "mrr_at_5": 0.119504,
        "mrr_at_10": 0.127949,
        "mrr_at_20": 0.131503,
        "mrr_at_100": 0.134073,
        "mrr_at_1000": 0.134758,
        "nauc_ndcg_at_1_max": 0.131313,
        "nauc_ndcg_at_1_std": 0.180731,
        "nauc_ndcg_at_1_diff1": 0.303154,
        "nauc_ndcg_at_3_max": 0.17337,
        "nauc_ndcg_at_3_std": 0.231187,
        "nauc_ndcg_at_3_diff1": 0.245541,
        "nauc_ndcg_at_5_max": 0.178619,
        "nauc_ndcg_at_5_std": 0.245726,
        "nauc_ndcg_at_5_diff1": 0.234059,
        "nauc_ndcg_at_10_max": 0.205717,
        "nauc_ndcg_at_10_std": 0.27997,
        "nauc_ndcg_at_10_diff1": 0.219647,
        "nauc_ndcg_at_20_max": 0.235288,
        "nauc_ndcg_at_20_std": 0.313516,
        "nauc_ndcg_at_20_diff1": 0.214017,
        "nauc_ndcg_at_100_max": 0.260887,
        "nauc_ndcg_at_100_std": 0.356309,
        "nauc_ndcg_at_100_diff1": 0.202355,
        "nauc_ndcg_at_1000_max": 0.272347,
        "nauc_ndcg_at_1000_std": 0.371,
        "nauc_ndcg_at_1000_diff1": 0.205535,
        "nauc_map_at_1_max": 0.133881,
        "nauc_map_at_1_std": 0.183842,
        "nauc_map_at_1_diff1": 0.361176,
        "nauc_map_at_3_max": 0.171895,
        "nauc_map_at_3_std": 0.229849,
        "nauc_map_at_3_diff1": 0.281443,
        "nauc_map_at_5_max": 0.177901,
        "nauc_map_at_5_std": 0.238834,
        "nauc_map_at_5_diff1": 0.268116,
        "nauc_map_at_10_max": 0.186395,
        "nauc_map_at_10_std": 0.25065,
        "nauc_map_at_10_diff1": 0.251828,
        "nauc_map_at_20_max": 0.198526,
        "nauc_map_at_20_std": 0.263146,
        "nauc_map_at_20_diff1": 0.247655,
        "nauc_map_at_100_max": 0.20926,
        "nauc_map_at_100_std": 0.281243,
        "nauc_map_at_100_diff1": 0.243263,
        "nauc_map_at_1000_max": 0.210134,
        "nauc_map_at_1000_std": 0.282981,
        "nauc_map_at_1000_diff1": 0.242514,
        "nauc_recall_at_1_max": 0.133881,
        "nauc_recall_at_1_std": 0.183842,
        "nauc_recall_at_1_diff1": 0.361176,
        "nauc_recall_at_3_max": 0.197548,
        "nauc_recall_at_3_std": 0.26273,
        "nauc_recall_at_3_diff1": 0.222176,
        "nauc_recall_at_5_max": 0.209348,
        "nauc_recall_at_5_std": 0.28352,
        "nauc_recall_at_5_diff1": 0.203076,
        "nauc_recall_at_10_max": 0.240938,
        "nauc_recall_at_10_std": 0.326499,
        "nauc_recall_at_10_diff1": 0.170139,
        "nauc_recall_at_20_max": 0.286756,
        "nauc_recall_at_20_std": 0.38301,
        "nauc_recall_at_20_diff1": 0.156333,
        "nauc_recall_at_100_max": 0.334055,
        "nauc_recall_at_100_std": 0.474242,
        "nauc_recall_at_100_diff1": 0.128639,
        "nauc_recall_at_1000_max": 0.395041,
        "nauc_recall_at_1000_std": 0.55411,
        "nauc_recall_at_1000_diff1": 0.147689,
        "nauc_precision_at_1_max": 0.131313,
        "nauc_precision_at_1_std": 0.180731,
        "nauc_precision_at_1_diff1": 0.303154,
        "nauc_precision_at_3_max": 0.193171,
        "nauc_precision_at_3_std": 0.246099,
        "nauc_precision_at_3_diff1": 0.195789,
        "nauc_precision_at_5_max": 0.171904,
        "nauc_precision_at_5_std": 0.237424,
        "nauc_precision_at_5_diff1": 0.163317,
        "nauc_precision_at_10_max": 0.199693,
        "nauc_precision_at_10_std": 0.271062,
        "nauc_precision_at_10_diff1": 0.142484,
        "nauc_precision_at_20_max": 0.243687,
        "nauc_precision_at_20_std": 0.316089,
        "nauc_precision_at_20_diff1": 0.139649,
        "nauc_precision_at_100_max": 0.261221,
        "nauc_precision_at_100_std": 0.399143,
        "nauc_precision_at_100_diff1": 0.106503,
        "nauc_precision_at_1000_max": 0.242043,
        "nauc_precision_at_1000_std": 0.361947,
        "nauc_precision_at_1000_diff1": 0.099748,
        "nauc_mrr_at_1_max": 0.131313,
        "nauc_mrr_at_1_std": 0.180731,
        "nauc_mrr_at_1_diff1": 0.303154,
        "nauc_mrr_at_3_max": 0.167768,
        "nauc_mrr_at_3_std": 0.222589,
        "nauc_mrr_at_3_diff1": 0.249664,
        "nauc_mrr_at_5_max": 0.171073,
        "nauc_mrr_at_5_std": 0.228606,
        "nauc_mrr_at_5_diff1": 0.24131,
        "nauc_mrr_at_10_max": 0.183436,
        "nauc_mrr_at_10_std": 0.246736,
        "nauc_mrr_at_10_diff1": 0.235965,
        "nauc_mrr_at_20_max": 0.19109,
        "nauc_mrr_at_20_std": 0.25439,
        "nauc_mrr_at_20_diff1": 0.234548,
        "nauc_mrr_at_100_max": 0.191943,
        "nauc_mrr_at_100_std": 0.257619,
        "nauc_mrr_at_100_diff1": 0.233397,
        "nauc_mrr_at_1000_max": 0.192107,
        "nauc_mrr_at_1000_std": 0.257958,
        "nauc_mrr_at_1000_diff1": 0.233668,
        "hit_rate_at_1": 0.08473,
        "hit_rate_at_3": 0.14885,
        "hit_rate_at_5": 0.18168,
        "hit_rate_at_10": 0.24504,
        "hit_rate_at_20": 0.29618,
        "hit_rate_at_100": 0.41298,
        "hit_rate_at_1000": 0.60382,
        "main_score": 0.12188,
        "hf_subset": "default",
        "languages": [
          "eng-Latn"
        ],
        "mteb_version": "2.16.3"
      }
    ]
  },
  "evaluation_time": 174.5145753696561,
  "kg_co2_emissions": null,
  "date": 1783223791.066005,
  "evaluation_phases": [
    {
      "name": "Data loading",
      "start": 0.0,
      "end": 3.4107802407816052,
      "split": "",
      "subset": ""
    },
    {
      "name": "Encoding queries and documents",
      "start": 3.4245097879320383,
      "end": 173.24762282986194,
      "split": "test",
      "subset": "default"
    },
    {
      "name": "Scoring",
      "start": 173.24766097217798,
      "end": 174.46825910918415,
      "split": "test",
      "subset": "default"
    }
  ]
}