{
  "dataset_revision": "main",
  "task_name": "TelcoDPR-RAG-ctx-k3",
  "mteb_version": "2.18.0",
  "scores": {
    "test": [
      {
        "ndcg_at_1": 0.57361,
        "ndcg_at_3": 0.68945,
        "ndcg_at_5": 0.71036,
        "ndcg_at_10": 0.72927,
        "ndcg_at_20": 0.7366,
        "ndcg_at_100": 0.74768,
        "ndcg_at_1000": 0.75055,
        "map_at_1": 0.57361,
        "map_at_3": 0.66252,
        "map_at_5": 0.67438,
        "map_at_10": 0.68204,
        "map_at_20": 0.68409,
        "map_at_100": 0.68565,
        "map_at_1000": 0.68576,
        "recall_at_1": 0.57361,
        "recall_at_3": 0.76673,
        "recall_at_5": 0.81644,
        "recall_at_10": 0.87572,
        "recall_at_20": 0.9044,
        "recall_at_100": 0.96367,
        "recall_at_1000": 0.98662,
        "accuracy": 0.57361,
        "precision_at_1": 0.57361,
        "precision_at_3": 0.25558,
        "precision_at_5": 0.16329,
        "precision_at_10": 0.08757,
        "precision_at_20": 0.04522,
        "precision_at_100": 0.00964,
        "precision_at_1000": 0.00099,
        "mrr_at_1": 0.573614,
        "mrr_at_3": 0.662524,
        "mrr_at_5": 0.674379,
        "mrr_at_10": 0.682038,
        "mrr_at_20": 0.684088,
        "mrr_at_100": 0.685651,
        "mrr_at_1000": 0.685758,
        "nauc_ndcg_at_1_max": -0.003173,
        "nauc_ndcg_at_1_std": -0.491183,
        "nauc_ndcg_at_1_diff1": 0.530793,
        "nauc_ndcg_at_3_max": -0.006793,
        "nauc_ndcg_at_3_std": -0.531873,
        "nauc_ndcg_at_3_diff1": 0.453906,
        "nauc_ndcg_at_5_max": 0.003369,
        "nauc_ndcg_at_5_std": -0.533349,
        "nauc_ndcg_at_5_diff1": 0.456749,
        "nauc_ndcg_at_10_max": 0.004885,
        "nauc_ndcg_at_10_std": -0.501878,
        "nauc_ndcg_at_10_diff1": 0.459539,
        "nauc_ndcg_at_20_max": 0.012098,
        "nauc_ndcg_at_20_std": -0.483078,
        "nauc_ndcg_at_20_diff1": 0.467689,
        "nauc_ndcg_at_100_max": 0.004057,
        "nauc_ndcg_at_100_std": -0.481306,
        "nauc_ndcg_at_100_diff1": 0.470244,
        "nauc_ndcg_at_1000_max": 0.002238,
        "nauc_ndcg_at_1000_std": -0.49274,
        "nauc_ndcg_at_1000_diff1": 0.473494,
        "nauc_map_at_1_max": -0.003173,
        "nauc_map_at_1_std": -0.491183,
        "nauc_map_at_1_diff1": 0.530793,
        "nauc_map_at_3_max": -0.006173,
        "nauc_map_at_3_std": -0.522038,
        "nauc_map_at_3_diff1": 0.474873,
        "nauc_map_at_5_max": -0.000798,
        "nauc_map_at_5_std": -0.522669,
        "nauc_map_at_5_diff1": 0.477259,
        "nauc_map_at_10_max": -0.000667,
        "nauc_map_at_10_std": -0.510806,
        "nauc_map_at_10_diff1": 0.478019,
        "nauc_map_at_20_max": 0.00086,
        "nauc_map_at_20_std": -0.506543,
        "nauc_map_at_20_diff1": 0.479939,
        "nauc_map_at_100_max": -0.000394,
        "nauc_map_at_100_std": -0.506917,
        "nauc_map_at_100_diff1": 0.480364,
        "nauc_map_at_1000_max": -0.000477,
        "nauc_map_at_1000_std": -0.507235,
        "nauc_map_at_1000_diff1": 0.480556,
        "nauc_recall_at_1_max": -0.003173,
        "nauc_recall_at_1_std": -0.491183,
        "nauc_recall_at_1_diff1": 0.530793,
        "nauc_recall_at_3_max": -0.008885,
        "nauc_recall_at_3_std": -0.567633,
        "nauc_recall_at_3_diff1": 0.37617,
        "nauc_recall_at_5_max": 0.02379,
        "nauc_recall_at_5_std": -0.579186,
        "nauc_recall_at_5_diff1": 0.367079,
        "nauc_recall_at_10_max": 0.044616,
        "nauc_recall_at_10_std": -0.420976,
        "nauc_recall_at_10_diff1": 0.353635,
        "nauc_recall_at_20_max": 0.12248,
        "nauc_recall_at_20_std": -0.228224,
        "nauc_recall_at_20_diff1": 0.401182,
        "nauc_recall_at_100_max": 0.081705,
        "nauc_recall_at_100_std": 0.284407,
        "nauc_recall_at_100_diff1": 0.361322,
        "nauc_recall_at_1000_max": 0.02578,
        "nauc_recall_at_1000_std": 0.173642,
        "nauc_recall_at_1000_diff1": 0.469443,
        "nauc_precision_at_1_max": -0.003173,
        "nauc_precision_at_1_std": -0.491183,
        "nauc_precision_at_1_diff1": 0.530793,
        "nauc_precision_at_3_max": -0.008885,
        "nauc_precision_at_3_std": -0.567633,
        "nauc_precision_at_3_diff1": 0.37617,
        "nauc_precision_at_5_max": 0.02379,
        "nauc_precision_at_5_std": -0.579186,
        "nauc_precision_at_5_diff1": 0.367079,
        "nauc_precision_at_10_max": 0.044616,
        "nauc_precision_at_10_std": -0.420976,
        "nauc_precision_at_10_diff1": 0.353635,
        "nauc_precision_at_20_max": 0.12248,
        "nauc_precision_at_20_std": -0.228224,
        "nauc_precision_at_20_diff1": 0.401182,
        "nauc_precision_at_100_max": 0.081705,
        "nauc_precision_at_100_std": 0.284407,
        "nauc_precision_at_100_diff1": 0.361322,
        "nauc_precision_at_1000_max": 0.02578,
        "nauc_precision_at_1000_std": 0.173642,
        "nauc_precision_at_1000_diff1": 0.469443,
        "nauc_mrr_at_1_max": -0.003173,
        "nauc_mrr_at_1_std": -0.491183,
        "nauc_mrr_at_1_diff1": 0.530793,
        "nauc_mrr_at_3_max": -0.006173,
        "nauc_mrr_at_3_std": -0.522038,
        "nauc_mrr_at_3_diff1": 0.474873,
        "nauc_mrr_at_5_max": -0.000798,
        "nauc_mrr_at_5_std": -0.522669,
        "nauc_mrr_at_5_diff1": 0.477259,
        "nauc_mrr_at_10_max": -0.000667,
        "nauc_mrr_at_10_std": -0.510806,
        "nauc_mrr_at_10_diff1": 0.478019,
        "nauc_mrr_at_20_max": 0.00086,
        "nauc_mrr_at_20_std": -0.506543,
        "nauc_mrr_at_20_diff1": 0.479939,
        "nauc_mrr_at_100_max": -0.000394,
        "nauc_mrr_at_100_std": -0.506917,
        "nauc_mrr_at_100_diff1": 0.480364,
        "nauc_mrr_at_1000_max": -0.000477,
        "nauc_mrr_at_1000_std": -0.507235,
        "nauc_mrr_at_1000_diff1": 0.480556,
        "hit_rate_at_1": 0.57361,
        "hit_rate_at_3": 0.76673,
        "hit_rate_at_5": 0.81644,
        "hit_rate_at_10": 0.87572,
        "hit_rate_at_20": 0.9044,
        "hit_rate_at_100": 0.96367,
        "hit_rate_at_1000": 0.98662,
        "main_score": 0.72927,
        "hf_subset": "default",
        "languages": [
          "eng-Latn"
        ],
        "mteb_version": "2.18.0"
      }
    ]
  },
  "evaluation_time": 111.83812590909656,
  "kg_co2_emissions": null,
  "date": 1783995910.002852,
  "evaluation_phases": [
    {
      "name": "Data loading",
      "start": 0.0,
      "end": 2.3420555921038613,
      "split": "",
      "subset": ""
    },
    {
      "name": "Encoding queries and documents",
      "start": 2.3490688550518826,
      "end": 111.3726574369939,
      "split": "test",
      "subset": "default"
    },
    {
      "name": "Scoring",
      "start": 111.37267777102534,
      "end": 111.81913379300386,
      "split": "test",
      "subset": "default"
    }
  ]
}