{
  "dataset_revision": "main",
  "task_name": "BioASQ-RAG-Resplit-ctx-k2-Title",
  "mteb_version": "2.18.0",
  "scores": {
    "test": [
      {
        "ndcg_at_1": 0.91333,
        "ndcg_at_3": 0.90936,
        "ndcg_at_5": 0.90184,
        "ndcg_at_10": 0.90115,
        "ndcg_at_20": 0.91546,
        "ndcg_at_100": 0.93596,
        "ndcg_at_1000": 0.93785,
        "map_at_1": 0.31334,
        "map_at_3": 0.52126,
        "map_at_5": 0.62255,
        "map_at_10": 0.74931,
        "map_at_20": 0.8319,
        "map_at_100": 0.87316,
        "map_at_1000": 0.87384,
        "recall_at_1": 0.31334,
        "recall_at_3": 0.54418,
        "recall_at_5": 0.65766,
        "recall_at_10": 0.8079,
        "recall_at_20": 0.9195,
        "recall_at_100": 0.99289,
        "recall_at_1000": 0.99809,
        "accuracy": 0.31334,
        "precision_at_1": 0.91333,
        "precision_at_3": 0.74744,
        "precision_at_5": 0.65107,
        "precision_at_10": 0.5041,
        "precision_at_20": 0.34282,
        "precision_at_100": 0.08716,
        "precision_at_1000": 0.00882,
        "mrr_at_1": 0.913327,
        "mrr_at_3": 0.949363,
        "mrr_at_5": 0.950854,
        "mrr_at_10": 0.951298,
        "mrr_at_20": 0.951438,
        "mrr_at_100": 0.951438,
        "mrr_at_1000": 0.951438,
        "nauc_ndcg_at_1_max": 0.152992,
        "nauc_ndcg_at_1_std": -0.340419,
        "nauc_ndcg_at_1_diff1": 0.321995,
        "nauc_ndcg_at_3_max": 0.19573,
        "nauc_ndcg_at_3_std": -0.473736,
        "nauc_ndcg_at_3_diff1": 0.239838,
        "nauc_ndcg_at_5_max": 0.229729,
        "nauc_ndcg_at_5_std": -0.482753,
        "nauc_ndcg_at_5_diff1": 0.250429,
        "nauc_ndcg_at_10_max": 0.27285,
        "nauc_ndcg_at_10_std": -0.55546,
        "nauc_ndcg_at_10_diff1": 0.300845,
        "nauc_ndcg_at_20_max": 0.28792,
        "nauc_ndcg_at_20_std": -0.598837,
        "nauc_ndcg_at_20_diff1": 0.326014,
        "nauc_ndcg_at_100_max": 0.255922,
        "nauc_ndcg_at_100_std": -0.445568,
        "nauc_ndcg_at_100_diff1": 0.275155,
        "nauc_ndcg_at_1000_max": 0.243956,
        "nauc_ndcg_at_1000_std": -0.427914,
        "nauc_ndcg_at_1000_diff1": 0.274964,
        "nauc_map_at_1_max": 0.290531,
        "nauc_map_at_1_std": -0.435587,
        "nauc_map_at_1_diff1": 0.661178,
        "nauc_map_at_3_max": 0.270938,
        "nauc_map_at_3_std": -0.600033,
        "nauc_map_at_3_diff1": 0.588636,
        "nauc_map_at_5_max": 0.268393,
        "nauc_map_at_5_std": -0.691445,
        "nauc_map_at_5_diff1": 0.541774,
        "nauc_map_at_10_max": 0.283414,
        "nauc_map_at_10_std": -0.790928,
        "nauc_map_at_10_diff1": 0.46472,
        "nauc_map_at_20_max": 0.283396,
        "nauc_map_at_20_std": -0.762096,
        "nauc_map_at_20_diff1": 0.379337,
        "nauc_map_at_100_max": 0.29031,
        "nauc_map_at_100_std": -0.523844,
        "nauc_map_at_100_diff1": 0.289756,
        "nauc_map_at_1000_max": 0.288503,
        "nauc_map_at_1000_std": -0.518928,
        "nauc_map_at_1000_diff1": 0.289722,
        "nauc_recall_at_1_max": 0.290531,
        "nauc_recall_at_1_std": -0.435587,
        "nauc_recall_at_1_diff1": 0.661178,
        "nauc_recall_at_3_max": 0.261673,
        "nauc_recall_at_3_std": -0.61232,
        "nauc_recall_at_3_diff1": 0.576669,
        "nauc_recall_at_5_max": 0.259471,
        "nauc_recall_at_5_std": -0.719566,
        "nauc_recall_at_5_diff1": 0.534991,
        "nauc_recall_at_10_max": 0.286697,
        "nauc_recall_at_10_std": -0.902858,
        "nauc_recall_at_10_diff1": 0.491888,
        "nauc_recall_at_20_max": 0.296522,
        "nauc_recall_at_20_std": -1.084851,
        "nauc_recall_at_20_diff1": 0.466883,
        "nauc_recall_at_100_max": 0.30329,
        "nauc_recall_at_100_std": -0.473203,
        "nauc_recall_at_100_diff1": 0.318422,
        "nauc_recall_at_1000_max": -0.561198,
        "nauc_recall_at_1000_std": 0.147142,
        "nauc_recall_at_1000_diff1": 0.527042,
        "nauc_precision_at_1_max": 0.152992,
        "nauc_precision_at_1_std": -0.340419,
        "nauc_precision_at_1_diff1": 0.321995,
        "nauc_precision_at_3_max": -0.221501,
        "nauc_precision_at_3_std": 0.19257,
        "nauc_precision_at_3_diff1": -0.585244,
        "nauc_precision_at_5_max": -0.212911,
        "nauc_precision_at_5_std": 0.290332,
        "nauc_precision_at_5_diff1": -0.59139,
        "nauc_precision_at_10_max": -0.182139,
        "nauc_precision_at_10_std": 0.393381,
        "nauc_precision_at_10_diff1": -0.529986,
        "nauc_precision_at_20_max": -0.176795,
        "nauc_precision_at_20_std": 0.507141,
        "nauc_precision_at_20_diff1": -0.476825,
        "nauc_precision_at_100_max": -0.169774,
        "nauc_precision_at_100_std": 0.651838,
        "nauc_precision_at_100_diff1": -0.440624,
        "nauc_precision_at_1000_max": -0.174076,
        "nauc_precision_at_1000_std": 0.657166,
        "nauc_precision_at_1000_diff1": -0.436551,
        "nauc_mrr_at_1_max": 0.152992,
        "nauc_mrr_at_1_std": -0.340419,
        "nauc_mrr_at_1_diff1": 0.321995,
        "nauc_mrr_at_3_max": 0.138269,
        "nauc_mrr_at_3_std": -0.407547,
        "nauc_mrr_at_3_diff1": 0.326065,
        "nauc_mrr_at_5_max": 0.131444,
        "nauc_mrr_at_5_std": -0.396693,
        "nauc_mrr_at_5_diff1": 0.321928,
        "nauc_mrr_at_10_max": 0.141525,
        "nauc_mrr_at_10_std": -0.388739,
        "nauc_mrr_at_10_diff1": 0.325364,
        "nauc_mrr_at_20_max": 0.1396,
        "nauc_mrr_at_20_std": -0.385521,
        "nauc_mrr_at_20_diff1": 0.324156,
        "nauc_mrr_at_100_max": 0.1396,
        "nauc_mrr_at_100_std": -0.385521,
        "nauc_mrr_at_100_diff1": 0.324156,
        "nauc_mrr_at_1000_max": 0.1396,
        "nauc_mrr_at_1000_std": -0.385521,
        "nauc_mrr_at_1000_diff1": 0.324156,
        "hit_rate_at_1": 0.91333,
        "hit_rate_at_3": 0.98788,
        "hit_rate_at_5": 0.99441,
        "hit_rate_at_10": 0.9972,
        "hit_rate_at_20": 0.99907,
        "hit_rate_at_100": 0.99907,
        "hit_rate_at_1000": 0.99907,
        "main_score": 0.90115,
        "hf_subset": "default",
        "languages": [
          "eng-Latn"
        ],
        "mteb_version": "2.18.0"
      }
    ]
  },
  "evaluation_time": 315.7839042369742,
  "kg_co2_emissions": null,
  "date": 1784333399.987225,
  "evaluation_phases": [
    {
      "name": "Data loading",
      "start": 0.0,
      "end": 2.50814841396641,
      "split": "",
      "subset": ""
    },
    {
      "name": "Encoding queries and documents",
      "start": 2.529716718941927,
      "end": 314.8913835269632,
      "split": "test",
      "subset": "default"
    },
    {
      "name": "Scoring",
      "start": 314.89141792000737,
      "end": 315.7493888080353,
      "split": "test",
      "subset": "default"
    }
  ]
}