{
  "dataset_revision": "main",
  "task_name": "BioASQ-RAG-Resplit-ctx-rfg",
  "mteb_version": "2.18.0",
  "scores": {
    "test": [
      {
        "ndcg_at_1": 0.82199,
        "ndcg_at_3": 0.80114,
        "ndcg_at_5": 0.79868,
        "ndcg_at_10": 0.80435,
        "ndcg_at_20": 0.82569,
        "ndcg_at_100": 0.86351,
        "ndcg_at_1000": 0.86906,
        "map_at_1": 0.28319,
        "map_at_3": 0.44218,
        "map_at_5": 0.52955,
        "map_at_10": 0.64344,
        "map_at_20": 0.72203,
        "map_at_100": 0.76846,
        "map_at_1000": 0.76973,
        "recall_at_1": 0.28319,
        "recall_at_3": 0.46552,
        "recall_at_5": 0.57601,
        "recall_at_10": 0.72824,
        "recall_at_20": 0.85264,
        "recall_at_100": 0.97523,
        "recall_at_1000": 0.99423,
        "accuracy": 0.28319,
        "precision_at_1": 0.82199,
        "precision_at_3": 0.65362,
        "precision_at_5": 0.5754,
        "precision_at_10": 0.45582,
        "precision_at_20": 0.31752,
        "precision_at_100": 0.08561,
        "precision_at_1000": 0.0088,
        "mrr_at_1": 0.821994,
        "mrr_at_3": 0.864554,
        "mrr_at_5": 0.870332,
        "mrr_at_10": 0.874152,
        "mrr_at_20": 0.875332,
        "mrr_at_100": 0.875792,
        "mrr_at_1000": 0.875792,
        "nauc_ndcg_at_1_max": 0.230424,
        "nauc_ndcg_at_1_std": -0.312746,
        "nauc_ndcg_at_1_diff1": 0.372891,
        "nauc_ndcg_at_3_max": 0.226467,
        "nauc_ndcg_at_3_std": -0.35271,
        "nauc_ndcg_at_3_diff1": 0.315526,
        "nauc_ndcg_at_5_max": 0.220575,
        "nauc_ndcg_at_5_std": -0.355112,
        "nauc_ndcg_at_5_diff1": 0.307128,
        "nauc_ndcg_at_10_max": 0.228428,
        "nauc_ndcg_at_10_std": -0.386535,
        "nauc_ndcg_at_10_diff1": 0.315927,
        "nauc_ndcg_at_20_max": 0.245714,
        "nauc_ndcg_at_20_std": -0.412752,
        "nauc_ndcg_at_20_diff1": 0.317587,
        "nauc_ndcg_at_100_max": 0.244465,
        "nauc_ndcg_at_100_std": -0.302688,
        "nauc_ndcg_at_100_diff1": 0.293715,
        "nauc_ndcg_at_1000_max": 0.241225,
        "nauc_ndcg_at_1000_std": -0.299264,
        "nauc_ndcg_at_1000_diff1": 0.301504,
        "nauc_map_at_1_max": 0.160116,
        "nauc_map_at_1_std": -0.478534,
        "nauc_map_at_1_diff1": 0.650751,
        "nauc_map_at_3_max": 0.142336,
        "nauc_map_at_3_std": -0.581917,
        "nauc_map_at_3_diff1": 0.575825,
        "nauc_map_at_5_max": 0.139633,
        "nauc_map_at_5_std": -0.619004,
        "nauc_map_at_5_diff1": 0.519796,
        "nauc_map_at_10_max": 0.18011,
        "nauc_map_at_10_std": -0.62643,
        "nauc_map_at_10_diff1": 0.440782,
        "nauc_map_at_20_max": 0.230576,
        "nauc_map_at_20_std": -0.540869,
        "nauc_map_at_20_diff1": 0.36726,
        "nauc_map_at_100_max": 0.24576,
        "nauc_map_at_100_std": -0.360532,
        "nauc_map_at_100_diff1": 0.303563,
        "nauc_map_at_1000_max": 0.245082,
        "nauc_map_at_1000_std": -0.357415,
        "nauc_map_at_1000_diff1": 0.303569,
        "nauc_recall_at_1_max": 0.160116,
        "nauc_recall_at_1_std": -0.478534,
        "nauc_recall_at_1_diff1": 0.650751,
        "nauc_recall_at_3_max": 0.132131,
        "nauc_recall_at_3_std": -0.591338,
        "nauc_recall_at_3_diff1": 0.567555,
        "nauc_recall_at_5_max": 0.109341,
        "nauc_recall_at_5_std": -0.645195,
        "nauc_recall_at_5_diff1": 0.50786,
        "nauc_recall_at_10_max": 0.146598,
        "nauc_recall_at_10_std": -0.712352,
        "nauc_recall_at_10_diff1": 0.449177,
        "nauc_recall_at_20_max": 0.220341,
        "nauc_recall_at_20_std": -0.707298,
        "nauc_recall_at_20_diff1": 0.37467,
        "nauc_recall_at_100_max": 0.163103,
        "nauc_recall_at_100_std": 0.035402,
        "nauc_recall_at_100_diff1": 0.059488,
        "nauc_recall_at_1000_max": -0.247802,
        "nauc_recall_at_1000_std": 0.567639,
        "nauc_recall_at_1000_diff1": 0.11477,
        "nauc_precision_at_1_max": 0.230424,
        "nauc_precision_at_1_std": -0.312746,
        "nauc_precision_at_1_diff1": 0.372891,
        "nauc_precision_at_3_max": 0.028271,
        "nauc_precision_at_3_std": 0.090458,
        "nauc_precision_at_3_diff1": -0.304139,
        "nauc_precision_at_5_max": 0.007936,
        "nauc_precision_at_5_std": 0.212706,
        "nauc_precision_at_5_diff1": -0.396789,
        "nauc_precision_at_10_max": 0.027734,
        "nauc_precision_at_10_std": 0.351571,
        "nauc_precision_at_10_diff1": -0.417844,
        "nauc_precision_at_20_max": 0.026006,
        "nauc_precision_at_20_std": 0.476213,
        "nauc_precision_at_20_diff1": -0.409768,
        "nauc_precision_at_100_max": -0.007855,
        "nauc_precision_at_100_std": 0.642062,
        "nauc_precision_at_100_diff1": -0.400897,
        "nauc_precision_at_1000_max": -0.016561,
        "nauc_precision_at_1000_std": 0.642866,
        "nauc_precision_at_1000_diff1": -0.395637,
        "nauc_mrr_at_1_max": 0.230424,
        "nauc_mrr_at_1_std": -0.312746,
        "nauc_mrr_at_1_diff1": 0.372891,
        "nauc_mrr_at_3_max": 0.235741,
        "nauc_mrr_at_3_std": -0.325258,
        "nauc_mrr_at_3_diff1": 0.374599,
        "nauc_mrr_at_5_max": 0.227923,
        "nauc_mrr_at_5_std": -0.331332,
        "nauc_mrr_at_5_diff1": 0.372639,
        "nauc_mrr_at_10_max": 0.234145,
        "nauc_mrr_at_10_std": -0.328883,
        "nauc_mrr_at_10_diff1": 0.374359,
        "nauc_mrr_at_20_max": 0.232253,
        "nauc_mrr_at_20_std": -0.326881,
        "nauc_mrr_at_20_diff1": 0.373194,
        "nauc_mrr_at_100_max": 0.232953,
        "nauc_mrr_at_100_std": -0.32537,
        "nauc_mrr_at_100_diff1": 0.373731,
        "nauc_mrr_at_1000_max": 0.232953,
        "nauc_mrr_at_1000_std": -0.32537,
        "nauc_mrr_at_1000_diff1": 0.373731,
        "hit_rate_at_1": 0.82199,
        "hit_rate_at_3": 0.91519,
        "hit_rate_at_5": 0.94035,
        "hit_rate_at_10": 0.96738,
        "hit_rate_at_20": 0.98322,
        "hit_rate_at_100": 0.9972,
        "hit_rate_at_1000": 0.9972,
        "main_score": 0.80435,
        "hf_subset": "default",
        "languages": [
          "eng-Latn"
        ],
        "mteb_version": "2.18.0"
      }
    ]
  },
  "evaluation_time": 310.5799601851031,
  "kg_co2_emissions": null,
  "date": 1784425534.440916,
  "evaluation_phases": [
    {
      "name": "Data loading",
      "start": 0.0,
      "end": 3.804704813985154,
      "split": "",
      "subset": ""
    },
    {
      "name": "Encoding queries and documents",
      "start": 3.8319496030453593,
      "end": 309.69556040898897,
      "split": "test",
      "subset": "default"
    },
    {
      "name": "Scoring",
      "start": 309.69559322693385,
      "end": 310.5452040939126,
      "split": "test",
      "subset": "default"
    }
  ]
}