{
  "dataset_revision": "main",
  "task_name": "BioASQ-RAG-Resplit-ctx-rfg",
  "mteb_version": "2.18.0",
  "scores": {
    "test": [
      {
        "ndcg_at_1": 0.76887,
        "ndcg_at_3": 0.77278,
        "ndcg_at_5": 0.77313,
        "ndcg_at_10": 0.77726,
        "ndcg_at_20": 0.80189,
        "ndcg_at_100": 0.84182,
        "ndcg_at_1000": 0.8485,
        "map_at_1": 0.2608,
        "map_at_3": 0.41995,
        "map_at_5": 0.50429,
        "map_at_10": 0.61568,
        "map_at_20": 0.69384,
        "map_at_100": 0.74015,
        "map_at_1000": 0.74164,
        "recall_at_1": 0.2608,
        "recall_at_3": 0.45148,
        "recall_at_5": 0.56038,
        "recall_at_10": 0.70911,
        "recall_at_20": 0.84218,
        "recall_at_100": 0.97076,
        "recall_at_1000": 0.9947,
        "accuracy": 0.2608,
        "precision_at_1": 0.76887,
        "precision_at_3": 0.63809,
        "precision_at_5": 0.56626,
        "precision_at_10": 0.44772,
        "precision_at_20": 0.3144,
        "precision_at_100": 0.08533,
        "precision_at_1000": 0.00881,
        "mrr_at_1": 0.768872,
        "mrr_at_3": 0.825722,
        "mrr_at_5": 0.834856,
        "mrr_at_10": 0.838021,
        "mrr_at_20": 0.839696,
        "mrr_at_100": 0.840201,
        "mrr_at_1000": 0.840202,
        "nauc_ndcg_at_1_max": 0.378361,
        "nauc_ndcg_at_1_std": -0.370633,
        "nauc_ndcg_at_1_diff1": 0.299074,
        "nauc_ndcg_at_3_max": 0.395566,
        "nauc_ndcg_at_3_std": -0.39477,
        "nauc_ndcg_at_3_diff1": 0.220506,
        "nauc_ndcg_at_5_max": 0.410116,
        "nauc_ndcg_at_5_std": -0.388803,
        "nauc_ndcg_at_5_diff1": 0.225906,
        "nauc_ndcg_at_10_max": 0.409045,
        "nauc_ndcg_at_10_std": -0.425293,
        "nauc_ndcg_at_10_diff1": 0.233502,
        "nauc_ndcg_at_20_max": 0.432082,
        "nauc_ndcg_at_20_std": -0.439666,
        "nauc_ndcg_at_20_diff1": 0.240161,
        "nauc_ndcg_at_100_max": 0.427561,
        "nauc_ndcg_at_100_std": -0.343773,
        "nauc_ndcg_at_100_diff1": 0.214048,
        "nauc_ndcg_at_1000_max": 0.413319,
        "nauc_ndcg_at_1000_std": -0.341202,
        "nauc_ndcg_at_1000_diff1": 0.219547,
        "nauc_map_at_1_max": 0.356056,
        "nauc_map_at_1_std": -0.459977,
        "nauc_map_at_1_diff1": 0.642456,
        "nauc_map_at_3_max": 0.324754,
        "nauc_map_at_3_std": -0.560895,
        "nauc_map_at_3_diff1": 0.497692,
        "nauc_map_at_5_max": 0.334342,
        "nauc_map_at_5_std": -0.598064,
        "nauc_map_at_5_diff1": 0.437638,
        "nauc_map_at_10_max": 0.362313,
        "nauc_map_at_10_std": -0.607997,
        "nauc_map_at_10_diff1": 0.345856,
        "nauc_map_at_20_max": 0.413676,
        "nauc_map_at_20_std": -0.53568,
        "nauc_map_at_20_diff1": 0.288813,
        "nauc_map_at_100_max": 0.425936,
        "nauc_map_at_100_std": -0.387336,
        "nauc_map_at_100_diff1": 0.235747,
        "nauc_map_at_1000_max": 0.423795,
        "nauc_map_at_1000_std": -0.384536,
        "nauc_map_at_1000_diff1": 0.235428,
        "nauc_recall_at_1_max": 0.356056,
        "nauc_recall_at_1_std": -0.459977,
        "nauc_recall_at_1_diff1": 0.642456,
        "nauc_recall_at_3_max": 0.308596,
        "nauc_recall_at_3_std": -0.575353,
        "nauc_recall_at_3_diff1": 0.470383,
        "nauc_recall_at_5_max": 0.304422,
        "nauc_recall_at_5_std": -0.620572,
        "nauc_recall_at_5_diff1": 0.410427,
        "nauc_recall_at_10_max": 0.326366,
        "nauc_recall_at_10_std": -0.686251,
        "nauc_recall_at_10_diff1": 0.325082,
        "nauc_recall_at_20_max": 0.411051,
        "nauc_recall_at_20_std": -0.692781,
        "nauc_recall_at_20_diff1": 0.278059,
        "nauc_recall_at_100_max": 0.504328,
        "nauc_recall_at_100_std": -0.044567,
        "nauc_recall_at_100_diff1": 0.002171,
        "nauc_recall_at_1000_max": -0.008524,
        "nauc_recall_at_1000_std": 0.442613,
        "nauc_recall_at_1000_diff1": -0.044235,
        "nauc_precision_at_1_max": 0.378361,
        "nauc_precision_at_1_std": -0.370633,
        "nauc_precision_at_1_diff1": 0.299074,
        "nauc_precision_at_3_max": 0.036134,
        "nauc_precision_at_3_std": 0.005548,
        "nauc_precision_at_3_diff1": -0.321921,
        "nauc_precision_at_5_max": -0.006569,
        "nauc_precision_at_5_std": 0.146456,
        "nauc_precision_at_5_diff1": -0.383668,
        "nauc_precision_at_10_max": -0.024094,
        "nauc_precision_at_10_std": 0.269946,
        "nauc_precision_at_10_diff1": -0.384799,
        "nauc_precision_at_20_max": -0.031253,
        "nauc_precision_at_20_std": 0.405327,
        "nauc_precision_at_20_diff1": -0.360322,
        "nauc_precision_at_100_max": -0.087712,
        "nauc_precision_at_100_std": 0.575012,
        "nauc_precision_at_100_diff1": -0.348832,
        "nauc_precision_at_1000_max": -0.106517,
        "nauc_precision_at_1000_std": 0.579128,
        "nauc_precision_at_1000_diff1": -0.341673,
        "nauc_mrr_at_1_max": 0.378361,
        "nauc_mrr_at_1_std": -0.370633,
        "nauc_mrr_at_1_diff1": 0.299074,
        "nauc_mrr_at_3_max": 0.393503,
        "nauc_mrr_at_3_std": -0.406631,
        "nauc_mrr_at_3_diff1": 0.278808,
        "nauc_mrr_at_5_max": 0.392281,
        "nauc_mrr_at_5_std": -0.40104,
        "nauc_mrr_at_5_diff1": 0.276111,
        "nauc_mrr_at_10_max": 0.395069,
        "nauc_mrr_at_10_std": -0.395862,
        "nauc_mrr_at_10_diff1": 0.278712,
        "nauc_mrr_at_20_max": 0.394344,
        "nauc_mrr_at_20_std": -0.396916,
        "nauc_mrr_at_20_diff1": 0.279483,
        "nauc_mrr_at_100_max": 0.393799,
        "nauc_mrr_at_100_std": -0.395346,
        "nauc_mrr_at_100_diff1": 0.279544,
        "nauc_mrr_at_1000_max": 0.393792,
        "nauc_mrr_at_1000_std": -0.395359,
        "nauc_mrr_at_1000_diff1": 0.279554,
        "hit_rate_at_1": 0.76887,
        "hit_rate_at_3": 0.89562,
        "hit_rate_at_5": 0.93476,
        "hit_rate_at_10": 0.95899,
        "hit_rate_at_20": 0.98136,
        "hit_rate_at_100": 0.9972,
        "hit_rate_at_1000": 0.99814,
        "main_score": 0.77726,
        "hf_subset": "default",
        "languages": [
          "eng-Latn"
        ],
        "mteb_version": "2.18.0"
      }
    ]
  },
  "evaluation_time": 323.26140760607086,
  "kg_co2_emissions": null,
  "date": 1784430815.255143,
  "evaluation_phases": [
    {
      "name": "Data loading",
      "start": 0.0,
      "end": 3.470859905006364,
      "split": "",
      "subset": ""
    },
    {
      "name": "Encoding queries and documents",
      "start": 3.495544434990734,
      "end": 322.38396566407755,
      "split": "test",
      "subset": "default"
    },
    {
      "name": "Scoring",
      "start": 322.3840057600755,
      "end": 323.22867340105586,
      "split": "test",
      "subset": "default"
    }
  ]
}