{
  "dataset_revision": "main",
  "task_name": "QASPER-RAG-ctx-k1",
  "mteb_version": "2.18.0",
  "scores": {
    "test": [
      {
        "ndcg_at_1": 0.49542,
        "ndcg_at_3": 0.49318,
        "ndcg_at_5": 0.52291,
        "ndcg_at_10": 0.57616,
        "ndcg_at_20": 0.62569,
        "ndcg_at_100": 0.66408,
        "ndcg_at_1000": 0.66449,
        "map_at_1": 0.30182,
        "map_at_3": 0.40966,
        "map_at_5": 0.44669,
        "map_at_10": 0.48481,
        "map_at_20": 0.50858,
        "map_at_100": 0.5222,
        "map_at_1000": 0.52226,
        "recall_at_1": 0.30182,
        "recall_at_3": 0.47449,
        "recall_at_5": 0.56399,
        "recall_at_10": 0.70944,
        "recall_at_20": 0.86051,
        "recall_at_100": 0.9983,
        "recall_at_1000": 1.0,
        "accuracy": 0.30182,
        "precision_at_1": 0.49542,
        "precision_at_3": 0.29567,
        "precision_at_5": 0.22794,
        "precision_at_10": 0.15664,
        "precision_at_20": 0.10179,
        "precision_at_100": 0.02611,
        "precision_at_1000": 0.00262,
        "mrr_at_1": 0.49542,
        "mrr_at_3": 0.565903,
        "mrr_at_5": 0.582048,
        "mrr_at_10": 0.597903,
        "mrr_at_20": 0.604843,
        "mrr_at_100": 0.60665,
        "mrr_at_1000": 0.60665,
        "nauc_ndcg_at_1_max": 0.327935,
        "nauc_ndcg_at_1_std": -0.162019,
        "nauc_ndcg_at_1_diff1": 0.289318,
        "nauc_ndcg_at_3_max": 0.273156,
        "nauc_ndcg_at_3_std": -0.20424,
        "nauc_ndcg_at_3_diff1": 0.258686,
        "nauc_ndcg_at_5_max": 0.279157,
        "nauc_ndcg_at_5_std": -0.232993,
        "nauc_ndcg_at_5_diff1": 0.270251,
        "nauc_ndcg_at_10_max": 0.293753,
        "nauc_ndcg_at_10_std": -0.251244,
        "nauc_ndcg_at_10_diff1": 0.272571,
        "nauc_ndcg_at_20_max": 0.309438,
        "nauc_ndcg_at_20_std": -0.245365,
        "nauc_ndcg_at_20_diff1": 0.276027,
        "nauc_ndcg_at_100_max": 0.302821,
        "nauc_ndcg_at_100_std": -0.207738,
        "nauc_ndcg_at_100_diff1": 0.267586,
        "nauc_ndcg_at_1000_max": 0.302298,
        "nauc_ndcg_at_1000_std": -0.206476,
        "nauc_ndcg_at_1000_diff1": 0.26783,
        "nauc_map_at_1_max": 0.245137,
        "nauc_map_at_1_std": -0.169076,
        "nauc_map_at_1_diff1": 0.343336,
        "nauc_map_at_3_max": 0.25339,
        "nauc_map_at_3_std": -0.214487,
        "nauc_map_at_3_diff1": 0.291286,
        "nauc_map_at_5_max": 0.267061,
        "nauc_map_at_5_std": -0.230116,
        "nauc_map_at_5_diff1": 0.288385,
        "nauc_map_at_10_max": 0.276832,
        "nauc_map_at_10_std": -0.235549,
        "nauc_map_at_10_diff1": 0.281961,
        "nauc_map_at_20_max": 0.28581,
        "nauc_map_at_20_std": -0.230727,
        "nauc_map_at_20_diff1": 0.278984,
        "nauc_map_at_100_max": 0.285396,
        "nauc_map_at_100_std": -0.216434,
        "nauc_map_at_100_diff1": 0.272498,
        "nauc_map_at_1000_max": 0.285368,
        "nauc_map_at_1000_std": -0.216254,
        "nauc_map_at_1000_diff1": 0.272474,
        "nauc_recall_at_1_max": 0.245137,
        "nauc_recall_at_1_std": -0.169076,
        "nauc_recall_at_1_diff1": 0.343336,
        "nauc_recall_at_3_max": 0.216124,
        "nauc_recall_at_3_std": -0.243639,
        "nauc_recall_at_3_diff1": 0.252883,
        "nauc_recall_at_5_max": 0.225356,
        "nauc_recall_at_5_std": -0.296703,
        "nauc_recall_at_5_diff1": 0.263068,
        "nauc_recall_at_10_max": 0.246619,
        "nauc_recall_at_10_std": -0.36535,
        "nauc_recall_at_10_diff1": 0.252645,
        "nauc_recall_at_20_max": 0.287519,
        "nauc_recall_at_20_std": -0.435168,
        "nauc_recall_at_20_diff1": 0.247788,
        "nauc_recall_at_100_max": 0.525247,
        "nauc_recall_at_100_std": -0.90579,
        "nauc_recall_at_100_diff1": 0.02704,
        "nauc_recall_at_1000_max": NaN,
        "nauc_recall_at_1000_std": NaN,
        "nauc_recall_at_1000_diff1": NaN,
        "nauc_precision_at_1_max": 0.327935,
        "nauc_precision_at_1_std": -0.162019,
        "nauc_precision_at_1_diff1": 0.289318,
        "nauc_precision_at_3_max": 0.21333,
        "nauc_precision_at_3_std": -0.125558,
        "nauc_precision_at_3_diff1": 0.067764,
        "nauc_precision_at_5_max": 0.17554,
        "nauc_precision_at_5_std": -0.098952,
        "nauc_precision_at_5_diff1": 0.007576,
        "nauc_precision_at_10_max": 0.132263,
        "nauc_precision_at_10_std": -0.019757,
        "nauc_precision_at_10_diff1": -0.072347,
        "nauc_precision_at_20_max": 0.084915,
        "nauc_precision_at_20_std": 0.083392,
        "nauc_precision_at_20_diff1": -0.135123,
        "nauc_precision_at_100_max": 0.00511,
        "nauc_precision_at_100_std": 0.220491,
        "nauc_precision_at_100_diff1": -0.190228,
        "nauc_precision_at_1000_max": 0.002493,
        "nauc_precision_at_1000_std": 0.222593,
        "nauc_precision_at_1000_diff1": -0.189031,
        "nauc_mrr_at_1_max": 0.327935,
        "nauc_mrr_at_1_std": -0.162019,
        "nauc_mrr_at_1_diff1": 0.289318,
        "nauc_mrr_at_3_max": 0.323955,
        "nauc_mrr_at_3_std": -0.182863,
        "nauc_mrr_at_3_diff1": 0.271574,
        "nauc_mrr_at_5_max": 0.321142,
        "nauc_mrr_at_5_std": -0.193413,
        "nauc_mrr_at_5_diff1": 0.276388,
        "nauc_mrr_at_10_max": 0.328274,
        "nauc_mrr_at_10_std": -0.19273,
        "nauc_mrr_at_10_diff1": 0.273961,
        "nauc_mrr_at_20_max": 0.327238,
        "nauc_mrr_at_20_std": -0.190473,
        "nauc_mrr_at_20_diff1": 0.274726,
        "nauc_mrr_at_100_max": 0.326515,
        "nauc_mrr_at_100_std": -0.189723,
        "nauc_mrr_at_100_diff1": 0.275446,
        "nauc_mrr_at_1000_max": 0.326515,
        "nauc_mrr_at_1000_std": -0.189723,
        "nauc_mrr_at_1000_diff1": 0.275446,
        "hit_rate_at_1": 0.49542,
        "hit_rate_at_3": 0.66031,
        "hit_rate_at_5": 0.73053,
        "hit_rate_at_10": 0.84809,
        "hit_rate_at_20": 0.94504,
        "hit_rate_at_100": 1.0,
        "hit_rate_at_1000": 1.0,
        "main_score": 0.57616,
        "hf_subset": "default",
        "languages": [
          "eng-Latn"
        ],
        "mteb_version": "2.18.0"
      }
    ]
  },
  "evaluation_time": 217.2814576169476,
  "kg_co2_emissions": null,
  "date": 1783995983.25811,
  "evaluation_phases": [
    {
      "name": "Data loading",
      "start": 0.0,
      "end": 2.395922083989717,
      "split": "",
      "subset": ""
    },
    {
      "name": "Encoding queries and documents",
      "start": 2.410732754971832,
      "end": 216.08521125698462,
      "split": "test",
      "subset": "default"
    },
    {
      "name": "Scoring",
      "start": 216.0852464339696,
      "end": 217.24203736998606,
      "split": "test",
      "subset": "default"
    }
  ]
}