{
  "dataset_revision": "main",
  "task_name": "BioASQ-RAG-Resplit-ctx-k3",
  "mteb_version": "2.18.0",
  "scores": {
    "test": [
      {
        "ndcg_at_1": 0.81547,
        "ndcg_at_3": 0.81227,
        "ndcg_at_5": 0.80884,
        "ndcg_at_10": 0.81808,
        "ndcg_at_20": 0.84074,
        "ndcg_at_100": 0.87277,
        "ndcg_at_1000": 0.87688,
        "map_at_1": 0.27436,
        "map_at_3": 0.44617,
        "map_at_5": 0.53546,
        "map_at_10": 0.65643,
        "map_at_20": 0.73835,
        "map_at_100": 0.78332,
        "map_at_1000": 0.78436,
        "recall_at_1": 0.27436,
        "recall_at_3": 0.47749,
        "recall_at_5": 0.58367,
        "recall_at_10": 0.74583,
        "recall_at_20": 0.87524,
        "recall_at_100": 0.98192,
        "recall_at_1000": 0.9973,
        "accuracy": 0.27436,
        "precision_at_1": 0.81547,
        "precision_at_3": 0.67071,
        "precision_at_5": 0.59143,
        "precision_at_10": 0.47083,
        "precision_at_20": 0.32838,
        "precision_at_100": 0.08647,
        "precision_at_1000": 0.00882,
        "mrr_at_1": 0.815471,
        "mrr_at_3": 0.866107,
        "mrr_at_5": 0.870954,
        "mrr_at_10": 0.874584,
        "mrr_at_20": 0.875699,
        "mrr_at_100": 0.875829,
        "mrr_at_1000": 0.875837,
        "nauc_ndcg_at_1_max": 0.263,
        "nauc_ndcg_at_1_std": -0.30712,
        "nauc_ndcg_at_1_diff1": 0.381179,
        "nauc_ndcg_at_3_max": 0.283834,
        "nauc_ndcg_at_3_std": -0.349155,
        "nauc_ndcg_at_3_diff1": 0.306801,
        "nauc_ndcg_at_5_max": 0.309533,
        "nauc_ndcg_at_5_std": -0.359903,
        "nauc_ndcg_at_5_diff1": 0.31986,
        "nauc_ndcg_at_10_max": 0.312486,
        "nauc_ndcg_at_10_std": -0.405061,
        "nauc_ndcg_at_10_diff1": 0.335214,
        "nauc_ndcg_at_20_max": 0.325089,
        "nauc_ndcg_at_20_std": -0.426473,
        "nauc_ndcg_at_20_diff1": 0.340594,
        "nauc_ndcg_at_100_max": 0.351831,
        "nauc_ndcg_at_100_std": -0.302069,
        "nauc_ndcg_at_100_diff1": 0.314162,
        "nauc_ndcg_at_1000_max": 0.339232,
        "nauc_ndcg_at_1000_std": -0.29402,
        "nauc_ndcg_at_1000_diff1": 0.312325,
        "nauc_map_at_1_max": -0.050526,
        "nauc_map_at_1_std": -0.458887,
        "nauc_map_at_1_diff1": 0.729392,
        "nauc_map_at_3_max": -0.029941,
        "nauc_map_at_3_std": -0.569571,
        "nauc_map_at_3_diff1": 0.623783,
        "nauc_map_at_5_max": 0.015649,
        "nauc_map_at_5_std": -0.624791,
        "nauc_map_at_5_diff1": 0.568319,
        "nauc_map_at_10_max": 0.13206,
        "nauc_map_at_10_std": -0.651642,
        "nauc_map_at_10_diff1": 0.470895,
        "nauc_map_at_20_max": 0.247278,
        "nauc_map_at_20_std": -0.568181,
        "nauc_map_at_20_diff1": 0.38422,
        "nauc_map_at_100_max": 0.321324,
        "nauc_map_at_100_std": -0.372427,
        "nauc_map_at_100_diff1": 0.328014,
        "nauc_map_at_1000_max": 0.319755,
        "nauc_map_at_1000_std": -0.368363,
        "nauc_map_at_1000_diff1": 0.32677,
        "nauc_recall_at_1_max": -0.050526,
        "nauc_recall_at_1_std": -0.458887,
        "nauc_recall_at_1_diff1": 0.729392,
        "nauc_recall_at_3_max": -0.053157,
        "nauc_recall_at_3_std": -0.587274,
        "nauc_recall_at_3_diff1": 0.596287,
        "nauc_recall_at_5_max": -0.016907,
        "nauc_recall_at_5_std": -0.665032,
        "nauc_recall_at_5_diff1": 0.550035,
        "nauc_recall_at_10_max": 0.061612,
        "nauc_recall_at_10_std": -0.766164,
        "nauc_recall_at_10_diff1": 0.469582,
        "nauc_recall_at_20_max": 0.200105,
        "nauc_recall_at_20_std": -0.812708,
        "nauc_recall_at_20_diff1": 0.394758,
        "nauc_recall_at_100_max": 0.610889,
        "nauc_recall_at_100_std": -0.106689,
        "nauc_recall_at_100_diff1": 0.177847,
        "nauc_recall_at_1000_max": 0.229316,
        "nauc_recall_at_1000_std": 0.158511,
        "nauc_recall_at_1000_diff1": -0.046473,
        "nauc_precision_at_1_max": 0.263,
        "nauc_precision_at_1_std": -0.30712,
        "nauc_precision_at_1_diff1": 0.381179,
        "nauc_precision_at_3_max": 0.254253,
        "nauc_precision_at_3_std": 0.094738,
        "nauc_precision_at_3_diff1": -0.386342,
        "nauc_precision_at_5_max": 0.269664,
        "nauc_precision_at_5_std": 0.205079,
        "nauc_precision_at_5_diff1": -0.453745,
        "nauc_precision_at_10_max": 0.266466,
        "nauc_precision_at_10_std": 0.339986,
        "nauc_precision_at_10_diff1": -0.478447,
        "nauc_precision_at_20_max": 0.231944,
        "nauc_precision_at_20_std": 0.475428,
        "nauc_precision_at_20_diff1": -0.451401,
        "nauc_precision_at_100_max": 0.172078,
        "nauc_precision_at_100_std": 0.640536,
        "nauc_precision_at_100_diff1": -0.421028,
        "nauc_precision_at_1000_max": 0.156188,
        "nauc_precision_at_1000_std": 0.646093,
        "nauc_precision_at_1000_diff1": -0.421652,
        "nauc_mrr_at_1_max": 0.263,
        "nauc_mrr_at_1_std": -0.30712,
        "nauc_mrr_at_1_diff1": 0.381179,
        "nauc_mrr_at_3_max": 0.298578,
        "nauc_mrr_at_3_std": -0.339987,
        "nauc_mrr_at_3_diff1": 0.371297,
        "nauc_mrr_at_5_max": 0.306845,
        "nauc_mrr_at_5_std": -0.325971,
        "nauc_mrr_at_5_diff1": 0.374543,
        "nauc_mrr_at_10_max": 0.300906,
        "nauc_mrr_at_10_std": -0.324982,
        "nauc_mrr_at_10_diff1": 0.377368,
        "nauc_mrr_at_20_max": 0.30073,
        "nauc_mrr_at_20_std": -0.323399,
        "nauc_mrr_at_20_diff1": 0.376728,
        "nauc_mrr_at_100_max": 0.300064,
        "nauc_mrr_at_100_std": -0.323473,
        "nauc_mrr_at_100_diff1": 0.376374,
        "nauc_mrr_at_1000_max": 0.300017,
        "nauc_mrr_at_1000_std": -0.323561,
        "nauc_mrr_at_1000_diff1": 0.376393,
        "hit_rate_at_1": 0.81547,
        "hit_rate_at_3": 0.92731,
        "hit_rate_at_5": 0.94781,
        "hit_rate_at_10": 0.97484,
        "hit_rate_at_20": 0.99068,
        "hit_rate_at_100": 0.9972,
        "hit_rate_at_1000": 0.99907,
        "main_score": 0.81808,
        "hf_subset": "default",
        "languages": [
          "eng-Latn"
        ],
        "mteb_version": "2.18.0"
      }
    ]
  },
  "evaluation_time": 317.94604566995986,
  "kg_co2_emissions": null,
  "date": 1783996519.39821,
  "evaluation_phases": [
    {
      "name": "Data loading",
      "start": 0.0,
      "end": 2.4271635320037603,
      "split": "",
      "subset": ""
    },
    {
      "name": "Encoding queries and documents",
      "start": 2.450199879007414,
      "end": 317.0519434439484,
      "split": "test",
      "subset": "default"
    },
    {
      "name": "Scoring",
      "start": 317.0519700709265,
      "end": 317.9141029759776,
      "split": "test",
      "subset": "default"
    }
  ]
}