{
  "dataset_revision": "main",
  "task_name": "QASPER-RAG-ctx-k10",
  "mteb_version": "2.18.0",
  "scores": {
    "test": [
      {
        "ndcg_at_1": 0.45038,
        "ndcg_at_3": 0.50048,
        "ndcg_at_5": 0.54341,
        "ndcg_at_10": 0.59562,
        "ndcg_at_20": 0.63698,
        "ndcg_at_100": 0.66736,
        "ndcg_at_1000": 0.66762,
        "map_at_1": 0.26532,
        "map_at_3": 0.40406,
        "map_at_5": 0.44938,
        "map_at_10": 0.48949,
        "map_at_20": 0.51202,
        "map_at_100": 0.52349,
        "map_at_1000": 0.52353,
        "recall_at_1": 0.26532,
        "recall_at_3": 0.50656,
        "recall_at_5": 0.62777,
        "recall_at_10": 0.76917,
        "recall_at_20": 0.89111,
        "recall_at_100": 0.99892,
        "recall_at_1000": 1.0,
        "accuracy": 0.26532,
        "precision_at_1": 0.45038,
        "precision_at_3": 0.31985,
        "precision_at_5": 0.25145,
        "precision_at_10": 0.17015,
        "precision_at_20": 0.10698,
        "precision_at_100": 0.02615,
        "precision_at_1000": 0.00262,
        "mrr_at_1": 0.450382,
        "mrr_at_3": 0.560814,
        "mrr_at_5": 0.584249,
        "mrr_at_10": 0.596799,
        "mrr_at_20": 0.600926,
        "mrr_at_100": 0.602253,
        "mrr_at_1000": 0.602253,
        "nauc_ndcg_at_1_max": 0.130982,
        "nauc_ndcg_at_1_std": -0.102234,
        "nauc_ndcg_at_1_diff1": 0.25441,
        "nauc_ndcg_at_3_max": 0.100022,
        "nauc_ndcg_at_3_std": -0.167564,
        "nauc_ndcg_at_3_diff1": 0.189291,
        "nauc_ndcg_at_5_max": 0.107859,
        "nauc_ndcg_at_5_std": -0.199477,
        "nauc_ndcg_at_5_diff1": 0.211272,
        "nauc_ndcg_at_10_max": 0.112055,
        "nauc_ndcg_at_10_std": -0.225883,
        "nauc_ndcg_at_10_diff1": 0.208978,
        "nauc_ndcg_at_20_max": 0.109511,
        "nauc_ndcg_at_20_std": -0.22895,
        "nauc_ndcg_at_20_diff1": 0.213248,
        "nauc_ndcg_at_100_max": 0.109806,
        "nauc_ndcg_at_100_std": -0.177265,
        "nauc_ndcg_at_100_diff1": 0.217486,
        "nauc_ndcg_at_1000_max": 0.109322,
        "nauc_ndcg_at_1000_std": -0.176233,
        "nauc_ndcg_at_1000_diff1": 0.217566,
        "nauc_map_at_1_max": 0.106724,
        "nauc_map_at_1_std": -0.1088,
        "nauc_map_at_1_diff1": 0.281722,
        "nauc_map_at_3_max": 0.109366,
        "nauc_map_at_3_std": -0.157725,
        "nauc_map_at_3_diff1": 0.211129,
        "nauc_map_at_5_max": 0.111884,
        "nauc_map_at_5_std": -0.177841,
        "nauc_map_at_5_diff1": 0.214598,
        "nauc_map_at_10_max": 0.108658,
        "nauc_map_at_10_std": -0.19375,
        "nauc_map_at_10_diff1": 0.206572,
        "nauc_map_at_20_max": 0.108099,
        "nauc_map_at_20_std": -0.19304,
        "nauc_map_at_20_diff1": 0.203694,
        "nauc_map_at_100_max": 0.109349,
        "nauc_map_at_100_std": -0.178362,
        "nauc_map_at_100_diff1": 0.204453,
        "nauc_map_at_1000_max": 0.109245,
        "nauc_map_at_1000_std": -0.178274,
        "nauc_map_at_1000_diff1": 0.204436,
        "nauc_recall_at_1_max": 0.106724,
        "nauc_recall_at_1_std": -0.1088,
        "nauc_recall_at_1_diff1": 0.281722,
        "nauc_recall_at_3_max": 0.086696,
        "nauc_recall_at_3_std": -0.199931,
        "nauc_recall_at_3_diff1": 0.161742,
        "nauc_recall_at_5_max": 0.083094,
        "nauc_recall_at_5_std": -0.270426,
        "nauc_recall_at_5_diff1": 0.182901,
        "nauc_recall_at_10_max": 0.078255,
        "nauc_recall_at_10_std": -0.38856,
        "nauc_recall_at_10_diff1": 0.154727,
        "nauc_recall_at_20_max": 0.069776,
        "nauc_recall_at_20_std": -0.609361,
        "nauc_recall_at_20_diff1": 0.156364,
        "nauc_recall_at_100_max": 0.307676,
        "nauc_recall_at_100_std": -1.110996,
        "nauc_recall_at_100_diff1": 1.6e-05,
        "nauc_recall_at_1000_max": NaN,
        "nauc_recall_at_1000_std": NaN,
        "nauc_recall_at_1000_diff1": NaN,
        "nauc_precision_at_1_max": 0.130982,
        "nauc_precision_at_1_std": -0.102234,
        "nauc_precision_at_1_diff1": 0.25441,
        "nauc_precision_at_3_max": 0.064325,
        "nauc_precision_at_3_std": -0.126081,
        "nauc_precision_at_3_diff1": 0.02885,
        "nauc_precision_at_5_max": 0.035075,
        "nauc_precision_at_5_std": -0.11695,
        "nauc_precision_at_5_diff1": 0.000936,
        "nauc_precision_at_10_max": 0.007132,
        "nauc_precision_at_10_std": -0.078365,
        "nauc_precision_at_10_diff1": -0.054186,
        "nauc_precision_at_20_max": -0.007864,
        "nauc_precision_at_20_std": 0.00011,
        "nauc_precision_at_20_diff1": -0.077444,
        "nauc_precision_at_100_max": -0.016847,
        "nauc_precision_at_100_std": 0.147483,
        "nauc_precision_at_100_diff1": -0.092637,
        "nauc_precision_at_1000_max": -0.019187,
        "nauc_precision_at_1000_std": 0.148951,
        "nauc_precision_at_1000_diff1": -0.092667,
        "nauc_mrr_at_1_max": 0.130982,
        "nauc_mrr_at_1_std": -0.102234,
        "nauc_mrr_at_1_diff1": 0.25441,
        "nauc_mrr_at_3_max": 0.123513,
        "nauc_mrr_at_3_std": -0.13898,
        "nauc_mrr_at_3_diff1": 0.238404,
        "nauc_mrr_at_5_max": 0.118758,
        "nauc_mrr_at_5_std": -0.150711,
        "nauc_mrr_at_5_diff1": 0.248714,
        "nauc_mrr_at_10_max": 0.122774,
        "nauc_mrr_at_10_std": -0.151355,
        "nauc_mrr_at_10_diff1": 0.247474,
        "nauc_mrr_at_20_max": 0.122101,
        "nauc_mrr_at_20_std": -0.150706,
        "nauc_mrr_at_20_diff1": 0.248026,
        "nauc_mrr_at_100_max": 0.121838,
        "nauc_mrr_at_100_std": -0.14809,
        "nauc_mrr_at_100_diff1": 0.247662,
        "nauc_mrr_at_1000_max": 0.121838,
        "nauc_mrr_at_1000_std": -0.14809,
        "nauc_mrr_at_1000_diff1": 0.247662,
        "hit_rate_at_1": 0.45038,
        "hit_rate_at_3": 0.70458,
        "hit_rate_at_5": 0.80611,
        "hit_rate_at_10": 0.89924,
        "hit_rate_at_20": 0.95954,
        "hit_rate_at_100": 1.0,
        "hit_rate_at_1000": 1.0,
        "main_score": 0.59562,
        "hf_subset": "default",
        "languages": [
          "eng-Latn"
        ],
        "mteb_version": "2.18.0"
      }
    ]
  },
  "evaluation_time": 222.37789404706564,
  "kg_co2_emissions": null,
  "date": 1783996848.029839,
  "evaluation_phases": [
    {
      "name": "Data loading",
      "start": 0.0,
      "end": 2.382603658013977,
      "split": "",
      "subset": ""
    },
    {
      "name": "Encoding queries and documents",
      "start": 2.3940201920922846,
      "end": 221.17173191101756,
      "split": "test",
      "subset": "default"
    },
    {
      "name": "Scoring",
      "start": 221.1717571479967,
      "end": 222.33965226309374,
      "split": "test",
      "subset": "default"
    }
  ]
}