{
  "dataset_revision": "main",
  "task_name": "QASPER-RAG-Title",
  "mteb_version": "2.18.0",
  "scores": {
    "test": [
      {
        "ndcg_at_1": 0.42824,
        "ndcg_at_3": 0.48099,
        "ndcg_at_5": 0.5287,
        "ndcg_at_10": 0.58987,
        "ndcg_at_20": 0.63474,
        "ndcg_at_100": 0.65855,
        "ndcg_at_1000": 0.65869,
        "map_at_1": 0.24607,
        "map_at_3": 0.37768,
        "map_at_5": 0.42857,
        "map_at_10": 0.4771,
        "map_at_20": 0.50195,
        "map_at_100": 0.51195,
        "map_at_1000": 0.51197,
        "recall_at_1": 0.24607,
        "recall_at_3": 0.48126,
        "recall_at_5": 0.61145,
        "recall_at_10": 0.77953,
        "recall_at_20": 0.91402,
        "recall_at_100": 0.99923,
        "recall_at_1000": 1.0,
        "accuracy": 0.24607,
        "precision_at_1": 0.42824,
        "precision_at_3": 0.31349,
        "precision_at_5": 0.25664,
        "precision_at_10": 0.17908,
        "precision_at_20": 0.11237,
        "precision_at_100": 0.02619,
        "precision_at_1000": 0.00262,
        "mrr_at_1": 0.428244,
        "mrr_at_3": 0.544529,
        "mrr_at_5": 0.569415,
        "mrr_at_10": 0.583185,
        "mrr_at_20": 0.587857,
        "mrr_at_100": 0.58896,
        "mrr_at_1000": 0.58896,
        "nauc_ndcg_at_1_max": 0.026354,
        "nauc_ndcg_at_1_std": 0.079253,
        "nauc_ndcg_at_1_diff1": 0.280212,
        "nauc_ndcg_at_3_max": -0.037589,
        "nauc_ndcg_at_3_std": 0.060779,
        "nauc_ndcg_at_3_diff1": 0.25106,
        "nauc_ndcg_at_5_max": -0.036407,
        "nauc_ndcg_at_5_std": 0.057493,
        "nauc_ndcg_at_5_diff1": 0.255932,
        "nauc_ndcg_at_10_max": -0.04687,
        "nauc_ndcg_at_10_std": 0.071957,
        "nauc_ndcg_at_10_diff1": 0.271616,
        "nauc_ndcg_at_20_max": -0.027517,
        "nauc_ndcg_at_20_std": 0.085386,
        "nauc_ndcg_at_20_diff1": 0.268089,
        "nauc_ndcg_at_100_max": -0.01422,
        "nauc_ndcg_at_100_std": 0.08319,
        "nauc_ndcg_at_100_diff1": 0.26787,
        "nauc_ndcg_at_1000_max": -0.013715,
        "nauc_ndcg_at_1000_std": 0.084029,
        "nauc_ndcg_at_1000_diff1": 0.267377,
        "nauc_map_at_1_max": -0.082936,
        "nauc_map_at_1_std": -0.07655,
        "nauc_map_at_1_diff1": 0.317164,
        "nauc_map_at_3_max": -0.090837,
        "nauc_map_at_3_std": -0.027266,
        "nauc_map_at_3_diff1": 0.278279,
        "nauc_map_at_5_max": -0.067244,
        "nauc_map_at_5_std": 0.003389,
        "nauc_map_at_5_diff1": 0.281227,
        "nauc_map_at_10_max": -0.054421,
        "nauc_map_at_10_std": 0.043702,
        "nauc_map_at_10_diff1": 0.276614,
        "nauc_map_at_20_max": -0.040681,
        "nauc_map_at_20_std": 0.062707,
        "nauc_map_at_20_diff1": 0.271012,
        "nauc_map_at_100_max": -0.031182,
        "nauc_map_at_100_std": 0.068029,
        "nauc_map_at_100_diff1": 0.267801,
        "nauc_map_at_1000_max": -0.031105,
        "nauc_map_at_1000_std": 0.068129,
        "nauc_map_at_1000_diff1": 0.267741,
        "nauc_recall_at_1_max": -0.082936,
        "nauc_recall_at_1_std": -0.07655,
        "nauc_recall_at_1_diff1": 0.317164,
        "nauc_recall_at_3_max": -0.128144,
        "nauc_recall_at_3_std": -0.031807,
        "nauc_recall_at_3_diff1": 0.21798,
        "nauc_recall_at_5_max": -0.104136,
        "nauc_recall_at_5_std": -0.012676,
        "nauc_recall_at_5_diff1": 0.210689,
        "nauc_recall_at_10_max": -0.14751,
        "nauc_recall_at_10_std": 0.020293,
        "nauc_recall_at_10_diff1": 0.233095,
        "nauc_recall_at_20_max": -0.127262,
        "nauc_recall_at_20_std": 0.069929,
        "nauc_recall_at_20_diff1": 0.201779,
        "nauc_recall_at_100_max": -0.70637,
        "nauc_recall_at_100_std": -1.160378,
        "nauc_recall_at_100_diff1": 0.861231,
        "nauc_recall_at_1000_max": NaN,
        "nauc_recall_at_1000_std": NaN,
        "nauc_recall_at_1000_diff1": NaN,
        "nauc_precision_at_1_max": 0.026354,
        "nauc_precision_at_1_std": 0.079253,
        "nauc_precision_at_1_diff1": 0.280212,
        "nauc_precision_at_3_max": 0.066174,
        "nauc_precision_at_3_std": 0.196193,
        "nauc_precision_at_3_diff1": 0.088137,
        "nauc_precision_at_5_max": 0.128041,
        "nauc_precision_at_5_std": 0.250112,
        "nauc_precision_at_5_diff1": 0.031514,
        "nauc_precision_at_10_max": 0.156167,
        "nauc_precision_at_10_std": 0.295547,
        "nauc_precision_at_10_diff1": -0.035278,
        "nauc_precision_at_20_max": 0.191151,
        "nauc_precision_at_20_std": 0.298825,
        "nauc_precision_at_20_diff1": -0.084299,
        "nauc_precision_at_100_max": 0.2248,
        "nauc_precision_at_100_std": 0.272143,
        "nauc_precision_at_100_diff1": -0.121103,
        "nauc_precision_at_1000_max": 0.225975,
        "nauc_precision_at_1000_std": 0.273672,
        "nauc_precision_at_1000_diff1": -0.122105,
        "nauc_mrr_at_1_max": 0.026354,
        "nauc_mrr_at_1_std": 0.079253,
        "nauc_mrr_at_1_diff1": 0.280212,
        "nauc_mrr_at_3_max": 0.002195,
        "nauc_mrr_at_3_std": 0.087409,
        "nauc_mrr_at_3_diff1": 0.271959,
        "nauc_mrr_at_5_max": 0.007258,
        "nauc_mrr_at_5_std": 0.085359,
        "nauc_mrr_at_5_diff1": 0.272193,
        "nauc_mrr_at_10_max": 0.002961,
        "nauc_mrr_at_10_std": 0.083905,
        "nauc_mrr_at_10_diff1": 0.277072,
        "nauc_mrr_at_20_max": 0.005962,
        "nauc_mrr_at_20_std": 0.084255,
        "nauc_mrr_at_20_diff1": 0.276287,
        "nauc_mrr_at_100_max": 0.006098,
        "nauc_mrr_at_100_std": 0.084013,
        "nauc_mrr_at_100_diff1": 0.276637,
        "nauc_mrr_at_1000_max": 0.006098,
        "nauc_mrr_at_1000_std": 0.084013,
        "nauc_mrr_at_1000_diff1": 0.276637,
        "hit_rate_at_1": 0.42824,
        "hit_rate_at_3": 0.69618,
        "hit_rate_at_5": 0.80305,
        "hit_rate_at_10": 0.90534,
        "hit_rate_at_20": 0.9687,
        "hit_rate_at_100": 1.0,
        "hit_rate_at_1000": 1.0,
        "main_score": 0.58987,
        "hf_subset": "default",
        "languages": [
          "eng-Latn"
        ],
        "mteb_version": "2.18.0"
      }
    ]
  },
  "evaluation_time": 204.77083370101172,
  "kg_co2_emissions": null,
  "date": 1784327342.1285,
  "evaluation_phases": [
    {
      "name": "Data loading",
      "start": 0.0,
      "end": 6.079724382958375,
      "split": "",
      "subset": ""
    },
    {
      "name": "Encoding queries and documents",
      "start": 6.094244534964673,
      "end": 204.62022104102653,
      "split": "test",
      "subset": "default"
    },
    {
      "name": "Scoring",
      "start": 204.6202459660126,
      "end": 204.7487483859295,
      "split": "test",
      "subset": "default"
    }
  ]
}