{
  "dataset_revision": "main",
  "task_name": "QASPER-RAG-ctx-rfg",
  "mteb_version": "2.18.0",
  "scores": {
    "test": [
      {
        "ndcg_at_1": 0.23359,
        "ndcg_at_3": 0.22544,
        "ndcg_at_5": 0.23444,
        "ndcg_at_10": 0.24718,
        "ndcg_at_20": 0.26318,
        "ndcg_at_100": 0.29227,
        "ndcg_at_1000": 0.3145,
        "map_at_1": 0.13837,
        "map_at_3": 0.17975,
        "map_at_5": 0.19293,
        "map_at_10": 0.20249,
        "map_at_20": 0.20874,
        "map_at_100": 0.21486,
        "map_at_1000": 0.216,
        "recall_at_1": 0.13837,
        "recall_at_3": 0.20735,
        "recall_at_5": 0.2449,
        "recall_at_10": 0.29,
        "recall_at_20": 0.34351,
        "recall_at_100": 0.46642,
        "recall_at_1000": 0.60574,
        "accuracy": 0.13837,
        "precision_at_1": 0.23359,
        "precision_at_3": 0.13537,
        "precision_at_5": 0.10122,
        "precision_at_10": 0.06267,
        "precision_at_20": 0.03824,
        "precision_at_100": 0.01142,
        "precision_at_1000": 0.00154,
        "mrr_at_1": 0.233588,
        "mrr_at_3": 0.270483,
        "mrr_at_5": 0.28056,
        "mrr_at_10": 0.287687,
        "mrr_at_20": 0.29116,
        "mrr_at_100": 0.293739,
        "mrr_at_1000": 0.294235,
        "nauc_ndcg_at_1_max": 0.505383,
        "nauc_ndcg_at_1_std": 0.041801,
        "nauc_ndcg_at_1_diff1": 0.594176,
        "nauc_ndcg_at_3_max": 0.490263,
        "nauc_ndcg_at_3_std": 0.045712,
        "nauc_ndcg_at_3_diff1": 0.545019,
        "nauc_ndcg_at_5_max": 0.484977,
        "nauc_ndcg_at_5_std": 0.041986,
        "nauc_ndcg_at_5_diff1": 0.543128,
        "nauc_ndcg_at_10_max": 0.497238,
        "nauc_ndcg_at_10_std": 0.054115,
        "nauc_ndcg_at_10_diff1": 0.543446,
        "nauc_ndcg_at_20_max": 0.512534,
        "nauc_ndcg_at_20_std": 0.067899,
        "nauc_ndcg_at_20_diff1": 0.536972,
        "nauc_ndcg_at_100_max": 0.543958,
        "nauc_ndcg_at_100_std": 0.10096,
        "nauc_ndcg_at_100_diff1": 0.550605,
        "nauc_ndcg_at_1000_max": 0.553991,
        "nauc_ndcg_at_1000_std": 0.100424,
        "nauc_ndcg_at_1000_diff1": 0.561029,
        "nauc_map_at_1_max": 0.426513,
        "nauc_map_at_1_std": 0.014884,
        "nauc_map_at_1_diff1": 0.563565,
        "nauc_map_at_3_max": 0.448342,
        "nauc_map_at_3_std": 0.0345,
        "nauc_map_at_3_diff1": 0.536115,
        "nauc_map_at_5_max": 0.457737,
        "nauc_map_at_5_std": 0.039025,
        "nauc_map_at_5_diff1": 0.537219,
        "nauc_map_at_10_max": 0.471176,
        "nauc_map_at_10_std": 0.048418,
        "nauc_map_at_10_diff1": 0.539954,
        "nauc_map_at_20_max": 0.47986,
        "nauc_map_at_20_std": 0.056011,
        "nauc_map_at_20_diff1": 0.538866,
        "nauc_map_at_100_max": 0.491931,
        "nauc_map_at_100_std": 0.068713,
        "nauc_map_at_100_diff1": 0.543492,
        "nauc_map_at_1000_max": 0.493054,
        "nauc_map_at_1000_std": 0.06913,
        "nauc_map_at_1000_diff1": 0.544103,
        "nauc_recall_at_1_max": 0.426513,
        "nauc_recall_at_1_std": 0.014884,
        "nauc_recall_at_1_diff1": 0.563565,
        "nauc_recall_at_3_max": 0.428198,
        "nauc_recall_at_3_std": 0.031852,
        "nauc_recall_at_3_diff1": 0.498239,
        "nauc_recall_at_5_max": 0.428347,
        "nauc_recall_at_5_std": 0.026123,
        "nauc_recall_at_5_diff1": 0.484734,
        "nauc_recall_at_10_max": 0.459318,
        "nauc_recall_at_10_std": 0.053717,
        "nauc_recall_at_10_diff1": 0.477656,
        "nauc_recall_at_20_max": 0.496404,
        "nauc_recall_at_20_std": 0.084426,
        "nauc_recall_at_20_diff1": 0.455498,
        "nauc_recall_at_100_max": 0.591741,
        "nauc_recall_at_100_std": 0.186892,
        "nauc_recall_at_100_diff1": 0.49646,
        "nauc_recall_at_1000_max": 0.651487,
        "nauc_recall_at_1000_std": 0.196803,
        "nauc_recall_at_1000_diff1": 0.557299,
        "nauc_precision_at_1_max": 0.505383,
        "nauc_precision_at_1_std": 0.041801,
        "nauc_precision_at_1_diff1": 0.594176,
        "nauc_precision_at_3_max": 0.511534,
        "nauc_precision_at_3_std": 0.081915,
        "nauc_precision_at_3_diff1": 0.480465,
        "nauc_precision_at_5_max": 0.501365,
        "nauc_precision_at_5_std": 0.091787,
        "nauc_precision_at_5_diff1": 0.453987,
        "nauc_precision_at_10_max": 0.523357,
        "nauc_precision_at_10_std": 0.127123,
        "nauc_precision_at_10_diff1": 0.440272,
        "nauc_precision_at_20_max": 0.54806,
        "nauc_precision_at_20_std": 0.179727,
        "nauc_precision_at_20_diff1": 0.406629,
        "nauc_precision_at_100_max": 0.578664,
        "nauc_precision_at_100_std": 0.297372,
        "nauc_precision_at_100_diff1": 0.386876,
        "nauc_precision_at_1000_max": 0.522045,
        "nauc_precision_at_1000_std": 0.227859,
        "nauc_precision_at_1000_diff1": 0.36255,
        "nauc_mrr_at_1_max": 0.505383,
        "nauc_mrr_at_1_std": 0.041801,
        "nauc_mrr_at_1_diff1": 0.594176,
        "nauc_mrr_at_3_max": 0.508061,
        "nauc_mrr_at_3_std": 0.043542,
        "nauc_mrr_at_3_diff1": 0.566304,
        "nauc_mrr_at_5_max": 0.508007,
        "nauc_mrr_at_5_std": 0.038243,
        "nauc_mrr_at_5_diff1": 0.566454,
        "nauc_mrr_at_10_max": 0.511982,
        "nauc_mrr_at_10_std": 0.040869,
        "nauc_mrr_at_10_diff1": 0.567563,
        "nauc_mrr_at_20_max": 0.515022,
        "nauc_mrr_at_20_std": 0.041772,
        "nauc_mrr_at_20_diff1": 0.566308,
        "nauc_mrr_at_100_max": 0.516809,
        "nauc_mrr_at_100_std": 0.043543,
        "nauc_mrr_at_100_diff1": 0.56734,
        "nauc_mrr_at_1000_max": 0.516955,
        "nauc_mrr_at_1000_std": 0.043625,
        "nauc_mrr_at_1000_diff1": 0.567556,
        "hit_rate_at_1": 0.23359,
        "hit_rate_at_3": 0.31603,
        "hit_rate_at_5": 0.36031,
        "hit_rate_at_10": 0.41298,
        "hit_rate_at_20": 0.46489,
        "hit_rate_at_100": 0.57481,
        "hit_rate_at_1000": 0.69008,
        "main_score": 0.24718,
        "hf_subset": "default",
        "languages": [
          "eng-Latn"
        ],
        "mteb_version": "2.18.0"
      }
    ]
  },
  "evaluation_time": 157.94465128495358,
  "kg_co2_emissions": null,
  "date": 1784437991.186687,
  "evaluation_phases": [
    {
      "name": "Data loading",
      "start": 0.0,
      "end": 3.5184919389430434,
      "split": "",
      "subset": ""
    },
    {
      "name": "Encoding queries and documents",
      "start": 3.532648950116709,
      "end": 156.67614429397509,
      "split": "test",
      "subset": "default"
    },
    {
      "name": "Scoring",
      "start": 156.67617772496305,
      "end": 157.87993182311766,
      "split": "test",
      "subset": "default"
    }
  ]
}