{
  "dataset_revision": "main",
  "task_name": "BioASQ-RAG",
  "mteb_version": "2.16.3",
  "scores": {
    "train": [
      {
        "ndcg_at_1": 0.81051,
        "ndcg_at_3": 0.78488,
        "ndcg_at_5": 0.7769,
        "ndcg_at_10": 0.77618,
        "ndcg_at_20": 0.7937,
        "ndcg_at_100": 0.83355,
        "ndcg_at_1000": 0.84355,
        "map_at_1": 0.2848,
        "map_at_3": 0.44527,
        "map_at_5": 0.5267,
        "map_at_10": 0.62569,
        "map_at_20": 0.69066,
        "map_at_100": 0.7253,
        "map_at_1000": 0.72692,
        "recall_at_1": 0.2848,
        "recall_at_3": 0.47051,
        "recall_at_5": 0.57464,
        "recall_at_10": 0.71312,
        "recall_at_20": 0.82655,
        "recall_at_100": 0.94606,
        "recall_at_1000": 0.98705,
        "accuracy": 0.2848,
        "precision_at_1": 0.81051,
        "precision_at_3": 0.63476,
        "precision_at_5": 0.54931,
        "precision_at_10": 0.41882,
        "precision_at_20": 0.28203,
        "precision_at_100": 0.07187,
        "precision_at_1000": 0.00753,
        "mrr_at_1": 0.810515,
        "mrr_at_3": 0.854874,
        "mrr_at_5": 0.861752,
        "mrr_at_10": 0.865022,
        "mrr_at_20": 0.866092,
        "mrr_at_100": 0.86652,
        "mrr_at_1000": 0.866551,
        "nauc_ndcg_at_1_max": 0.357936,
        "nauc_ndcg_at_1_std": -0.123661,
        "nauc_ndcg_at_1_diff1": 0.446172,
        "nauc_ndcg_at_3_max": 0.36038,
        "nauc_ndcg_at_3_std": -0.122879,
        "nauc_ndcg_at_3_diff1": 0.337464,
        "nauc_ndcg_at_5_max": 0.355679,
        "nauc_ndcg_at_5_std": -0.136417,
        "nauc_ndcg_at_5_diff1": 0.341032,
        "nauc_ndcg_at_10_max": 0.358092,
        "nauc_ndcg_at_10_std": -0.15919,
        "nauc_ndcg_at_10_diff1": 0.36005,
        "nauc_ndcg_at_20_max": 0.374719,
        "nauc_ndcg_at_20_std": -0.156025,
        "nauc_ndcg_at_20_diff1": 0.368188,
        "nauc_ndcg_at_100_max": 0.426013,
        "nauc_ndcg_at_100_std": -0.045713,
        "nauc_ndcg_at_100_diff1": 0.352292,
        "nauc_ndcg_at_1000_max": 0.417503,
        "nauc_ndcg_at_1000_std": -0.053285,
        "nauc_ndcg_at_1000_diff1": 0.352272,
        "nauc_map_at_1_max": 0.107863,
        "nauc_map_at_1_std": -0.34821,
        "nauc_map_at_1_diff1": 0.689662,
        "nauc_map_at_3_max": 0.108566,
        "nauc_map_at_3_std": -0.407865,
        "nauc_map_at_3_diff1": 0.587656,
        "nauc_map_at_5_max": 0.13727,
        "nauc_map_at_5_std": -0.418915,
        "nauc_map_at_5_diff1": 0.536715,
        "nauc_map_at_10_max": 0.217199,
        "nauc_map_at_10_std": -0.370848,
        "nauc_map_at_10_diff1": 0.458634,
        "nauc_map_at_20_max": 0.307481,
        "nauc_map_at_20_std": -0.255453,
        "nauc_map_at_20_diff1": 0.396236,
        "nauc_map_at_100_max": 0.364909,
        "nauc_map_at_100_std": -0.138178,
        "nauc_map_at_100_diff1": 0.359672,
        "nauc_map_at_1000_max": 0.365041,
        "nauc_map_at_1000_std": -0.136863,
        "nauc_map_at_1000_diff1": 0.359168,
        "nauc_recall_at_1_max": 0.107863,
        "nauc_recall_at_1_std": -0.34821,
        "nauc_recall_at_1_diff1": 0.689662,
        "nauc_recall_at_3_max": 0.084218,
        "nauc_recall_at_3_std": -0.41838,
        "nauc_recall_at_3_diff1": 0.563757,
        "nauc_recall_at_5_max": 0.094108,
        "nauc_recall_at_5_std": -0.447528,
        "nauc_recall_at_5_diff1": 0.511089,
        "nauc_recall_at_10_max": 0.155715,
        "nauc_recall_at_10_std": -0.435525,
        "nauc_recall_at_10_diff1": 0.42915,
        "nauc_recall_at_20_max": 0.275756,
        "nauc_recall_at_20_std": -0.288121,
        "nauc_recall_at_20_diff1": 0.348783,
        "nauc_recall_at_100_max": 0.582493,
        "nauc_recall_at_100_std": 0.308811,
        "nauc_recall_at_100_diff1": 0.241653,
        "nauc_recall_at_1000_max": 0.702286,
        "nauc_recall_at_1000_std": 0.630605,
        "nauc_recall_at_1000_diff1": 0.131666,
        "nauc_precision_at_1_max": 0.357936,
        "nauc_precision_at_1_std": -0.123661,
        "nauc_precision_at_1_diff1": 0.446172,
        "nauc_precision_at_3_max": 0.191167,
        "nauc_precision_at_3_std": 0.156268,
        "nauc_precision_at_3_diff1": -0.284833,
        "nauc_precision_at_5_max": 0.17947,
        "nauc_precision_at_5_std": 0.236883,
        "nauc_precision_at_5_diff1": -0.371412,
        "nauc_precision_at_10_max": 0.188851,
        "nauc_precision_at_10_std": 0.34249,
        "nauc_precision_at_10_diff1": -0.400063,
        "nauc_precision_at_20_max": 0.194241,
        "nauc_precision_at_20_std": 0.441194,
        "nauc_precision_at_20_diff1": -0.394617,
        "nauc_precision_at_100_max": 0.17727,
        "nauc_precision_at_100_std": 0.538379,
        "nauc_precision_at_100_diff1": -0.393556,
        "nauc_precision_at_1000_max": 0.151705,
        "nauc_precision_at_1000_std": 0.522933,
        "nauc_precision_at_1000_diff1": -0.39523,
        "nauc_mrr_at_1_max": 0.357936,
        "nauc_mrr_at_1_std": -0.123661,
        "nauc_mrr_at_1_diff1": 0.446172,
        "nauc_mrr_at_3_max": 0.381799,
        "nauc_mrr_at_3_std": -0.117771,
        "nauc_mrr_at_3_diff1": 0.437366,
        "nauc_mrr_at_5_max": 0.384349,
        "nauc_mrr_at_5_std": -0.116404,
        "nauc_mrr_at_5_diff1": 0.440674,
        "nauc_mrr_at_10_max": 0.386644,
        "nauc_mrr_at_10_std": -0.113873,
        "nauc_mrr_at_10_diff1": 0.440136,
        "nauc_mrr_at_20_max": 0.386573,
        "nauc_mrr_at_20_std": -0.11188,
        "nauc_mrr_at_20_diff1": 0.440546,
        "nauc_mrr_at_100_max": 0.385812,
        "nauc_mrr_at_100_std": -0.112212,
        "nauc_mrr_at_100_diff1": 0.440581,
        "nauc_mrr_at_1000_max": 0.38569,
        "nauc_mrr_at_1000_std": -0.112368,
        "nauc_mrr_at_1000_diff1": 0.440526,
        "hit_rate_at_1": 0.81051,
        "hit_rate_at_3": 0.90756,
        "hit_rate_at_5": 0.93757,
        "hit_rate_at_10": 0.96123,
        "hit_rate_at_20": 0.97634,
        "hit_rate_at_100": 0.99146,
        "hit_rate_at_1000": 0.99847,
        "main_score": 0.77618,
        "hf_subset": "default",
        "languages": [
          "eng-Latn"
        ],
        "mteb_version": "2.16.3"
      }
    ],
    "dev": [
      {
        "ndcg_at_1": 0.81496,
        "ndcg_at_3": 0.79919,
        "ndcg_at_5": 0.78885,
        "ndcg_at_10": 0.78324,
        "ndcg_at_20": 0.80009,
        "ndcg_at_100": 0.83863,
        "ndcg_at_1000": 0.84806,
        "map_at_1": 0.30271,
        "map_at_3": 0.46405,
        "map_at_5": 0.5427,
        "map_at_10": 0.63858,
        "map_at_20": 0.7012,
        "map_at_100": 0.73672,
        "map_at_1000": 0.7383,
        "recall_at_1": 0.30271,
        "recall_at_3": 0.48728,
        "recall_at_5": 0.585,
        "recall_at_10": 0.71786,
        "recall_at_20": 0.82783,
        "recall_at_100": 0.94734,
        "recall_at_1000": 0.98681,
        "accuracy": 0.30271,
        "precision_at_1": 0.81496,
        "precision_at_3": 0.63845,
        "precision_at_5": 0.54646,
        "precision_at_10": 0.41102,
        "precision_at_20": 0.27697,
        "precision_at_100": 0.0712,
        "precision_at_1000": 0.00746,
        "mrr_at_1": 0.814961,
        "mrr_at_3": 0.85958,
        "mrr_at_5": 0.864698,
        "mrr_at_10": 0.866557,
        "mrr_at_20": 0.868299,
        "mrr_at_100": 0.869016,
        "mrr_at_1000": 0.869055,
        "nauc_ndcg_at_1_max": 0.471253,
        "nauc_ndcg_at_1_std": -0.093203,
        "nauc_ndcg_at_1_diff1": 0.446795,
        "nauc_ndcg_at_3_max": 0.440656,
        "nauc_ndcg_at_3_std": -0.136768,
        "nauc_ndcg_at_3_diff1": 0.343997,
        "nauc_ndcg_at_5_max": 0.427337,
        "nauc_ndcg_at_5_std": -0.137287,
        "nauc_ndcg_at_5_diff1": 0.344583,
        "nauc_ndcg_at_10_max": 0.425294,
        "nauc_ndcg_at_10_std": -0.164654,
        "nauc_ndcg_at_10_diff1": 0.37002,
        "nauc_ndcg_at_20_max": 0.441545,
        "nauc_ndcg_at_20_std": -0.170608,
        "nauc_ndcg_at_20_diff1": 0.386102,