{
  "dataset_revision": "main",
  "task_name": "BioASQ-RAG-Resplit-ctx-rfg",
  "mteb_version": "2.18.0",
  "scores": {
    "test": [
      {
        "ndcg_at_1": 0.80429,
        "ndcg_at_3": 0.7777,
        "ndcg_at_5": 0.77188,
        "ndcg_at_10": 0.77264,
        "ndcg_at_20": 0.79261,
        "ndcg_at_100": 0.83474,
        "ndcg_at_1000": 0.84515,
        "map_at_1": 0.27738,
        "map_at_3": 0.4258,
        "map_at_5": 0.50434,
        "map_at_10": 0.60898,
        "map_at_20": 0.68137,
        "map_at_100": 0.7272,
        "map_at_1000": 0.72914,
        "recall_at_1": 0.27738,
        "recall_at_3": 0.44812,
        "recall_at_5": 0.54773,
        "recall_at_10": 0.68849,
        "recall_at_20": 0.81137,
        "recall_at_100": 0.94811,
        "recall_at_1000": 0.98911,
        "accuracy": 0.27738,
        "precision_at_1": 0.80429,
        "precision_at_3": 0.63094,
        "precision_at_5": 0.55359,
        "precision_at_10": 0.43597,
        "precision_at_20": 0.30424,
        "precision_at_100": 0.08371,
        "precision_at_1000": 0.00878,
        "mrr_at_1": 0.804287,
        "mrr_at_3": 0.847158,
        "mrr_at_5": 0.85452,
        "mrr_at_10": 0.857838,
        "mrr_at_20": 0.85921,
        "mrr_at_100": 0.85973,
        "mrr_at_1000": 0.859754,
        "nauc_ndcg_at_1_max": 0.394125,
        "nauc_ndcg_at_1_std": -0.228064,
        "nauc_ndcg_at_1_diff1": 0.493164,
        "nauc_ndcg_at_3_max": 0.342339,
        "nauc_ndcg_at_3_std": -0.232948,
        "nauc_ndcg_at_3_diff1": 0.361055,
        "nauc_ndcg_at_5_max": 0.320886,
        "nauc_ndcg_at_5_std": -0.219334,
        "nauc_ndcg_at_5_diff1": 0.34022,
        "nauc_ndcg_at_10_max": 0.320552,
        "nauc_ndcg_at_10_std": -0.238198,
        "nauc_ndcg_at_10_diff1": 0.358228,
        "nauc_ndcg_at_20_max": 0.323806,
        "nauc_ndcg_at_20_std": -0.270589,
        "nauc_ndcg_at_20_diff1": 0.358439,
        "nauc_ndcg_at_100_max": 0.359387,
        "nauc_ndcg_at_100_std": -0.16577,
        "nauc_ndcg_at_100_diff1": 0.359752,
        "nauc_ndcg_at_1000_max": 0.351219,
        "nauc_ndcg_at_1000_std": -0.16381,
        "nauc_ndcg_at_1000_diff1": 0.359418,
        "nauc_map_at_1_max": 0.293402,
        "nauc_map_at_1_std": -0.414109,
        "nauc_map_at_1_diff1": 0.658599,
        "nauc_map_at_3_max": 0.258602,
        "nauc_map_at_3_std": -0.496612,
        "nauc_map_at_3_diff1": 0.566449,
        "nauc_map_at_5_max": 0.256627,
        "nauc_map_at_5_std": -0.519371,
        "nauc_map_at_5_diff1": 0.515,
        "nauc_map_at_10_max": 0.282054,
        "nauc_map_at_10_std": -0.493737,
        "nauc_map_at_10_diff1": 0.456966,
        "nauc_map_at_20_max": 0.315074,
        "nauc_map_at_20_std": -0.400449,
        "nauc_map_at_20_diff1": 0.403771,
        "nauc_map_at_100_max": 0.336934,
        "nauc_map_at_100_std": -0.233846,
        "nauc_map_at_100_diff1": 0.360119,
        "nauc_map_at_1000_max": 0.335992,
        "nauc_map_at_1000_std": -0.230131,
        "nauc_map_at_1000_diff1": 0.358871,
        "nauc_recall_at_1_max": 0.293402,
        "nauc_recall_at_1_std": -0.414109,
        "nauc_recall_at_1_diff1": 0.658599,
        "nauc_recall_at_3_max": 0.224925,
        "nauc_recall_at_3_std": -0.508618,
        "nauc_recall_at_3_diff1": 0.534052,
        "nauc_recall_at_5_max": 0.194539,
        "nauc_recall_at_5_std": -0.543059,
        "nauc_recall_at_5_diff1": 0.466403,
        "nauc_recall_at_10_max": 0.206988,
        "nauc_recall_at_10_std": -0.553219,
        "nauc_recall_at_10_diff1": 0.410721,
        "nauc_recall_at_20_max": 0.215774,
        "nauc_recall_at_20_std": -0.508428,
        "nauc_recall_at_20_diff1": 0.330099,
        "nauc_recall_at_100_max": 0.366167,
        "nauc_recall_at_100_std": 0.077162,
        "nauc_recall_at_100_diff1": 0.223572,
        "nauc_recall_at_1000_max": 0.201261,
        "nauc_recall_at_1000_std": 0.357997,
        "nauc_recall_at_1000_diff1": 0.104161,
        "nauc_precision_at_1_max": 0.394125,
        "nauc_precision_at_1_std": -0.228064,
        "nauc_precision_at_1_diff1": 0.493164,
        "nauc_precision_at_3_max": 0.047423,
        "nauc_precision_at_3_std": 0.114894,
        "nauc_precision_at_3_diff1": -0.221294,
        "nauc_precision_at_5_max": -0.001751,
        "nauc_precision_at_5_std": 0.22672,
        "nauc_precision_at_5_diff1": -0.3233,
        "nauc_precision_at_10_max": -0.006342,
        "nauc_precision_at_10_std": 0.348613,
        "nauc_precision_at_10_diff1": -0.344135,
        "nauc_precision_at_20_max": -0.015614,
        "nauc_precision_at_20_std": 0.457479,
        "nauc_precision_at_20_diff1": -0.351995,
        "nauc_precision_at_100_max": -0.034503,
        "nauc_precision_at_100_std": 0.61436,
        "nauc_precision_at_100_diff1": -0.355734,
        "nauc_precision_at_1000_max": -0.051305,
        "nauc_precision_at_1000_std": 0.610668,
        "nauc_precision_at_1000_diff1": -0.360005,
        "nauc_mrr_at_1_max": 0.394125,
        "nauc_mrr_at_1_std": -0.228064,
        "nauc_mrr_at_1_diff1": 0.493164,
        "nauc_mrr_at_3_max": 0.374031,
        "nauc_mrr_at_3_std": -0.249304,
        "nauc_mrr_at_3_diff1": 0.469674,
        "nauc_mrr_at_5_max": 0.376281,
        "nauc_mrr_at_5_std": -0.24375,
        "nauc_mrr_at_5_diff1": 0.47185,
        "nauc_mrr_at_10_max": 0.374084,
        "nauc_mrr_at_10_std": -0.241908,
        "nauc_mrr_at_10_diff1": 0.468723,
        "nauc_mrr_at_20_max": 0.372774,
        "nauc_mrr_at_20_std": -0.240706,
        "nauc_mrr_at_20_diff1": 0.468597,
        "nauc_mrr_at_100_max": 0.373813,
        "nauc_mrr_at_100_std": -0.239919,
        "nauc_mrr_at_100_diff1": 0.468862,
        "nauc_mrr_at_1000_max": 0.373821,
        "nauc_mrr_at_1000_std": -0.239956,
        "nauc_mrr_at_1000_diff1": 0.468868,
        "hit_rate_at_1": 0.80429,
        "hit_rate_at_3": 0.89842,
        "hit_rate_at_5": 0.9301,
        "hit_rate_at_10": 0.9534,
        "hit_rate_at_20": 0.97297,
        "hit_rate_at_100": 0.99068,
        "hit_rate_at_1000": 0.99627,
        "main_score": 0.77264,
        "hf_subset": "default",
        "languages": [
          "eng-Latn"
        ],
        "mteb_version": "2.18.0"
      }
    ]
  },
  "evaluation_time": 970.7997538261116,
  "kg_co2_emissions": null,
  "date": 1784438198.264521,
  "evaluation_phases": [
    {
      "name": "Data loading",
      "start": 0.0,
      "end": 3.545125999022275,
      "split": "",
      "subset": ""
    },
    {
      "name": "Encoding queries and documents",
      "start": 3.5693859760649502,
      "end": 969.8907724770252,
      "split": "test",
      "subset": "default"
    },
    {
      "name": "Scoring",
      "start": 969.890857063001,
      "end": 970.7637857689988,
      "split": "test",
      "subset": "default"
    }
  ]
}