{
  "dataset_revision": "main",
  "task_name": "TelcoDPR-RAG-ctx-k1",
  "mteb_version": "2.18.0",
  "scores": {
    "test": [
      {
        "ndcg_at_1": 0.54302,
        "ndcg_at_3": 0.66163,
        "ndcg_at_5": 0.6878,
        "ndcg_at_10": 0.70696,
        "ndcg_at_20": 0.71473,
        "ndcg_at_100": 0.72631,
        "ndcg_at_1000": 0.72901,
        "map_at_1": 0.54302,
        "map_at_3": 0.63257,
        "map_at_5": 0.6472,
        "map_at_10": 0.6551,
        "map_at_20": 0.65725,
        "map_at_100": 0.6588,
        "map_at_1000": 0.6589,
        "recall_at_1": 0.54302,
        "recall_at_3": 0.7457,
        "recall_at_5": 0.8088,
        "recall_at_10": 0.86807,
        "recall_at_20": 0.89866,
        "recall_at_100": 0.96176,
        "recall_at_1000": 0.98279,
        "accuracy": 0.54302,
        "precision_at_1": 0.54302,
        "precision_at_3": 0.24857,
        "precision_at_5": 0.16176,
        "precision_at_10": 0.08681,
        "precision_at_20": 0.04493,
        "precision_at_100": 0.00962,
        "precision_at_1000": 0.00098,
        "mrr_at_1": 0.543021,
        "mrr_at_3": 0.632569,
        "mrr_at_5": 0.647196,
        "mrr_at_10": 0.655096,
        "mrr_at_20": 0.657251,
        "mrr_at_100": 0.658795,
        "mrr_at_1000": 0.658897,
        "nauc_ndcg_at_1_max": -0.087279,
        "nauc_ndcg_at_1_std": -0.485713,
        "nauc_ndcg_at_1_diff1": 0.369328,
        "nauc_ndcg_at_3_max": -0.076206,
        "nauc_ndcg_at_3_std": -0.505861,
        "nauc_ndcg_at_3_diff1": 0.301744,
        "nauc_ndcg_at_5_max": -0.075586,
        "nauc_ndcg_at_5_std": -0.518331,
        "nauc_ndcg_at_5_diff1": 0.319056,
        "nauc_ndcg_at_10_max": -0.079608,
        "nauc_ndcg_at_10_std": -0.486707,
        "nauc_ndcg_at_10_diff1": 0.303439,
        "nauc_ndcg_at_20_max": -0.08,
        "nauc_ndcg_at_20_std": -0.479583,
        "nauc_ndcg_at_20_diff1": 0.306122,
        "nauc_ndcg_at_100_max": -0.072107,
        "nauc_ndcg_at_100_std": -0.469684,
        "nauc_ndcg_at_100_diff1": 0.315821,
        "nauc_ndcg_at_1000_max": -0.078391,
        "nauc_ndcg_at_1000_std": -0.475491,
        "nauc_ndcg_at_1000_diff1": 0.317171,
        "nauc_map_at_1_max": -0.087279,
        "nauc_map_at_1_std": -0.485713,
        "nauc_map_at_1_diff1": 0.369328,
        "nauc_map_at_3_max": -0.079191,
        "nauc_map_at_3_std": -0.497465,
        "nauc_map_at_3_diff1": 0.317022,
        "nauc_map_at_5_max": -0.07906,
        "nauc_map_at_5_std": -0.504065,
        "nauc_map_at_5_diff1": 0.326491,
        "nauc_map_at_10_max": -0.080121,
        "nauc_map_at_10_std": -0.491723,
        "nauc_map_at_10_diff1": 0.321459,
        "nauc_map_at_20_max": -0.080786,
        "nauc_map_at_20_std": -0.490369,
        "nauc_map_at_20_diff1": 0.322214,
        "nauc_map_at_100_max": -0.080183,
        "nauc_map_at_100_std": -0.488803,
        "nauc_map_at_100_diff1": 0.322966,
        "nauc_map_at_1000_max": -0.080384,
        "nauc_map_at_1000_std": -0.488949,
        "nauc_map_at_1000_diff1": 0.323013,
        "nauc_recall_at_1_max": -0.087279,
        "nauc_recall_at_1_std": -0.485713,
        "nauc_recall_at_1_diff1": 0.369328,
        "nauc_recall_at_3_max": -0.065281,
        "nauc_recall_at_3_std": -0.538202,
        "nauc_recall_at_3_diff1": 0.247451,
        "nauc_recall_at_5_max": -0.059876,
        "nauc_recall_at_5_std": -0.585451,
        "nauc_recall_at_5_diff1": 0.291836,
        "nauc_recall_at_10_max": -0.081821,
        "nauc_recall_at_10_std": -0.437557,
        "nauc_recall_at_10_diff1": 0.186553,
        "nauc_recall_at_20_max": -0.074551,
        "nauc_recall_at_20_std": -0.355349,
        "nauc_recall_at_20_diff1": 0.180358,
        "nauc_recall_at_100_max": 0.205818,
        "nauc_recall_at_100_std": 0.110068,
        "nauc_recall_at_100_diff1": 0.314701,
        "nauc_recall_at_1000_max": -0.071445,
        "nauc_recall_at_1000_std": 0.232123,
        "nauc_recall_at_1000_diff1": 0.440762,
        "nauc_precision_at_1_max": -0.087279,
        "nauc_precision_at_1_std": -0.485713,
        "nauc_precision_at_1_diff1": 0.369328,
        "nauc_precision_at_3_max": -0.065281,
        "nauc_precision_at_3_std": -0.538202,
        "nauc_precision_at_3_diff1": 0.247451,
        "nauc_precision_at_5_max": -0.059876,
        "nauc_precision_at_5_std": -0.585451,
        "nauc_precision_at_5_diff1": 0.291836,
        "nauc_precision_at_10_max": -0.081821,
        "nauc_precision_at_10_std": -0.437557,
        "nauc_precision_at_10_diff1": 0.186553,
        "nauc_precision_at_20_max": -0.074551,
        "nauc_precision_at_20_std": -0.355349,
        "nauc_precision_at_20_diff1": 0.180358,
        "nauc_precision_at_100_max": 0.205818,
        "nauc_precision_at_100_std": 0.110068,
        "nauc_precision_at_100_diff1": 0.314701,
        "nauc_precision_at_1000_max": -0.071445,
        "nauc_precision_at_1000_std": 0.232123,
        "nauc_precision_at_1000_diff1": 0.440762,
        "nauc_mrr_at_1_max": -0.087279,
        "nauc_mrr_at_1_std": -0.485713,
        "nauc_mrr_at_1_diff1": 0.369328,
        "nauc_mrr_at_3_max": -0.079191,
        "nauc_mrr_at_3_std": -0.497465,
        "nauc_mrr_at_3_diff1": 0.317022,
        "nauc_mrr_at_5_max": -0.07906,
        "nauc_mrr_at_5_std": -0.504065,
        "nauc_mrr_at_5_diff1": 0.326491,
        "nauc_mrr_at_10_max": -0.080121,
        "nauc_mrr_at_10_std": -0.491723,
        "nauc_mrr_at_10_diff1": 0.321459,
        "nauc_mrr_at_20_max": -0.080786,
        "nauc_mrr_at_20_std": -0.490369,
        "nauc_mrr_at_20_diff1": 0.322214,
        "nauc_mrr_at_100_max": -0.080183,
        "nauc_mrr_at_100_std": -0.488803,
        "nauc_mrr_at_100_diff1": 0.322966,
        "nauc_mrr_at_1000_max": -0.080384,
        "nauc_mrr_at_1000_std": -0.488949,
        "nauc_mrr_at_1000_diff1": 0.323013,
        "hit_rate_at_1": 0.54302,
        "hit_rate_at_3": 0.7457,
        "hit_rate_at_5": 0.8088,
        "hit_rate_at_10": 0.86807,
        "hit_rate_at_20": 0.89866,
        "hit_rate_at_100": 0.96176,
        "hit_rate_at_1000": 0.98279,
        "main_score": 0.70696,
        "hf_subset": "default",
        "languages": [
          "eng-Latn"
        ],
        "mteb_version": "2.18.0"
      }
    ]
  },
  "evaluation_time": 122.97956231399439,
  "kg_co2_emissions": null,
  "date": 1783995791.491573,
  "evaluation_phases": [
    {
      "name": "Data loading",
      "start": 0.0,
      "end": 2.40041659201961,
      "split": "",
      "subset": ""
    },
    {
      "name": "Encoding queries and documents",
      "start": 2.411796982982196,
      "end": 122.40266019501723,
      "split": "test",
      "subset": "default"
    },
    {
      "name": "Scoring",
      "start": 122.40270300395787,
      "end": 122.9246470379876,
      "split": "test",
      "subset": "default"
    }
  ]
}