{
  "dataset_revision": "main",
  "task_name": "NarrativeQA-RAG",
  "mteb_version": "2.18.0",
  "scores": {
    "test": [
      {
        "ndcg_at_1": 0.73204,
        "ndcg_at_3": 0.79975,
        "ndcg_at_5": 0.8126,
        "ndcg_at_10": 0.82349,
        "ndcg_at_20": 0.82926,
        "ndcg_at_100": 0.83603,
        "ndcg_at_1000": 0.83945,
        "map_at_1": 0.73204,
        "map_at_3": 0.7836,
        "map_at_5": 0.79074,
        "map_at_10": 0.79524,
        "map_at_20": 0.79684,
        "map_at_100": 0.79777,
        "map_at_1000": 0.79789,
        "recall_at_1": 0.73204,
        "recall_at_3": 0.84626,
        "recall_at_5": 0.87747,
        "recall_at_10": 0.91106,
        "recall_at_20": 0.93377,
        "recall_at_100": 0.97042,
        "recall_at_1000": 0.99781,
        "accuracy": 0.73204,
        "precision_at_1": 0.73204,
        "precision_at_3": 0.28209,
        "precision_at_5": 0.17549,
        "precision_at_10": 0.09111,
        "precision_at_20": 0.04669,
        "precision_at_100": 0.0097,
        "precision_at_1000": 0.001,
        "mrr_at_1": 0.732035,
        "mrr_at_3": 0.783599,
        "mrr_at_5": 0.790737,
        "mrr_at_10": 0.795242,
        "mrr_at_20": 0.796844,
        "mrr_at_100": 0.797771,
        "mrr_at_1000": 0.797891,
        "nauc_ndcg_at_1_max": 0.689272,
        "nauc_ndcg_at_1_std": -0.090833,
        "nauc_ndcg_at_1_diff1": 0.862762,
        "nauc_ndcg_at_3_max": 0.735627,
        "nauc_ndcg_at_3_std": -0.091159,
        "nauc_ndcg_at_3_diff1": 0.846361,
        "nauc_ndcg_at_5_max": 0.739763,
        "nauc_ndcg_at_5_std": -0.090226,
        "nauc_ndcg_at_5_diff1": 0.844067,
        "nauc_ndcg_at_10_max": 0.739067,
        "nauc_ndcg_at_10_std": -0.080617,
        "nauc_ndcg_at_10_diff1": 0.842193,
        "nauc_ndcg_at_20_max": 0.740971,
        "nauc_ndcg_at_20_std": -0.071301,
        "nauc_ndcg_at_20_diff1": 0.843914,
        "nauc_ndcg_at_100_max": 0.737183,
        "nauc_ndcg_at_100_std": -0.066277,
        "nauc_ndcg_at_100_diff1": 0.846312,
        "nauc_ndcg_at_1000_max": 0.732574,
        "nauc_ndcg_at_1000_std": -0.074865,
        "nauc_ndcg_at_1000_diff1": 0.846868,
        "nauc_map_at_1_max": 0.689272,
        "nauc_map_at_1_std": -0.090833,
        "nauc_map_at_1_diff1": 0.862762,
        "nauc_map_at_3_max": 0.72305,
        "nauc_map_at_3_std": -0.091216,
        "nauc_map_at_3_diff1": 0.850434,
        "nauc_map_at_5_max": 0.724695,
        "nauc_map_at_5_std": -0.091009,
        "nauc_map_at_5_diff1": 0.849452,
        "nauc_map_at_10_max": 0.723946,
        "nauc_map_at_10_std": -0.087553,
        "nauc_map_at_10_diff1": 0.848741,
        "nauc_map_at_20_max": 0.72431,
        "nauc_map_at_20_std": -0.085451,
        "nauc_map_at_20_diff1": 0.849222,
        "nauc_map_at_100_max": 0.723869,
        "nauc_map_at_100_std": -0.084637,
        "nauc_map_at_100_diff1": 0.849524,
        "nauc_map_at_1000_max": 0.723742,
        "nauc_map_at_1000_std": -0.084823,
        "nauc_map_at_1000_diff1": 0.849544,
        "nauc_recall_at_1_max": 0.689272,
        "nauc_recall_at_1_std": -0.090833,
        "nauc_recall_at_1_diff1": 0.862762,
        "nauc_recall_at_3_max": 0.783679,
        "nauc_recall_at_3_std": -0.090856,
        "nauc_recall_at_3_diff1": 0.831026,
        "nauc_recall_at_5_max": 0.809216,
        "nauc_recall_at_5_std": -0.08581,
        "nauc_recall_at_5_diff1": 0.819255,
        "nauc_recall_at_10_max": 0.831076,
        "nauc_recall_at_10_std": -0.030177,
        "nauc_recall_at_10_diff1": 0.801835,
        "nauc_recall_at_20_max": 0.879345,
        "nauc_recall_at_20_std": 0.074454,
        "nauc_recall_at_20_diff1": 0.803636,
        "nauc_recall_at_100_max": 0.940552,
        "nauc_recall_at_100_std": 0.3624,
        "nauc_recall_at_100_diff1": 0.818571,
        "nauc_recall_at_1000_max": 0.970872,
        "nauc_recall_at_1000_std": 0.838044,
        "nauc_recall_at_1000_diff1": 0.762344,
        "nauc_precision_at_1_max": 0.689272,
        "nauc_precision_at_1_std": -0.090833,
        "nauc_precision_at_1_diff1": 0.862762,
        "nauc_precision_at_3_max": 0.783679,
        "nauc_precision_at_3_std": -0.090856,
        "nauc_precision_at_3_diff1": 0.831026,
        "nauc_precision_at_5_max": 0.809216,
        "nauc_precision_at_5_std": -0.08581,
        "nauc_precision_at_5_diff1": 0.819255,
        "nauc_precision_at_10_max": 0.831076,
        "nauc_precision_at_10_std": -0.030177,
        "nauc_precision_at_10_diff1": 0.801835,
        "nauc_precision_at_20_max": 0.879345,
        "nauc_precision_at_20_std": 0.074454,
        "nauc_precision_at_20_diff1": 0.803636,
        "nauc_precision_at_100_max": 0.940552,
        "nauc_precision_at_100_std": 0.3624,
        "nauc_precision_at_100_diff1": 0.818571,
        "nauc_precision_at_1000_max": 0.970872,
        "nauc_precision_at_1000_std": 0.838044,
        "nauc_precision_at_1000_diff1": 0.762344,
        "nauc_mrr_at_1_max": 0.689272,
        "nauc_mrr_at_1_std": -0.090833,
        "nauc_mrr_at_1_diff1": 0.862762,
        "nauc_mrr_at_3_max": 0.72305,
        "nauc_mrr_at_3_std": -0.091216,
        "nauc_mrr_at_3_diff1": 0.850434,
        "nauc_mrr_at_5_max": 0.724695,
        "nauc_mrr_at_5_std": -0.091009,
        "nauc_mrr_at_5_diff1": 0.849452,
        "nauc_mrr_at_10_max": 0.723946,
        "nauc_mrr_at_10_std": -0.087553,
        "nauc_mrr_at_10_diff1": 0.848741,
        "nauc_mrr_at_20_max": 0.72431,
        "nauc_mrr_at_20_std": -0.085451,
        "nauc_mrr_at_20_diff1": 0.849222,
        "nauc_mrr_at_100_max": 0.723869,
        "nauc_mrr_at_100_std": -0.084637,
        "nauc_mrr_at_100_diff1": 0.849524,
        "nauc_mrr_at_1000_max": 0.723742,
        "nauc_mrr_at_1000_std": -0.084823,
        "nauc_mrr_at_1000_diff1": 0.849544,
        "hit_rate_at_1": 0.73204,
        "hit_rate_at_3": 0.84626,
        "hit_rate_at_5": 0.87747,
        "hit_rate_at_10": 0.91106,
        "hit_rate_at_20": 0.93377,
        "hit_rate_at_100": 0.97042,
        "hit_rate_at_1000": 0.99781,
        "main_score": 0.82349,
        "hf_subset": "default",
        "languages": [
          "eng-Latn"
        ],
        "mteb_version": "2.18.0"
      }
    ]
  },
  "evaluation_time": 56.59956648899242,
  "kg_co2_emissions": null,
  "date": 1783919223.255458,
  "evaluation_phases": [
    {
      "name": "Data loading",
      "start": 0.0,
      "end": 3.4943356830626726,
      "split": "",
      "subset": ""
    },
    {
      "name": "Encoding queries and documents",
      "start": 3.5739704070147127,
      "end": 47.82477499905508,
      "split": "test",
      "subset": "default"
    },
    {
      "name": "Scoring",
      "start": 47.8248195090564,
      "end": 56.45125885505695,
      "split": "test",
      "subset": "default"
    }
  ]
}