{
  "dataset_revision": "main",
  "task_name": "NarrativeQA-RAG",
  "mteb_version": "2.16.3",
  "scores": {
    "test": [
      {
        "ndcg_at_1": 0.73184,
        "ndcg_at_3": 0.79983,
        "ndcg_at_5": 0.81261,
        "ndcg_at_10": 0.82348,
        "ndcg_at_20": 0.8292,
        "ndcg_at_100": 0.83606,
        "ndcg_at_1000": 0.83947,
        "map_at_1": 0.73184,
        "map_at_3": 0.78365,
        "map_at_5": 0.79074,
        "map_at_10": 0.79525,
        "map_at_20": 0.79684,
        "map_at_100": 0.79779,
        "map_at_1000": 0.79791,
        "recall_at_1": 0.73184,
        "recall_at_3": 0.84645,
        "recall_at_5": 0.87747,
        "recall_at_10": 0.91096,
        "recall_at_20": 0.93339,
        "recall_at_100": 0.97051,
        "recall_at_1000": 0.99781,
        "accuracy": 0.73184,
        "precision_at_1": 0.73184,
        "precision_at_3": 0.28215,
        "precision_at_5": 0.17549,
        "precision_at_10": 0.0911,
        "precision_at_20": 0.04667,
        "precision_at_100": 0.00971,
        "precision_at_1000": 0.001,
        "mrr_at_1": 0.731845,
        "mrr_at_3": 0.783647,
        "mrr_at_5": 0.790737,
        "mrr_at_10": 0.795248,
        "mrr_at_20": 0.796841,
        "mrr_at_100": 0.797788,
        "mrr_at_1000": 0.797907,
        "nauc_ndcg_at_1_max": 0.688997,
        "nauc_ndcg_at_1_std": -0.093297,
        "nauc_ndcg_at_1_diff1": 0.863176,
        "nauc_ndcg_at_3_max": 0.735023,
        "nauc_ndcg_at_3_std": -0.093306,
        "nauc_ndcg_at_3_diff1": 0.846024,
        "nauc_ndcg_at_5_max": 0.73941,
        "nauc_ndcg_at_5_std": -0.091384,
        "nauc_ndcg_at_5_diff1": 0.84377,
        "nauc_ndcg_at_10_max": 0.738925,
        "nauc_ndcg_at_10_std": -0.081852,
        "nauc_ndcg_at_10_diff1": 0.842001,
        "nauc_ndcg_at_20_max": 0.740578,
        "nauc_ndcg_at_20_std": -0.073692,
        "nauc_ndcg_at_20_diff1": 0.843826,
        "nauc_ndcg_at_100_max": 0.736726,
        "nauc_ndcg_at_100_std": -0.068376,
        "nauc_ndcg_at_100_diff1": 0.846211,
        "nauc_ndcg_at_1000_max": 0.732141,
        "nauc_ndcg_at_1000_std": -0.076961,
        "nauc_ndcg_at_1000_diff1": 0.846772,
        "nauc_map_at_1_max": 0.688997,
        "nauc_map_at_1_std": -0.093297,
        "nauc_map_at_1_diff1": 0.863176,
        "nauc_map_at_3_max": 0.722482,
        "nauc_map_at_3_std": -0.093536,
        "nauc_map_at_3_diff1": 0.850288,
        "nauc_map_at_5_max": 0.724275,
        "nauc_map_at_5_std": -0.092868,
        "nauc_map_at_5_diff1": 0.849356,
        "nauc_map_at_10_max": 0.723567,
        "nauc_map_at_10_std": -0.089531,
        "nauc_map_at_10_diff1": 0.848668,
        "nauc_map_at_20_max": 0.723867,
        "nauc_map_at_20_std": -0.087704,
        "nauc_map_at_20_diff1": 0.849175,
        "nauc_map_at_100_max": 0.723418,
        "nauc_map_at_100_std": -0.086837,
        "nauc_map_at_100_diff1": 0.849479,
        "nauc_map_at_1000_max": 0.723292,
        "nauc_map_at_1000_std": -0.087022,
        "nauc_map_at_1000_diff1": 0.8495,
        "nauc_recall_at_1_max": 0.688997,
        "nauc_recall_at_1_std": -0.093297,
        "nauc_recall_at_1_diff1": 0.863176,
        "nauc_recall_at_3_max": 0.783004,
        "nauc_recall_at_3_std": -0.092291,
        "nauc_recall_at_3_diff1": 0.829955,
        "nauc_recall_at_5_max": 0.809214,
        "nauc_recall_at_5_std": -0.083418,
        "nauc_recall_at_5_diff1": 0.818024,
        "nauc_recall_at_10_max": 0.832651,
        "nauc_recall_at_10_std": -0.026224,
        "nauc_recall_at_10_diff1": 0.801135,
        "nauc_recall_at_20_max": 0.878579,
        "nauc_recall_at_20_std": 0.068551,
        "nauc_recall_at_20_diff1": 0.803865,
        "nauc_recall_at_100_max": 0.939936,
        "nauc_recall_at_100_std": 0.36178,
        "nauc_recall_at_100_diff1": 0.817983,
        "nauc_recall_at_1000_max": 0.970872,
        "nauc_recall_at_1000_std": 0.838044,
        "nauc_recall_at_1000_diff1": 0.75666,
        "nauc_precision_at_1_max": 0.688997,
        "nauc_precision_at_1_std": -0.093297,
        "nauc_precision_at_1_diff1": 0.863176,
        "nauc_precision_at_3_max": 0.783004,
        "nauc_precision_at_3_std": -0.092291,
        "nauc_precision_at_3_diff1": 0.829955,
        "nauc_precision_at_5_max": 0.809214,
        "nauc_precision_at_5_std": -0.083418,
        "nauc_precision_at_5_diff1": 0.818024,
        "nauc_precision_at_10_max": 0.832651,
        "nauc_precision_at_10_std": -0.026224,
        "nauc_precision_at_10_diff1": 0.801135,
        "nauc_precision_at_20_max": 0.878579,
        "nauc_precision_at_20_std": 0.068551,
        "nauc_precision_at_20_diff1": 0.803865,
        "nauc_precision_at_100_max": 0.939936,
        "nauc_precision_at_100_std": 0.36178,
        "nauc_precision_at_100_diff1": 0.817983,
        "nauc_precision_at_1000_max": 0.970872,
        "nauc_precision_at_1000_std": 0.838044,
        "nauc_precision_at_1000_diff1": 0.75666,
        "nauc_mrr_at_1_max": 0.688997,
        "nauc_mrr_at_1_std": -0.093297,
        "nauc_mrr_at_1_diff1": 0.863176,
        "nauc_mrr_at_3_max": 0.722482,
        "nauc_mrr_at_3_std": -0.093536,
        "nauc_mrr_at_3_diff1": 0.850288,
        "nauc_mrr_at_5_max": 0.724275,
        "nauc_mrr_at_5_std": -0.092868,
        "nauc_mrr_at_5_diff1": 0.849356,
        "nauc_mrr_at_10_max": 0.723567,
        "nauc_mrr_at_10_std": -0.089531,
        "nauc_mrr_at_10_diff1": 0.848668,
        "nauc_mrr_at_20_max": 0.723867,
        "nauc_mrr_at_20_std": -0.087704,
        "nauc_mrr_at_20_diff1": 0.849175,
        "nauc_mrr_at_100_max": 0.723418,
        "nauc_mrr_at_100_std": -0.086837,
        "nauc_mrr_at_100_diff1": 0.849479,
        "nauc_mrr_at_1000_max": 0.723292,
        "nauc_mrr_at_1000_std": -0.087022,
        "nauc_mrr_at_1000_diff1": 0.8495,
        "hit_rate_at_1": 0.73184,
        "hit_rate_at_3": 0.84645,
        "hit_rate_at_5": 0.87747,
        "hit_rate_at_10": 0.91096,
        "hit_rate_at_20": 0.93339,
        "hit_rate_at_100": 0.97051,
        "hit_rate_at_1000": 0.99781,
        "main_score": 0.82348,
        "hf_subset": "default",
        "languages": [
          "eng-Latn"
        ],
        "mteb_version": "2.16.3"
      }
    ]
  },
  "evaluation_time": 57.75420667100116,
  "kg_co2_emissions": null,
  "date": 1783621715.44487,
  "evaluation_phases": [
    {
      "name": "Data loading",
      "start": 0.0,
      "end": 3.748801937996177,
      "split": "",
      "subset": ""
    },
    {
      "name": "Encoding queries and documents",
      "start": 3.8290585259965155,
      "end": 48.925629111996386,
      "split": "test",
      "subset": "default"
    },
    {
      "name": "Scoring",
      "start": 48.92576137598371,
      "end": 57.603375378996134,
      "split": "test",
      "subset": "default"
    }
  ]
}