{
  "dataset_revision": "main",
  "task_name": "BioASQ-RAG-Resplit-ctx-rfg",
  "mteb_version": "2.18.0",
  "scores": {
    "test": [
      {
        "ndcg_at_1": 0.81454,
        "ndcg_at_3": 0.78201,
        "ndcg_at_5": 0.77388,
        "ndcg_at_10": 0.77226,
        "ndcg_at_20": 0.79134,
        "ndcg_at_100": 0.83475,
        "ndcg_at_1000": 0.84517,
        "map_at_1": 0.27769,
        "map_at_3": 0.42643,
        "map_at_5": 0.50472,
        "map_at_10": 0.60802,
        "map_at_20": 0.6804,
        "map_at_100": 0.72679,
        "map_at_1000": 0.72876,
        "recall_at_1": 0.27769,
        "recall_at_3": 0.44835,
        "recall_at_5": 0.54475,
        "recall_at_10": 0.6841,
        "recall_at_20": 0.80848,
        "recall_at_100": 0.94959,
        "recall_at_1000": 0.98935,
        "accuracy": 0.27769,
        "precision_at_1": 0.81454,
        "precision_at_3": 0.63405,
        "precision_at_5": 0.55545,
        "precision_at_10": 0.4356,
        "precision_at_20": 0.30294,
        "precision_at_100": 0.0836,
        "precision_at_1000": 0.00878,
        "mrr_at_1": 0.814539,
        "mrr_at_3": 0.854613,
        "mrr_at_5": 0.859739,
        "mrr_at_10": 0.863075,
        "mrr_at_20": 0.864709,
        "mrr_at_100": 0.86535,
        "mrr_at_1000": 0.865363,
        "nauc_ndcg_at_1_max": 0.399026,
        "nauc_ndcg_at_1_std": -0.208907,
        "nauc_ndcg_at_1_diff1": 0.474949,
        "nauc_ndcg_at_3_max": 0.358491,
        "nauc_ndcg_at_3_std": -0.192238,
        "nauc_ndcg_at_3_diff1": 0.327829,
        "nauc_ndcg_at_5_max": 0.352874,
        "nauc_ndcg_at_5_std": -0.191819,
        "nauc_ndcg_at_5_diff1": 0.322004,
        "nauc_ndcg_at_10_max": 0.355396,
        "nauc_ndcg_at_10_std": -0.212567,
        "nauc_ndcg_at_10_diff1": 0.335451,
        "nauc_ndcg_at_20_max": 0.357015,
        "nauc_ndcg_at_20_std": -0.251695,
        "nauc_ndcg_at_20_diff1": 0.344721,
        "nauc_ndcg_at_100_max": 0.389217,
        "nauc_ndcg_at_100_std": -0.145396,
        "nauc_ndcg_at_100_diff1": 0.343423,
        "nauc_ndcg_at_1000_max": 0.385829,
        "nauc_ndcg_at_1000_std": -0.137002,
        "nauc_ndcg_at_1000_diff1": 0.34211,
        "nauc_map_at_1_max": 0.315402,
        "nauc_map_at_1_std": -0.413841,
        "nauc_map_at_1_diff1": 0.667626,
        "nauc_map_at_3_max": 0.272346,
        "nauc_map_at_3_std": -0.484802,
        "nauc_map_at_3_diff1": 0.559319,
        "nauc_map_at_5_max": 0.27873,
        "nauc_map_at_5_std": -0.508594,
        "nauc_map_at_5_diff1": 0.512702,
        "nauc_map_at_10_max": 0.307948,
        "nauc_map_at_10_std": -0.477162,
        "nauc_map_at_10_diff1": 0.445617,
        "nauc_map_at_20_max": 0.340133,
        "nauc_map_at_20_std": -0.380344,
        "nauc_map_at_20_diff1": 0.391419,
        "nauc_map_at_100_max": 0.36126,
        "nauc_map_at_100_std": -0.21432,
        "nauc_map_at_100_diff1": 0.342069,
        "nauc_map_at_1000_max": 0.360892,
        "nauc_map_at_1000_std": -0.209665,
        "nauc_map_at_1000_diff1": 0.340781,
        "nauc_recall_at_1_max": 0.315402,
        "nauc_recall_at_1_std": -0.413841,
        "nauc_recall_at_1_diff1": 0.667626,
        "nauc_recall_at_3_max": 0.247521,
        "nauc_recall_at_3_std": -0.49265,
        "nauc_recall_at_3_diff1": 0.5299,
        "nauc_recall_at_5_max": 0.241014,
        "nauc_recall_at_5_std": -0.530628,
        "nauc_recall_at_5_diff1": 0.481008,
        "nauc_recall_at_10_max": 0.258177,
        "nauc_recall_at_10_std": -0.541758,
        "nauc_recall_at_10_diff1": 0.41338,
        "nauc_recall_at_20_max": 0.272622,
        "nauc_recall_at_20_std": -0.4914,
        "nauc_recall_at_20_diff1": 0.338736,
        "nauc_recall_at_100_max": 0.370205,
        "nauc_recall_at_100_std": 0.055625,
        "nauc_recall_at_100_diff1": 0.223803,
        "nauc_recall_at_1000_max": 0.270187,
        "nauc_recall_at_1000_std": 0.431784,
        "nauc_recall_at_1000_diff1": 0.032535,
        "nauc_precision_at_1_max": 0.399026,
        "nauc_precision_at_1_std": -0.208907,
        "nauc_precision_at_1_diff1": 0.474949,
        "nauc_precision_at_3_max": 0.033048,
        "nauc_precision_at_3_std": 0.142037,
        "nauc_precision_at_3_diff1": -0.263482,
        "nauc_precision_at_5_max": -0.003773,
        "nauc_precision_at_5_std": 0.237944,
        "nauc_precision_at_5_diff1": -0.344934,
        "nauc_precision_at_10_max": -0.009275,
        "nauc_precision_at_10_std": 0.361703,
        "nauc_precision_at_10_diff1": -0.367857,
        "nauc_precision_at_20_max": -0.019861,
        "nauc_precision_at_20_std": 0.464042,
        "nauc_precision_at_20_diff1": -0.364251,
        "nauc_precision_at_100_max": -0.047192,
        "nauc_precision_at_100_std": 0.612163,
        "nauc_precision_at_100_diff1": -0.373377,
        "nauc_precision_at_1000_max": -0.063331,
        "nauc_precision_at_1000_std": 0.6126,
        "nauc_precision_at_1000_diff1": -0.377198,
        "nauc_mrr_at_1_max": 0.399026,
        "nauc_mrr_at_1_std": -0.208907,
        "nauc_mrr_at_1_diff1": 0.474949,
        "nauc_mrr_at_3_max": 0.412667,
        "nauc_mrr_at_3_std": -0.209295,
        "nauc_mrr_at_3_diff1": 0.460961,
        "nauc_mrr_at_5_max": 0.4225,
        "nauc_mrr_at_5_std": -0.200043,
        "nauc_mrr_at_5_diff1": 0.464761,
        "nauc_mrr_at_10_max": 0.420333,
        "nauc_mrr_at_10_std": -0.203714,
        "nauc_mrr_at_10_diff1": 0.460731,
        "nauc_mrr_at_20_max": 0.417759,
        "nauc_mrr_at_20_std": -0.203117,
        "nauc_mrr_at_20_diff1": 0.461103,
        "nauc_mrr_at_100_max": 0.417403,
        "nauc_mrr_at_100_std": -0.203023,
        "nauc_mrr_at_100_diff1": 0.461435,
        "nauc_mrr_at_1000_max": 0.41735,
        "nauc_mrr_at_1000_std": -0.203116,
        "nauc_mrr_at_1000_diff1": 0.461393,
        "hit_rate_at_1": 0.81454,
        "hit_rate_at_3": 0.90308,
        "hit_rate_at_5": 0.92544,
        "hit_rate_at_10": 0.94874,
        "hit_rate_at_20": 0.97204,
        "hit_rate_at_100": 0.99254,
        "hit_rate_at_1000": 0.99534,
        "main_score": 0.77226,
        "hf_subset": "default",
        "languages": [
          "eng-Latn"
        ],
        "mteb_version": "2.18.0"
      }
    ]
  },
  "evaluation_time": 968.1877929030452,
  "kg_co2_emissions": null,
  "date": 1784435131.037492,
  "evaluation_phases": [
    {
      "name": "Data loading",
      "start": 0.0,
      "end": 3.5105993079487234,
      "split": "",
      "subset": ""
    },
    {
      "name": "Encoding queries and documents",
      "start": 3.5348847180139273,
      "end": 967.2807312679943,
      "split": "test",
      "subset": "default"
    },
    {
      "name": "Scoring",
      "start": 967.2807686880697,
      "end": 968.1534895140212,
      "split": "test",
      "subset": "default"
    }
  ]
}