{
  "dataset_revision": "main",
  "task_name": "BioASQ-RAG-Resplit",
  "mteb_version": "2.18.0",
  "scores": {
    "test": [
      {
        "ndcg_at_1": 0.81827,
        "ndcg_at_3": 0.81191,
        "ndcg_at_5": 0.80864,
        "ndcg_at_10": 0.81594,
        "ndcg_at_20": 0.83829,
        "ndcg_at_100": 0.87148,
        "ndcg_at_1000": 0.87629,
        "map_at_1": 0.27908,
        "map_at_3": 0.44664,
        "map_at_5": 0.53435,
        "map_at_10": 0.65209,
        "map_at_20": 0.73264,
        "map_at_100": 0.77812,
        "map_at_1000": 0.77933,
        "recall_at_1": 0.27908,
        "recall_at_3": 0.47492,
        "recall_at_5": 0.58415,
        "recall_at_10": 0.74185,
        "recall_at_20": 0.87041,
        "recall_at_100": 0.97967,
        "recall_at_1000": 0.99662,
        "accuracy": 0.27908,
        "precision_at_1": 0.81827,
        "precision_at_3": 0.66853,
        "precision_at_5": 0.58807,
        "precision_at_10": 0.46664,
        "precision_at_20": 0.32484,
        "precision_at_100": 0.08604,
        "precision_at_1000": 0.00881,
        "mrr_at_1": 0.818267,
        "mrr_at_3": 0.869835,
        "mrr_at_5": 0.874682,
        "mrr_at_10": 0.878246,
        "mrr_at_20": 0.879093,
        "mrr_at_100": 0.879312,
        "mrr_at_1000": 0.879313,
        "nauc_ndcg_at_1_max": 0.201629,
        "nauc_ndcg_at_1_std": -0.292729,
        "nauc_ndcg_at_1_diff1": 0.403625,
        "nauc_ndcg_at_3_max": 0.24545,
        "nauc_ndcg_at_3_std": -0.297695,
        "nauc_ndcg_at_3_diff1": 0.350979,
        "nauc_ndcg_at_5_max": 0.241431,
        "nauc_ndcg_at_5_std": -0.309886,
        "nauc_ndcg_at_5_diff1": 0.354583,
        "nauc_ndcg_at_10_max": 0.261548,
        "nauc_ndcg_at_10_std": -0.341008,
        "nauc_ndcg_at_10_diff1": 0.395733,
        "nauc_ndcg_at_20_max": 0.261179,
        "nauc_ndcg_at_20_std": -0.371602,
        "nauc_ndcg_at_20_diff1": 0.390076,
        "nauc_ndcg_at_100_max": 0.303126,
        "nauc_ndcg_at_100_std": -0.242638,
        "nauc_ndcg_at_100_diff1": 0.364031,
        "nauc_ndcg_at_1000_max": 0.292301,
        "nauc_ndcg_at_1000_std": -0.238597,
        "nauc_ndcg_at_1000_diff1": 0.35939,
        "nauc_map_at_1_max": -0.11625,
        "nauc_map_at_1_std": -0.444001,
        "nauc_map_at_1_diff1": 0.731436,
        "nauc_map_at_3_max": -0.0949,
        "nauc_map_at_3_std": -0.535685,
        "nauc_map_at_3_diff1": 0.646212,
        "nauc_map_at_5_max": -0.065862,
        "nauc_map_at_5_std": -0.585489,
        "nauc_map_at_5_diff1": 0.595856,
        "nauc_map_at_10_max": 0.048649,
        "nauc_map_at_10_std": -0.594941,
        "nauc_map_at_10_diff1": 0.513523,
        "nauc_map_at_20_max": 0.166094,
        "nauc_map_at_20_std": -0.509132,
        "nauc_map_at_20_diff1": 0.436161,
        "nauc_map_at_100_max": 0.265156,
        "nauc_map_at_100_std": -0.317076,
        "nauc_map_at_100_diff1": 0.38273,
        "nauc_map_at_1000_max": 0.264052,
        "nauc_map_at_1000_std": -0.313936,
        "nauc_map_at_1000_diff1": 0.381324,
        "nauc_recall_at_1_max": -0.11625,
        "nauc_recall_at_1_std": -0.444001,
        "nauc_recall_at_1_diff1": 0.731436,
        "nauc_recall_at_3_max": -0.106105,
        "nauc_recall_at_3_std": -0.54973,
        "nauc_recall_at_3_diff1": 0.624062,
        "nauc_recall_at_5_max": -0.098463,
        "nauc_recall_at_5_std": -0.617583,
        "nauc_recall_at_5_diff1": 0.568611,
        "nauc_recall_at_10_max": -0.018728,
        "nauc_recall_at_10_std": -0.694776,
        "nauc_recall_at_10_diff1": 0.510586,
        "nauc_recall_at_20_max": 0.087224,
        "nauc_recall_at_20_std": -0.73259,
        "nauc_recall_at_20_diff1": 0.42358,
        "nauc_recall_at_100_max": 0.541134,
        "nauc_recall_at_100_std": -0.000787,
        "nauc_recall_at_100_diff1": 0.247774,
        "nauc_recall_at_1000_max": 0.465518,
        "nauc_recall_at_1000_std": 0.240714,
        "nauc_recall_at_1000_diff1": -0.113321,
        "nauc_precision_at_1_max": 0.201629,
        "nauc_precision_at_1_std": -0.292729,
        "nauc_precision_at_1_diff1": 0.403625,
        "nauc_precision_at_3_max": 0.267802,
        "nauc_precision_at_3_std": 0.1234,
        "nauc_precision_at_3_diff1": -0.359016,
        "nauc_precision_at_5_max": 0.276346,
        "nauc_precision_at_5_std": 0.223957,
        "nauc_precision_at_5_diff1": -0.447208,
        "nauc_precision_at_10_max": 0.30155,
        "nauc_precision_at_10_std": 0.352275,
        "nauc_precision_at_10_diff1": -0.46475,
        "nauc_precision_at_20_max": 0.288211,
        "nauc_precision_at_20_std": 0.472897,
        "nauc_precision_at_20_diff1": -0.446883,
        "nauc_precision_at_100_max": 0.253713,
        "nauc_precision_at_100_std": 0.622752,
        "nauc_precision_at_100_diff1": -0.42298,
        "nauc_precision_at_1000_max": 0.235804,
        "nauc_precision_at_1000_std": 0.622778,
        "nauc_precision_at_1000_diff1": -0.425039,
        "nauc_mrr_at_1_max": 0.201629,
        "nauc_mrr_at_1_std": -0.292729,
        "nauc_mrr_at_1_diff1": 0.403625,
        "nauc_mrr_at_3_max": 0.258136,
        "nauc_mrr_at_3_std": -0.284035,
        "nauc_mrr_at_3_diff1": 0.401593,
        "nauc_mrr_at_5_max": 0.256946,
        "nauc_mrr_at_5_std": -0.276232,
        "nauc_mrr_at_5_diff1": 0.394137,
        "nauc_mrr_at_10_max": 0.252273,
        "nauc_mrr_at_10_std": -0.274787,
        "nauc_mrr_at_10_diff1": 0.397788,
        "nauc_mrr_at_20_max": 0.250604,
        "nauc_mrr_at_20_std": -0.276265,
        "nauc_mrr_at_20_diff1": 0.397602,
        "nauc_mrr_at_100_max": 0.249522,
        "nauc_mrr_at_100_std": -0.276904,
        "nauc_mrr_at_100_diff1": 0.397259,
        "nauc_mrr_at_1000_max": 0.249513,
        "nauc_mrr_at_1000_std": -0.276921,
        "nauc_mrr_at_1000_diff1": 0.397262,
        "hit_rate_at_1": 0.81827,
        "hit_rate_at_3": 0.9329,
        "hit_rate_at_5": 0.95433,
        "hit_rate_at_10": 0.98043,
        "hit_rate_at_20": 0.99161,
        "hit_rate_at_100": 0.99814,
        "hit_rate_at_1000": 0.99907,
        "main_score": 0.81594,
        "hf_subset": "default",
        "languages": [
          "eng-Latn"
        ],
        "mteb_version": "2.18.0"
      }
    ]
  },
  "evaluation_time": 308.85376323899254,
  "kg_co2_emissions": null,
  "date": 1783998594.813424,
  "evaluation_phases": [
    {
      "name": "Data loading",
      "start": 0.0,
      "end": 3.4367082100361586,
      "split": "",
      "subset": ""
    },
    {
      "name": "Encoding queries and documents",
      "start": 3.4639137199847028,
      "end": 307.8380402059993,
      "split": "test",
      "subset": "default"
    },
    {
      "name": "Scoring",
      "start": 307.83808094298,
      "end": 308.8184021100169,
      "split": "test",
      "subset": "default"
    }
  ]
}