{
  "dataset_revision": "main",
  "task_name": "QASPER-RAG",
  "mteb_version": "2.18.0",
  "scores": {
    "test": [
      {
        "ndcg_at_1": 0.49542,
        "ndcg_at_3": 0.53516,
        "ndcg_at_5": 0.57193,
        "ndcg_at_10": 0.62515,
        "ndcg_at_20": 0.66591,
        "ndcg_at_100": 0.69425,
        "ndcg_at_1000": 0.69433,
        "map_at_1": 0.30144,
        "map_at_3": 0.43879,
        "map_at_5": 0.48216,
        "map_at_10": 0.52356,
        "map_at_20": 0.54539,
        "map_at_100": 0.55698,
        "map_at_1000": 0.55701,
        "recall_at_1": 0.30144,
        "recall_at_3": 0.53373,
        "recall_at_5": 0.64058,
        "recall_at_10": 0.78351,
        "recall_at_20": 0.90353,
        "recall_at_100": 0.99971,
        "recall_at_1000": 1.0,
        "accuracy": 0.30144,
        "precision_at_1": 0.49542,
        "precision_at_3": 0.33232,
        "precision_at_5": 0.25695,
        "precision_at_10": 0.17336,
        "precision_at_20": 0.10763,
        "precision_at_100": 0.02618,
        "precision_at_1000": 0.00262,
        "mrr_at_1": 0.49542,
        "mrr_at_3": 0.601145,
        "mrr_at_5": 0.622099,
        "mrr_at_10": 0.634587,
        "mrr_at_20": 0.638374,
        "mrr_at_100": 0.639582,
        "mrr_at_1000": 0.639582,
        "nauc_ndcg_at_1_max": -0.022568,
        "nauc_ndcg_at_1_std": 0.140023,
        "nauc_ndcg_at_1_diff1": 0.404283,
        "nauc_ndcg_at_3_max": -0.062533,
        "nauc_ndcg_at_3_std": 0.130872,
        "nauc_ndcg_at_3_diff1": 0.329012,
        "nauc_ndcg_at_5_max": -0.071997,
        "nauc_ndcg_at_5_std": 0.138403,
        "nauc_ndcg_at_5_diff1": 0.336956,
        "nauc_ndcg_at_10_max": -0.081202,
        "nauc_ndcg_at_10_std": 0.145798,
        "nauc_ndcg_at_10_diff1": 0.34007,
        "nauc_ndcg_at_20_max": -0.063731,
        "nauc_ndcg_at_20_std": 0.153359,
        "nauc_ndcg_at_20_diff1": 0.34981,
        "nauc_ndcg_at_100_max": -0.049357,
        "nauc_ndcg_at_100_std": 0.147702,
        "nauc_ndcg_at_100_diff1": 0.353993,
        "nauc_ndcg_at_1000_max": -0.048882,
        "nauc_ndcg_at_1000_std": 0.147699,
        "nauc_ndcg_at_1000_diff1": 0.35428,
        "nauc_map_at_1_max": -0.035596,
        "nauc_map_at_1_std": 2.4e-05,
        "nauc_map_at_1_diff1": 0.386283,
        "nauc_map_at_3_max": -0.070609,
        "nauc_map_at_3_std": 0.049874,
        "nauc_map_at_3_diff1": 0.334513,
        "nauc_map_at_5_max": -0.074633,
        "nauc_map_at_5_std": 0.084787,
        "nauc_map_at_5_diff1": 0.340017,
        "nauc_map_at_10_max": -0.074244,
        "nauc_map_at_10_std": 0.112766,
        "nauc_map_at_10_diff1": 0.339301,
        "nauc_map_at_20_max": -0.064585,
        "nauc_map_at_20_std": 0.127174,
        "nauc_map_at_20_diff1": 0.341011,
        "nauc_map_at_100_max": -0.057643,
        "nauc_map_at_100_std": 0.132281,
        "nauc_map_at_100_diff1": 0.34293,
        "nauc_map_at_1000_max": -0.057522,
        "nauc_map_at_1000_std": 0.132361,
        "nauc_map_at_1000_diff1": 0.342918,
        "nauc_recall_at_1_max": -0.035596,
        "nauc_recall_at_1_std": 2.4e-05,
        "nauc_recall_at_1_diff1": 0.386283,
        "nauc_recall_at_3_max": -0.092746,
        "nauc_recall_at_3_std": 0.037555,
        "nauc_recall_at_3_diff1": 0.254028,
        "nauc_recall_at_5_max": -0.122044,
        "nauc_recall_at_5_std": 0.080563,
        "nauc_recall_at_5_diff1": 0.268245,
        "nauc_recall_at_10_max": -0.176109,
        "nauc_recall_at_10_std": 0.124997,
        "nauc_recall_at_10_diff1": 0.252293,
        "nauc_recall_at_20_max": -0.174858,
        "nauc_recall_at_20_std": 0.184568,
        "nauc_recall_at_20_diff1": 0.249602,
        "nauc_recall_at_100_max": -1.327004,
        "nauc_recall_at_100_std": 0.370921,
        "nauc_recall_at_100_diff1": -0.91148,
        "nauc_recall_at_1000_max": NaN,
        "nauc_recall_at_1000_std": NaN,
        "nauc_recall_at_1000_diff1": NaN,
        "nauc_precision_at_1_max": -0.022568,
        "nauc_precision_at_1_std": 0.140023,
        "nauc_precision_at_1_diff1": 0.404283,
        "nauc_precision_at_3_max": -0.045816,
        "nauc_precision_at_3_std": 0.217785,
        "nauc_precision_at_3_diff1": 0.125684,
        "nauc_precision_at_5_max": -0.019904,
        "nauc_precision_at_5_std": 0.256569,
        "nauc_precision_at_5_diff1": 0.060557,
        "nauc_precision_at_10_max": 0.01181,
        "nauc_precision_at_10_std": 0.257227,
        "nauc_precision_at_10_diff1": -0.010597,
        "nauc_precision_at_20_max": 0.075531,
        "nauc_precision_at_20_std": 0.247173,
        "nauc_precision_at_20_diff1": -0.057637,
        "nauc_precision_at_100_max": 0.120809,
        "nauc_precision_at_100_std": 0.193278,
        "nauc_precision_at_100_diff1": -0.090417,
        "nauc_precision_at_1000_max": 0.122686,
        "nauc_precision_at_1000_std": 0.193848,
        "nauc_precision_at_1000_diff1": -0.09022,
        "nauc_mrr_at_1_max": -0.022568,
        "nauc_mrr_at_1_std": 0.140023,
        "nauc_mrr_at_1_diff1": 0.404283,
        "nauc_mrr_at_3_max": -0.035785,
        "nauc_mrr_at_3_std": 0.152606,
        "nauc_mrr_at_3_diff1": 0.379935,
        "nauc_mrr_at_5_max": -0.036299,
        "nauc_mrr_at_5_std": 0.158377,
        "nauc_mrr_at_5_diff1": 0.384352,
        "nauc_mrr_at_10_max": -0.039597,
        "nauc_mrr_at_10_std": 0.155874,
        "nauc_mrr_at_10_diff1": 0.386218,
        "nauc_mrr_at_20_max": -0.037604,
        "nauc_mrr_at_20_std": 0.155837,
        "nauc_mrr_at_20_diff1": 0.387718,
        "nauc_mrr_at_100_max": -0.036755,
        "nauc_mrr_at_100_std": 0.155048,
        "nauc_mrr_at_100_diff1": 0.387231,
        "nauc_mrr_at_1000_max": -0.036755,
        "nauc_mrr_at_1000_std": 0.155048,
        "nauc_mrr_at_1000_diff1": 0.387231,
        "hit_rate_at_1": 0.49542,
        "hit_rate_at_3": 0.73511,
        "hit_rate_at_5": 0.82595,
        "hit_rate_at_10": 0.9145,
        "hit_rate_at_20": 0.96718,
        "hit_rate_at_100": 1.0,
        "hit_rate_at_1000": 1.0,
        "main_score": 0.62515,
        "hf_subset": "default",
        "languages": [
          "eng-Latn"
        ],
        "mteb_version": "2.18.0"
      }
    ]
  },
  "evaluation_time": 802.2385974129429,
  "kg_co2_emissions": null,
  "date": 1783999107.31795,
  "evaluation_phases": [
    {
      "name": "Data loading",
      "start": 0.0,
      "end": 4.364456606912427,
      "split": "",
      "subset": ""
    },
    {
      "name": "Encoding queries and documents",
      "start": 4.379193159984425,
      "end": 802.0855594240129,
      "split": "test",
      "subset": "default"
    },
    {
      "name": "Scoring",
      "start": 802.0855851799715,
      "end": 802.2200372439111,
      "split": "test",
      "subset": "default"
    }
  ]
}