{
  "dataset_revision": "main",
  "task_name": "NarrativeQA-RAG",
  "mteb_version": "2.16.3",
  "scores": {
    "train": [
      {
        "ndcg_at_1": 0.65798,
        "ndcg_at_3": 0.72826,
        "ndcg_at_5": 0.7442,
        "ndcg_at_10": 0.75775,
        "ndcg_at_20": 0.76604,
        "ndcg_at_100": 0.77686,
        "ndcg_at_1000": 0.78286,
        "map_at_1": 0.65798,
        "map_at_3": 0.71141,
        "map_at_5": 0.72027,
        "map_at_10": 0.72588,
        "map_at_20": 0.72818,
        "map_at_100": 0.72969,
        "map_at_1000": 0.7299,
        "recall_at_1": 0.65798,
        "recall_at_3": 0.77688,
        "recall_at_5": 0.81552,
        "recall_at_10": 0.85729,
        "recall_at_20": 0.88987,
        "recall_at_100": 0.94795,
        "recall_at_1000": 0.99619,
        "accuracy": 0.65798,
        "precision_at_1": 0.65798,
        "precision_at_3": 0.25896,
        "precision_at_5": 0.1631,
        "precision_at_10": 0.08573,
        "precision_at_20": 0.04449,
        "precision_at_100": 0.00948,
        "precision_at_1000": 0.001,
        "mrr_at_1": 0.657981,
        "mrr_at_3": 0.711406,
        "mrr_at_5": 0.720265,
        "mrr_at_10": 0.725881,
        "mrr_at_20": 0.728178,
        "mrr_at_100": 0.729692,
        "mrr_at_1000": 0.729902,
        "nauc_ndcg_at_1_max": 0.672561,
        "nauc_ndcg_at_1_std": 0.12437,
        "nauc_ndcg_at_1_diff1": 0.820602,
        "nauc_ndcg_at_3_max": 0.698455,
        "nauc_ndcg_at_3_std": 0.158059,
        "nauc_ndcg_at_3_diff1": 0.787542,
        "nauc_ndcg_at_5_max": 0.697735,
        "nauc_ndcg_at_5_std": 0.164255,
        "nauc_ndcg_at_5_diff1": 0.78385,
        "nauc_ndcg_at_10_max": 0.698224,
        "nauc_ndcg_at_10_std": 0.172246,
        "nauc_ndcg_at_10_diff1": 0.78451,
        "nauc_ndcg_at_20_max": 0.695301,
        "nauc_ndcg_at_20_std": 0.17293,
        "nauc_ndcg_at_20_diff1": 0.783626,
        "nauc_ndcg_at_100_max": 0.695092,
        "nauc_ndcg_at_100_std": 0.17415,
        "nauc_ndcg_at_100_diff1": 0.787357,
        "nauc_ndcg_at_1000_max": 0.693855,
        "nauc_ndcg_at_1000_std": 0.166807,
        "nauc_ndcg_at_1000_diff1": 0.789822,
        "nauc_map_at_1_max": 0.672561,
        "nauc_map_at_1_std": 0.12437,
        "nauc_map_at_1_diff1": 0.820602,
        "nauc_map_at_3_max": 0.692087,
        "nauc_map_at_3_std": 0.149451,
        "nauc_map_at_3_diff1": 0.796126,
        "nauc_map_at_5_max": 0.691483,
        "nauc_map_at_5_std": 0.152429,
        "nauc_map_at_5_diff1": 0.794345,
        "nauc_map_at_10_max": 0.691565,
        "nauc_map_at_10_std": 0.155141,
        "nauc_map_at_10_diff1": 0.794805,
        "nauc_map_at_20_max": 0.690811,
        "nauc_map_at_20_std": 0.155211,
        "nauc_map_at_20_diff1": 0.794698,
        "nauc_map_at_100_max": 0.69074,
        "nauc_map_at_100_std": 0.15531,
        "nauc_map_at_100_diff1": 0.795153,
        "nauc_map_at_1000_max": 0.690705,
        "nauc_map_at_1000_std": 0.155135,
        "nauc_map_at_1000_diff1": 0.795232,
        "nauc_recall_at_1_max": 0.672561,
        "nauc_recall_at_1_std": 0.12437,
        "nauc_recall_at_1_diff1": 0.820602,
        "nauc_recall_at_3_max": 0.7204,
        "nauc_recall_at_3_std": 0.187904,
        "nauc_recall_at_3_diff1": 0.757709,
        "nauc_recall_at_5_max": 0.722256,
        "nauc_recall_at_5_std": 0.212359,
        "nauc_recall_at_5_diff1": 0.741641,
        "nauc_recall_at_10_max": 0.730822,
        "nauc_recall_at_10_std": 0.263404,
        "nauc_recall_at_10_diff1": 0.733632,
        "nauc_recall_at_20_max": 0.717441,
        "nauc_recall_at_20_std": 0.29139,
        "nauc_recall_at_20_diff1": 0.71352,
        "nauc_recall_at_100_max": 0.738317,
        "nauc_recall_at_100_std": 0.440398,
        "nauc_recall_at_100_diff1": 0.714598,
        "nauc_recall_at_1000_max": 0.786042,
        "nauc_recall_at_1000_std": 0.729243,
        "nauc_recall_at_1000_diff1": 0.762074,
        "nauc_precision_at_1_max": 0.672561,
        "nauc_precision_at_1_std": 0.12437,
        "nauc_precision_at_1_diff1": 0.820602,
        "nauc_precision_at_3_max": 0.7204,
        "nauc_precision_at_3_std": 0.187904,
        "nauc_precision_at_3_diff1": 0.757709,
        "nauc_precision_at_5_max": 0.722256,
        "nauc_precision_at_5_std": 0.212359,
        "nauc_precision_at_5_diff1": 0.741641,
        "nauc_precision_at_10_max": 0.730822,
        "nauc_precision_at_10_std": 0.263404,
        "nauc_precision_at_10_diff1": 0.733632,
        "nauc_precision_at_20_max": 0.717441,
        "nauc_precision_at_20_std": 0.29139,
        "nauc_precision_at_20_diff1": 0.71352,
        "nauc_precision_at_100_max": 0.738317,
        "nauc_precision_at_100_std": 0.440398,
        "nauc_precision_at_100_diff1": 0.714598,
        "nauc_precision_at_1000_max": 0.786042,
        "nauc_precision_at_1000_std": 0.729243,
        "nauc_precision_at_1000_diff1": 0.762074,
        "nauc_mrr_at_1_max": 0.672561,
        "nauc_mrr_at_1_std": 0.12437,
        "nauc_mrr_at_1_diff1": 0.820602,
        "nauc_mrr_at_3_max": 0.692087,
        "nauc_mrr_at_3_std": 0.149451,
        "nauc_mrr_at_3_diff1": 0.796126,
        "nauc_mrr_at_5_max": 0.691483,
        "nauc_mrr_at_5_std": 0.152429,
        "nauc_mrr_at_5_diff1": 0.794345,
        "nauc_mrr_at_10_max": 0.691565,
        "nauc_mrr_at_10_std": 0.155141,
        "nauc_mrr_at_10_diff1": 0.794805,
        "nauc_mrr_at_20_max": 0.690811,
        "nauc_mrr_at_20_std": 0.155211,
        "nauc_mrr_at_20_diff1": 0.794698,
        "nauc_mrr_at_100_max": 0.69074,
        "nauc_mrr_at_100_std": 0.15531,
        "nauc_mrr_at_100_diff1": 0.795153,
        "nauc_mrr_at_1000_max": 0.690705,
        "nauc_mrr_at_1000_std": 0.155135,
        "nauc_mrr_at_1000_diff1": 0.795232,
        "hit_rate_at_1": 0.65798,
        "hit_rate_at_3": 0.77688,
        "hit_rate_at_5": 0.81552,
        "hit_rate_at_10": 0.85729,
        "hit_rate_at_20": 0.88987,
        "hit_rate_at_100": 0.94795,
        "hit_rate_at_1000": 0.99619,
        "main_score": 0.75775,
        "hf_subset": "default",
        "languages": [
          "eng-Latn"
        ],
        "mteb_version": "2.16.3"
      }
    ],
    "dev": [
      {
        "ndcg_at_1": 0.65606,
        "ndcg_at_3": 0.72775,
        "ndcg_at_5": 0.74334,
        "ndcg_at_10": 0.75669,
        "ndcg_at_20": 0.76462,
        "ndcg_at_100": 0.77503,
        "ndcg_at_1000": 0.7817,
        "map_at_1": 0.65606,
        "map_at_3": 0.71032,
        "map_at_5": 0.71902,
        "map_at_10": 0.72465,
        "map_at_20": 0.72693,
        "map_at_100": 0.72835,
        "map_at_1000": 0.72858,
        "recall_at_1": 0.65606,
        "recall_at_3": 0.7781,
        "recall_at_5": 0.81577,
        "recall_at_10": 0.85635,
        "recall_at_20": 0.88701,
        "recall_at_100": 0.94336,
        "recall_at_1000": 0.99679,
        "accuracy": 0.65606,
        "precision_at_1": 0.65606,
        "precision_at_3": 0.25937,
        "precision_at_5": 0.16315,
        "precision_at_10": 0.08564,
        "precision_at_20": 0.04435,
        "precision_at_100": 0.00943,
        "precision_at_1000": 0.001,
        "mrr_at_1": 0.656058,
        "mrr_at_3": 0.710316,
        "mrr_at_5": 0.719017,
        "mrr_at_10": 0.724655,
        "mrr_at_20": 0.726926,
        "mrr_at_100": 0.728347,
        "mrr_at_1000": 0.72858,
        "nauc_ndcg_at_1_max": 0.674211,
        "nauc_ndcg_at_1_std": 0.168872,
        "nauc_ndcg_at_1_diff1": 0.800448,
        "nauc_ndcg_at_3_max": 0.693077,
        "nauc_ndcg_at_3_std": 0.18846,
        "nauc_ndcg_at_3_diff1": 0.768275,
        "nauc_ndcg_at_5_max": 0.693733,
        "nauc_ndcg_at_5_std": 0.197548,
        "nauc_ndcg_at_5_diff1": 0.761723,
        "nauc_ndcg_at_10_max": 0.694625,
        "nauc_ndcg_at_10_std": 0.197264,
        "nauc_ndcg_at_10_diff1": 0.765083,
        "nauc_ndcg_at_20_max": 0.696429,
        "nauc_ndcg_at_20_std": 0.203661,
        "nauc_ndcg_at_20_diff1": 0.765222,
        "nauc_ndcg_at_100_max": 0.695991,