{
  "dataset_revision": "main",
  "task_name": "TelcoDPR-RAG",
  "mteb_version": "2.18.0",
  "scores": {
    "test": [
      {
        "ndcg_at_1": 0.53728,
        "ndcg_at_3": 0.66726,
        "ndcg_at_5": 0.69161,
        "ndcg_at_10": 0.71088,
        "ndcg_at_20": 0.72049,
        "ndcg_at_100": 0.73147,
        "ndcg_at_1000": 0.73409,
        "map_at_1": 0.53728,
        "map_at_3": 0.63607,
        "map_at_5": 0.64955,
        "map_at_10": 0.65756,
        "map_at_20": 0.66017,
        "map_at_100": 0.66167,
        "map_at_1000": 0.66176,
        "recall_at_1": 0.53728,
        "recall_at_3": 0.75717,
        "recall_at_5": 0.81644,
        "recall_at_10": 0.87572,
        "recall_at_20": 0.91396,
        "recall_at_100": 0.97323,
        "recall_at_1000": 0.99426,
        "accuracy": 0.53728,
        "precision_at_1": 0.53728,
        "precision_at_3": 0.25239,
        "precision_at_5": 0.16329,
        "precision_at_10": 0.08757,
        "precision_at_20": 0.0457,
        "precision_at_100": 0.00973,
        "precision_at_1000": 0.00099,
        "mrr_at_1": 0.537285,
        "mrr_at_3": 0.636074,
        "mrr_at_5": 0.649554,
        "mrr_at_10": 0.657558,
        "mrr_at_20": 0.660171,
        "mrr_at_100": 0.661672,
        "mrr_at_1000": 0.661758,
        "nauc_ndcg_at_1_max": 0.286294,
        "nauc_ndcg_at_1_std": -0.170453,
        "nauc_ndcg_at_1_diff1": 0.725805,
        "nauc_ndcg_at_3_max": 0.439107,
        "nauc_ndcg_at_3_std": -0.157313,
        "nauc_ndcg_at_3_diff1": 0.684721,
        "nauc_ndcg_at_5_max": 0.449706,
        "nauc_ndcg_at_5_std": -0.156964,
        "nauc_ndcg_at_5_diff1": 0.683301,
        "nauc_ndcg_at_10_max": 0.436957,
        "nauc_ndcg_at_10_std": -0.138336,
        "nauc_ndcg_at_10_diff1": 0.686144,
        "nauc_ndcg_at_20_max": 0.424117,
        "nauc_ndcg_at_20_std": -0.138555,
        "nauc_ndcg_at_20_diff1": 0.684273,
        "nauc_ndcg_at_100_max": 0.415016,
        "nauc_ndcg_at_100_std": -0.129844,
        "nauc_ndcg_at_100_diff1": 0.692227,
        "nauc_ndcg_at_1000_max": 0.409016,
        "nauc_ndcg_at_1000_std": -0.140139,
        "nauc_ndcg_at_1000_diff1": 0.691158,
        "nauc_map_at_1_max": 0.286294,
        "nauc_map_at_1_std": -0.170453,
        "nauc_map_at_1_diff1": 0.725805,
        "nauc_map_at_3_max": 0.394601,
        "nauc_map_at_3_std": -0.162051,
        "nauc_map_at_3_diff1": 0.693805,
        "nauc_map_at_5_max": 0.398043,
        "nauc_map_at_5_std": -0.162278,
        "nauc_map_at_5_diff1": 0.693484,
        "nauc_map_at_10_max": 0.392707,
        "nauc_map_at_10_std": -0.154233,
        "nauc_map_at_10_diff1": 0.695136,
        "nauc_map_at_20_max": 0.389209,
        "nauc_map_at_20_std": -0.154555,
        "nauc_map_at_20_diff1": 0.694661,
        "nauc_map_at_100_max": 0.388078,
        "nauc_map_at_100_std": -0.153695,
        "nauc_map_at_100_diff1": 0.695829,
        "nauc_map_at_1000_max": 0.387907,
        "nauc_map_at_1000_std": -0.153982,
        "nauc_map_at_1000_diff1": 0.695807,
        "nauc_recall_at_1_max": 0.286294,
        "nauc_recall_at_1_std": -0.170453,
        "nauc_recall_at_1_diff1": 0.725805,
        "nauc_recall_at_3_max": 0.607753,
        "nauc_recall_at_3_std": -0.138877,
        "nauc_recall_at_3_diff1": 0.651824,
        "nauc_recall_at_5_max": 0.690807,
        "nauc_recall_at_5_std": -0.131312,
        "nauc_recall_at_5_diff1": 0.637825,
        "nauc_recall_at_10_max": 0.711069,
        "nauc_recall_at_10_std": -0.027175,
        "nauc_recall_at_10_diff1": 0.630995,
        "nauc_recall_at_20_max": 0.693381,
        "nauc_recall_at_20_std": 0.018483,
        "nauc_recall_at_20_diff1": 0.592271,
        "nauc_recall_at_100_max": 0.888289,
        "nauc_recall_at_100_std": 0.729726,
        "nauc_recall_at_100_diff1": 0.698545,
        "nauc_recall_at_1000_max": 0.863843,
        "nauc_recall_at_1000_std": 0.863843,
        "nauc_recall_at_1000_diff1": 0.395351,
        "nauc_precision_at_1_max": 0.286294,
        "nauc_precision_at_1_std": -0.170453,
        "nauc_precision_at_1_diff1": 0.725805,
        "nauc_precision_at_3_max": 0.607753,
        "nauc_precision_at_3_std": -0.138877,
        "nauc_precision_at_3_diff1": 0.651824,
        "nauc_precision_at_5_max": 0.690807,
        "nauc_precision_at_5_std": -0.131312,
        "nauc_precision_at_5_diff1": 0.637825,
        "nauc_precision_at_10_max": 0.711069,
        "nauc_precision_at_10_std": -0.027175,
        "nauc_precision_at_10_diff1": 0.630995,
        "nauc_precision_at_20_max": 0.693381,
        "nauc_precision_at_20_std": 0.018483,
        "nauc_precision_at_20_diff1": 0.592271,
        "nauc_precision_at_100_max": 0.888289,
        "nauc_precision_at_100_std": 0.729726,
        "nauc_precision_at_100_diff1": 0.698545,
        "nauc_precision_at_1000_max": 0.863843,
        "nauc_precision_at_1000_std": 0.863843,
        "nauc_precision_at_1000_diff1": 0.395351,
        "nauc_mrr_at_1_max": 0.286294,
        "nauc_mrr_at_1_std": -0.170453,
        "nauc_mrr_at_1_diff1": 0.725805,
        "nauc_mrr_at_3_max": 0.394601,
        "nauc_mrr_at_3_std": -0.162051,
        "nauc_mrr_at_3_diff1": 0.693805,
        "nauc_mrr_at_5_max": 0.398043,
        "nauc_mrr_at_5_std": -0.162278,
        "nauc_mrr_at_5_diff1": 0.693484,
        "nauc_mrr_at_10_max": 0.392707,
        "nauc_mrr_at_10_std": -0.154233,
        "nauc_mrr_at_10_diff1": 0.695136,
        "nauc_mrr_at_20_max": 0.389209,
        "nauc_mrr_at_20_std": -0.154555,
        "nauc_mrr_at_20_diff1": 0.694661,
        "nauc_mrr_at_100_max": 0.388078,
        "nauc_mrr_at_100_std": -0.153695,
        "nauc_mrr_at_100_diff1": 0.695829,
        "nauc_mrr_at_1000_max": 0.387907,
        "nauc_mrr_at_1000_std": -0.153982,
        "nauc_mrr_at_1000_diff1": 0.695807,
        "hit_rate_at_1": 0.53728,
        "hit_rate_at_3": 0.75717,
        "hit_rate_at_5": 0.81644,
        "hit_rate_at_10": 0.87572,
        "hit_rate_at_20": 0.91396,
        "hit_rate_at_100": 0.97323,
        "hit_rate_at_1000": 0.99426,
        "main_score": 0.71088,
        "hf_subset": "default",
        "languages": [
          "eng-Latn"
        ],
        "mteb_version": "2.18.0"
      }
    ]
  },
  "evaluation_time": 441.73832721891813,
  "kg_co2_emissions": null,
  "date": 1783998746.761934,
  "evaluation_phases": [
    {
      "name": "Data loading",
      "start": 0.0,
      "end": 3.3458514139056206,
      "split": "",
      "subset": ""
    },
    {
      "name": "Encoding queries and documents",
      "start": 3.356944663915783,
      "end": 441.2795362198958,
      "split": "test",
      "subset": "default"
    },
    {
      "name": "Scoring",
      "start": 441.27957867796067,
      "end": 441.71560640097596,
      "split": "test",
      "subset": "default"
    }
  ]
}