{
  "dataset_revision": "main",
  "task_name": "BioASQ-RAG-Resplit-ctx-rfg",
  "mteb_version": "2.18.0",
  "scores": {
    "test": [
      {
        "ndcg_at_1": 0.78192,
        "ndcg_at_3": 0.78503,
        "ndcg_at_5": 0.79015,
        "ndcg_at_10": 0.79072,
        "ndcg_at_20": 0.81103,
        "ndcg_at_100": 0.85015,
        "ndcg_at_1000": 0.85704,
        "map_at_1": 0.26151,
        "map_at_3": 0.42769,
        "map_at_5": 0.51888,
        "map_at_10": 0.62888,
        "map_at_20": 0.70509,
        "map_at_100": 0.75127,
        "map_at_1000": 0.75285,
        "recall_at_1": 0.26151,
        "recall_at_3": 0.45933,
        "recall_at_5": 0.57964,
        "recall_at_10": 0.72115,
        "recall_at_20": 0.84433,
        "recall_at_100": 0.97001,
        "recall_at_1000": 0.99493,
        "accuracy": 0.26151,
        "precision_at_1": 0.78192,
        "precision_at_3": 0.64772,
        "precision_at_5": 0.57912,
        "precision_at_10": 0.45322,
        "precision_at_20": 0.31468,
        "precision_at_100": 0.0852,
        "precision_at_1000": 0.00881,
        "mrr_at_1": 0.78192,
        "mrr_at_3": 0.840789,
        "mrr_at_5": 0.849503,
        "mrr_at_10": 0.851786,
        "mrr_at_20": 0.853218,
        "mrr_at_100": 0.853558,
        "mrr_at_1000": 0.853571,
        "nauc_ndcg_at_1_max": 0.361348,
        "nauc_ndcg_at_1_std": -0.317111,
        "nauc_ndcg_at_1_diff1": 0.254822,
        "nauc_ndcg_at_3_max": 0.363001,
        "nauc_ndcg_at_3_std": -0.355822,
        "nauc_ndcg_at_3_diff1": 0.211651,
        "nauc_ndcg_at_5_max": 0.377689,
        "nauc_ndcg_at_5_std": -0.377571,
        "nauc_ndcg_at_5_diff1": 0.216789,
        "nauc_ndcg_at_10_max": 0.387644,
        "nauc_ndcg_at_10_std": -0.403211,
        "nauc_ndcg_at_10_diff1": 0.226878,
        "nauc_ndcg_at_20_max": 0.389444,
        "nauc_ndcg_at_20_std": -0.417652,
        "nauc_ndcg_at_20_diff1": 0.206452,
        "nauc_ndcg_at_100_max": 0.398496,
        "nauc_ndcg_at_100_std": -0.312901,
        "nauc_ndcg_at_100_diff1": 0.204442,
        "nauc_ndcg_at_1000_max": 0.387537,
        "nauc_ndcg_at_1000_std": -0.309714,
        "nauc_ndcg_at_1000_diff1": 0.214748,
        "nauc_map_at_1_max": 0.326697,
        "nauc_map_at_1_std": -0.448972,
        "nauc_map_at_1_diff1": 0.623131,
        "nauc_map_at_3_max": 0.271364,
        "nauc_map_at_3_std": -0.544608,
        "nauc_map_at_3_diff1": 0.465659,
        "nauc_map_at_5_max": 0.272117,
        "nauc_map_at_5_std": -0.590036,
        "nauc_map_at_5_diff1": 0.395718,
        "nauc_map_at_10_max": 0.323282,
        "nauc_map_at_10_std": -0.597129,
        "nauc_map_at_10_diff1": 0.310472,
        "nauc_map_at_20_max": 0.369038,
        "nauc_map_at_20_std": -0.519183,
        "nauc_map_at_20_diff1": 0.243831,
        "nauc_map_at_100_max": 0.389944,
        "nauc_map_at_100_std": -0.366513,
        "nauc_map_at_100_diff1": 0.210305,
        "nauc_map_at_1000_max": 0.388485,
        "nauc_map_at_1000_std": -0.363514,
        "nauc_map_at_1000_diff1": 0.211142,
        "nauc_recall_at_1_max": 0.326697,
        "nauc_recall_at_1_std": -0.448972,
        "nauc_recall_at_1_diff1": 0.623131,
        "nauc_recall_at_3_max": 0.247119,
        "nauc_recall_at_3_std": -0.549686,
        "nauc_recall_at_3_diff1": 0.437917,
        "nauc_recall_at_5_max": 0.230122,
        "nauc_recall_at_5_std": -0.612538,
        "nauc_recall_at_5_diff1": 0.36254,
        "nauc_recall_at_10_max": 0.282681,
        "nauc_recall_at_10_std": -0.679293,
        "nauc_recall_at_10_diff1": 0.284511,
        "nauc_recall_at_20_max": 0.329132,
        "nauc_recall_at_20_std": -0.684065,
        "nauc_recall_at_20_diff1": 0.176953,
        "nauc_recall_at_100_max": 0.420113,
        "nauc_recall_at_100_std": -0.021491,
        "nauc_recall_at_100_diff1": -0.03291,
        "nauc_recall_at_1000_max": -0.16522,
        "nauc_recall_at_1000_std": 0.345021,
        "nauc_recall_at_1000_diff1": 0.074997,
        "nauc_precision_at_1_max": 0.361348,
        "nauc_precision_at_1_std": -0.317111,
        "nauc_precision_at_1_diff1": 0.254822,
        "nauc_precision_at_3_max": 0.035307,
        "nauc_precision_at_3_std": 0.047078,
        "nauc_precision_at_3_diff1": -0.320401,
        "nauc_precision_at_5_max": -0.003953,
        "nauc_precision_at_5_std": 0.158242,
        "nauc_precision_at_5_diff1": -0.381392,
        "nauc_precision_at_10_max": 0.009389,
        "nauc_precision_at_10_std": 0.288522,
        "nauc_precision_at_10_diff1": -0.358469,
        "nauc_precision_at_20_max": -0.011802,
        "nauc_precision_at_20_std": 0.414587,
        "nauc_precision_at_20_diff1": -0.335059,
        "nauc_precision_at_100_max": -0.051943,
        "nauc_precision_at_100_std": 0.574827,
        "nauc_precision_at_100_diff1": -0.290711,
        "nauc_precision_at_1000_max": -0.068503,
        "nauc_precision_at_1000_std": 0.57659,
        "nauc_precision_at_1000_diff1": -0.279822,
        "nauc_mrr_at_1_max": 0.361348,
        "nauc_mrr_at_1_std": -0.317111,
        "nauc_mrr_at_1_diff1": 0.254822,
        "nauc_mrr_at_3_max": 0.387278,
        "nauc_mrr_at_3_std": -0.346753,
        "nauc_mrr_at_3_diff1": 0.270592,
        "nauc_mrr_at_5_max": 0.384202,
        "nauc_mrr_at_5_std": -0.344641,
        "nauc_mrr_at_5_diff1": 0.271503,
        "nauc_mrr_at_10_max": 0.381077,
        "nauc_mrr_at_10_std": -0.345277,
        "nauc_mrr_at_10_diff1": 0.269595,
        "nauc_mrr_at_20_max": 0.380059,
        "nauc_mrr_at_20_std": -0.344974,
        "nauc_mrr_at_20_diff1": 0.26822,
        "nauc_mrr_at_100_max": 0.379617,
        "nauc_mrr_at_100_std": -0.343291,
        "nauc_mrr_at_100_diff1": 0.267964,
        "nauc_mrr_at_1000_max": 0.379567,
        "nauc_mrr_at_1000_std": -0.343394,
        "nauc_mrr_at_1000_diff1": 0.268025,
        "hit_rate_at_1": 0.78192,
        "hit_rate_at_3": 0.90867,
        "hit_rate_at_5": 0.94781,
        "hit_rate_at_10": 0.96365,
        "hit_rate_at_20": 0.98509,
        "hit_rate_at_100": 0.99534,
        "hit_rate_at_1000": 0.99814,
        "main_score": 0.79072,
        "hf_subset": "default",
        "languages": [
          "eng-Latn"
        ],
        "mteb_version": "2.18.0"
      }
    ]
  },
  "evaluation_time": 326.09511949284934,
  "kg_co2_emissions": null,
  "date": 1784430053.085147,
  "evaluation_phases": [
    {
      "name": "Data loading",
      "start": 0.0,
      "end": 3.5492215738631785,
      "split": "",
      "subset": ""
    },
    {
      "name": "Encoding queries and documents",
      "start": 3.5742036518640816,
      "end": 325.1153313028626,
      "split": "test",
      "subset": "default"
    },
    {
      "name": "Scoring",
      "start": 325.1153701869771,
      "end": 325.9700014500413,
      "split": "test",
      "subset": "default"
    }
  ]
}