{
  "dataset_revision": "main",
  "task_name": "NarrativeQA-RAG-Title",
  "mteb_version": "2.18.0",
  "scores": {
    "test": [
      {
        "ndcg_at_1": 0.92471,
        "ndcg_at_3": 0.95725,
        "ndcg_at_5": 0.96074,
        "ndcg_at_10": 0.96293,
        "ndcg_at_20": 0.96372,
        "ndcg_at_100": 0.96425,
        "ndcg_at_1000": 0.96431,
        "map_at_1": 0.92471,
        "map_at_3": 0.94976,
        "map_at_5": 0.95174,
        "map_at_10": 0.95266,
        "map_at_20": 0.95287,
        "map_at_100": 0.95295,
        "map_at_1000": 0.95296,
        "recall_at_1": 0.92471,
        "recall_at_3": 0.97872,
        "recall_at_5": 0.98702,
        "recall_at_10": 0.9937,
        "recall_at_20": 0.99685,
        "recall_at_100": 0.99962,
        "recall_at_1000": 1.0,
        "accuracy": 0.92471,
        "precision_at_1": 0.92471,
        "precision_at_3": 0.32624,
        "precision_at_5": 0.1974,
        "precision_at_10": 0.09937,
        "precision_at_20": 0.04984,
        "precision_at_100": 0.01,
        "precision_at_1000": 0.001,
        "mrr_at_1": 0.924707,
        "mrr_at_3": 0.949757,
        "mrr_at_5": 0.951737,
        "mrr_at_10": 0.952655,
        "mrr_at_20": 0.952874,
        "mrr_at_100": 0.952954,
        "mrr_at_1000": 0.952956,
        "nauc_ndcg_at_1_max": 0.68945,
        "nauc_ndcg_at_1_std": -0.205749,
        "nauc_ndcg_at_1_diff1": 0.942318,
        "nauc_ndcg_at_3_max": 0.75619,
        "nauc_ndcg_at_3_std": -0.147681,
        "nauc_ndcg_at_3_diff1": 0.946666,
        "nauc_ndcg_at_5_max": 0.752216,
        "nauc_ndcg_at_5_std": -0.137268,
        "nauc_ndcg_at_5_diff1": 0.945899,
        "nauc_ndcg_at_10_max": 0.741898,
        "nauc_ndcg_at_10_std": -0.143578,
        "nauc_ndcg_at_10_diff1": 0.94511,
        "nauc_ndcg_at_20_max": 0.7368,
        "nauc_ndcg_at_20_std": -0.149341,
        "nauc_ndcg_at_20_diff1": 0.945064,
        "nauc_ndcg_at_100_max": 0.7329,
        "nauc_ndcg_at_100_std": -0.159608,
        "nauc_ndcg_at_100_diff1": 0.944722,
        "nauc_ndcg_at_1000_max": 0.732505,
        "nauc_ndcg_at_1000_std": -0.161276,
        "nauc_ndcg_at_1000_diff1": 0.944641,
        "nauc_map_at_1_max": 0.68945,
        "nauc_map_at_1_std": -0.205749,
        "nauc_map_at_1_diff1": 0.942318,
        "nauc_map_at_3_max": 0.735197,
        "nauc_map_at_3_std": -0.168222,
        "nauc_map_at_3_diff1": 0.944996,
        "nauc_map_at_5_max": 0.732548,
        "nauc_map_at_5_std": -0.164429,
        "nauc_map_at_5_diff1": 0.944572,
        "nauc_map_at_10_max": 0.728766,
        "nauc_map_at_10_std": -0.167369,
        "nauc_map_at_10_diff1": 0.944303,
        "nauc_map_at_20_max": 0.72764,
        "nauc_map_at_20_std": -0.168526,
        "nauc_map_at_20_diff1": 0.944297,
        "nauc_map_at_100_max": 0.727181,
        "nauc_map_at_100_std": -0.169675,
        "nauc_map_at_100_diff1": 0.944258,
        "nauc_map_at_1000_max": 0.727166,
        "nauc_map_at_1000_std": -0.169738,
        "nauc_map_at_1000_diff1": 0.944254,
        "nauc_recall_at_1_max": 0.68945,
        "nauc_recall_at_1_std": -0.205749,
        "nauc_recall_at_1_diff1": 0.942318,
        "nauc_recall_at_3_max": 0.896177,
        "nauc_recall_at_3_std": -0.008166,
        "nauc_recall_at_3_diff1": 0.95814,
        "nauc_recall_at_5_max": 0.956438,
        "nauc_recall_at_5_std": 0.15857,
        "nauc_recall_at_5_diff1": 0.959991,
        "nauc_recall_at_10_max": 0.987869,
        "nauc_recall_at_10_std": 0.372413,
        "nauc_recall_at_10_diff1": 0.96014,
        "nauc_recall_at_20_max": 1.0,
        "nauc_recall_at_20_std": 0.605395,
        "nauc_recall_at_20_diff1": 0.972271,
        "nauc_recall_at_100_max": 1.0,
        "nauc_recall_at_100_std": 0.96732,
        "nauc_recall_at_100_diff1": 1.0,
        "nauc_recall_at_1000_max": NaN,
        "nauc_recall_at_1000_std": NaN,
        "nauc_recall_at_1000_diff1": NaN,
        "nauc_precision_at_1_max": 0.68945,
        "nauc_precision_at_1_std": -0.205749,
        "nauc_precision_at_1_diff1": 0.942318,
        "nauc_precision_at_3_max": 0.896177,
        "nauc_precision_at_3_std": -0.008166,
        "nauc_precision_at_3_diff1": 0.95814,
        "nauc_precision_at_5_max": 0.956438,
        "nauc_precision_at_5_std": 0.15857,
        "nauc_precision_at_5_diff1": 0.959991,
        "nauc_precision_at_10_max": 0.987869,
        "nauc_precision_at_10_std": 0.372413,
        "nauc_precision_at_10_diff1": 0.96014,
        "nauc_precision_at_20_max": 1.0,
        "nauc_precision_at_20_std": 0.605395,
        "nauc_precision_at_20_diff1": 0.972271,
        "nauc_precision_at_100_max": 1.0,
        "nauc_precision_at_100_std": 0.96732,
        "nauc_precision_at_100_diff1": 1.0,
        "nauc_precision_at_1000_max": NaN,
        "nauc_precision_at_1000_std": NaN,
        "nauc_precision_at_1000_diff1": NaN,
        "nauc_mrr_at_1_max": 0.68945,
        "nauc_mrr_at_1_std": -0.205749,
        "nauc_mrr_at_1_diff1": 0.942318,
        "nauc_mrr_at_3_max": 0.735197,
        "nauc_mrr_at_3_std": -0.168222,
        "nauc_mrr_at_3_diff1": 0.944996,
        "nauc_mrr_at_5_max": 0.732548,
        "nauc_mrr_at_5_std": -0.164429,
        "nauc_mrr_at_5_diff1": 0.944572,
        "nauc_mrr_at_10_max": 0.728766,
        "nauc_mrr_at_10_std": -0.167369,
        "nauc_mrr_at_10_diff1": 0.944303,
        "nauc_mrr_at_20_max": 0.72764,
        "nauc_mrr_at_20_std": -0.168526,
        "nauc_mrr_at_20_diff1": 0.944297,
        "nauc_mrr_at_100_max": 0.727181,
        "nauc_mrr_at_100_std": -0.169675,
        "nauc_mrr_at_100_diff1": 0.944258,
        "nauc_mrr_at_1000_max": 0.727166,
        "nauc_mrr_at_1000_std": -0.169738,
        "nauc_mrr_at_1000_diff1": 0.944254,
        "hit_rate_at_1": 0.92471,
        "hit_rate_at_3": 0.97872,
        "hit_rate_at_5": 0.98702,
        "hit_rate_at_10": 0.9937,
        "hit_rate_at_20": 0.99685,
        "hit_rate_at_100": 0.99962,
        "hit_rate_at_1000": 1.0,
        "main_score": 0.96293,
        "hf_subset": "default",
        "languages": [
          "eng-Latn"
        ],
        "mteb_version": "2.18.0"
      }
    ]
  },
  "evaluation_time": 67.6758919490967,
  "kg_co2_emissions": null,
  "date": 1784327260.4042,
  "evaluation_phases": [
    {
      "name": "Data loading",
      "start": 0.0,
      "end": 3.9350203670328483,
      "split": "",
      "subset": ""
    },
    {
      "name": "Encoding queries and documents",
      "start": 4.018786221044138,
      "end": 58.98956071701832,
      "split": "test",
      "subset": "default"
    },
    {
      "name": "Scoring",
      "start": 58.98964955203701,
      "end": 67.52765799604822,
      "split": "test",
      "subset": "default"
    }
  ]
}