{
  "dataset_revision": "main",
  "task_name": "BioASQ-RAG-Resplit-Title",
  "mteb_version": "2.18.0",
  "scores": {
    "test": [
      {
        "ndcg_at_1": 0.93756,
        "ndcg_at_3": 0.91846,
        "ndcg_at_5": 0.91038,
        "ndcg_at_10": 0.9099,
        "ndcg_at_20": 0.92238,
        "ndcg_at_100": 0.94307,
        "ndcg_at_1000": 0.94478,
        "map_at_1": 0.32992,
        "map_at_3": 0.52976,
        "map_at_5": 0.6314,
        "map_at_10": 0.75912,
        "map_at_20": 0.84074,
        "map_at_100": 0.88206,
        "map_at_1000": 0.88268,
        "recall_at_1": 0.32992,
        "recall_at_3": 0.54465,
        "recall_at_5": 0.66053,
        "recall_at_10": 0.81009,
        "recall_at_20": 0.91893,
        "recall_at_100": 0.99328,
        "recall_at_1000": 0.99802,
        "accuracy": 0.32992,
        "precision_at_1": 0.93756,
        "precision_at_3": 0.75148,
        "precision_at_5": 0.65312,
        "precision_at_10": 0.50708,
        "precision_at_20": 0.3431,
        "precision_at_100": 0.08721,
        "precision_at_1000": 0.00882,
        "mrr_at_1": 0.937558,
        "mrr_at_3": 0.961945,
        "mrr_at_5": 0.963343,
        "mrr_at_10": 0.963498,
        "mrr_at_20": 0.963498,
        "mrr_at_100": 0.963537,
        "mrr_at_1000": 0.963537,
        "nauc_ndcg_at_1_max": 0.183833,
        "nauc_ndcg_at_1_std": -0.361727,
        "nauc_ndcg_at_1_diff1": 0.515214,
        "nauc_ndcg_at_3_max": 0.234839,
        "nauc_ndcg_at_3_std": -0.461797,
        "nauc_ndcg_at_3_diff1": 0.365633,
        "nauc_ndcg_at_5_max": 0.238552,
        "nauc_ndcg_at_5_std": -0.505726,
        "nauc_ndcg_at_5_diff1": 0.418177,
        "nauc_ndcg_at_10_max": 0.269019,
        "nauc_ndcg_at_10_std": -0.55981,
        "nauc_ndcg_at_10_diff1": 0.428208,
        "nauc_ndcg_at_20_max": 0.271322,
        "nauc_ndcg_at_20_std": -0.636277,
        "nauc_ndcg_at_20_diff1": 0.442764,
        "nauc_ndcg_at_100_max": 0.299173,
        "nauc_ndcg_at_100_std": -0.474863,
        "nauc_ndcg_at_100_diff1": 0.40125,
        "nauc_ndcg_at_1000_max": 0.290439,
        "nauc_ndcg_at_1000_std": -0.458811,
        "nauc_ndcg_at_1000_diff1": 0.400399,
        "nauc_map_at_1_max": -0.0966,
        "nauc_map_at_1_std": -0.515314,
        "nauc_map_at_1_diff1": 0.803164,
        "nauc_map_at_3_max": -0.116418,
        "nauc_map_at_3_std": -0.660483,
        "nauc_map_at_3_diff1": 0.712839,
        "nauc_map_at_5_max": -0.099476,
        "nauc_map_at_5_std": -0.754043,
        "nauc_map_at_5_diff1": 0.674156,
        "nauc_map_at_10_max": 0.031156,
        "nauc_map_at_10_std": -0.837391,
        "nauc_map_at_10_diff1": 0.582665,
        "nauc_map_at_20_max": 0.174199,
        "nauc_map_at_20_std": -0.797868,
        "nauc_map_at_20_diff1": 0.490593,
        "nauc_map_at_100_max": 0.285367,
        "nauc_map_at_100_std": -0.556104,
        "nauc_map_at_100_diff1": 0.421898,
        "nauc_map_at_1000_max": 0.283778,
        "nauc_map_at_1000_std": -0.551735,
        "nauc_map_at_1000_diff1": 0.421703,
        "nauc_recall_at_1_max": -0.0966,
        "nauc_recall_at_1_std": -0.515314,
        "nauc_recall_at_1_diff1": 0.803164,
        "nauc_recall_at_3_max": -0.132034,
        "nauc_recall_at_3_std": -0.67522,
        "nauc_recall_at_3_diff1": 0.703902,
        "nauc_recall_at_5_max": -0.131819,
        "nauc_recall_at_5_std": -0.78048,
        "nauc_recall_at_5_diff1": 0.668018,
        "nauc_recall_at_10_max": -0.025246,
        "nauc_recall_at_10_std": -0.920477,
        "nauc_recall_at_10_diff1": 0.589883,
        "nauc_recall_at_20_max": 0.0919,
        "nauc_recall_at_20_std": -1.090971,
        "nauc_recall_at_20_diff1": 0.53122,
        "nauc_recall_at_100_max": 0.468979,
        "nauc_recall_at_100_std": -0.427692,
        "nauc_recall_at_100_diff1": 0.386361,
        "nauc_recall_at_1000_max": 0.325341,
        "nauc_recall_at_1000_std": 0.193815,
        "nauc_recall_at_1000_diff1": 0.456093,
        "nauc_precision_at_1_max": 0.183833,
        "nauc_precision_at_1_std": -0.361727,
        "nauc_precision_at_1_diff1": 0.515214,
        "nauc_precision_at_3_max": 0.193508,
        "nauc_precision_at_3_std": 0.317709,
        "nauc_precision_at_3_diff1": -0.734964,
        "nauc_precision_at_5_max": 0.212877,
        "nauc_precision_at_5_std": 0.38614,
        "nauc_precision_at_5_diff1": -0.709131,
        "nauc_precision_at_10_max": 0.24541,
        "nauc_precision_at_10_std": 0.483174,
        "nauc_precision_at_10_diff1": -0.639062,
        "nauc_precision_at_20_max": 0.21541,
        "nauc_precision_at_20_std": 0.572334,
        "nauc_precision_at_20_diff1": -0.564213,
        "nauc_precision_at_100_max": 0.159885,
        "nauc_precision_at_100_std": 0.69627,
        "nauc_precision_at_100_diff1": -0.506747,
        "nauc_precision_at_1000_max": 0.150051,
        "nauc_precision_at_1000_std": 0.69911,
        "nauc_precision_at_1000_diff1": -0.502989,
        "nauc_mrr_at_1_max": 0.183833,
        "nauc_mrr_at_1_std": -0.361727,
        "nauc_mrr_at_1_diff1": 0.515214,
        "nauc_mrr_at_3_max": 0.178484,
        "nauc_mrr_at_3_std": -0.416371,
        "nauc_mrr_at_3_diff1": 0.4908,
        "nauc_mrr_at_5_max": 0.190683,
        "nauc_mrr_at_5_std": -0.403055,
        "nauc_mrr_at_5_diff1": 0.496102,
        "nauc_mrr_at_10_max": 0.188421,
        "nauc_mrr_at_10_std": -0.397365,
        "nauc_mrr_at_10_diff1": 0.497689,
        "nauc_mrr_at_20_max": 0.188421,
        "nauc_mrr_at_20_std": -0.397365,
        "nauc_mrr_at_20_diff1": 0.497689,
        "nauc_mrr_at_100_max": 0.187696,
        "nauc_mrr_at_100_std": -0.396563,
        "nauc_mrr_at_100_diff1": 0.497154,
        "nauc_mrr_at_1000_max": 0.187696,
        "nauc_mrr_at_1000_std": -0.396563,
        "nauc_mrr_at_1000_diff1": 0.497154,
        "hit_rate_at_1": 0.93756,
        "hit_rate_at_3": 0.99068,
        "hit_rate_at_5": 0.9972,
        "hit_rate_at_10": 0.99814,
        "hit_rate_at_20": 0.99814,
        "hit_rate_at_100": 0.99907,
        "hit_rate_at_1000": 0.99907,
        "main_score": 0.9099,
        "hf_subset": "default",
        "languages": [
          "eng-Latn"
        ],
        "mteb_version": "2.18.0"
      }
    ]
  },
  "evaluation_time": 1401.8474493130343,
  "kg_co2_emissions": null,
  "date": 1784328579.271946,
  "evaluation_phases": [
    {
      "name": "Data loading",
      "start": 0.0,
      "end": 4.927069711033255,
      "split": "",
      "subset": ""
    },
    {
      "name": "Encoding queries and documents",
      "start": 4.951735430047847,
      "end": 1400.9695308719529,
      "split": "test",
      "subset": "default"
    },
    {
      "name": "Scoring",
      "start": 1400.9695673530223,
      "end": 1401.8140395339578,
      "split": "test",
      "subset": "default"
    }
  ]
}