{
  "dataset_revision": "main",
  "task_name": "TelcoDPR-RAG-Title",
  "mteb_version": "2.18.0",
  "scores": {
    "test": [
      {
        "ndcg_at_1": 0.54302,
        "ndcg_at_3": 0.7004,
        "ndcg_at_5": 0.73932,
        "ndcg_at_10": 0.75759,
        "ndcg_at_20": 0.76315,
        "ndcg_at_100": 0.7669,
        "ndcg_at_1000": 0.7669,
        "map_at_1": 0.54302,
        "map_at_3": 0.66221,
        "map_at_5": 0.684,
        "map_at_10": 0.69174,
        "map_at_20": 0.6934,
        "map_at_100": 0.694,
        "map_at_1000": 0.694,
        "recall_at_1": 0.54302,
        "recall_at_3": 0.81071,
        "recall_at_5": 0.9044,
        "recall_at_10": 0.95985,
        "recall_at_20": 0.98088,
        "recall_at_100": 1.0,
        "recall_at_1000": 1.0,
        "accuracy": 0.54302,
        "precision_at_1": 0.54302,
        "precision_at_3": 0.27024,
        "precision_at_5": 0.18088,
        "precision_at_10": 0.09598,
        "precision_at_20": 0.04904,
        "precision_at_100": 0.01,
        "precision_at_1000": 0.001,
        "mrr_at_1": 0.543021,
        "mrr_at_3": 0.662205,
        "mrr_at_5": 0.684003,
        "mrr_at_10": 0.691744,
        "mrr_at_20": 0.693397,
        "mrr_at_100": 0.694002,
        "mrr_at_1000": 0.694002,
        "nauc_ndcg_at_1_max": 0.090903,
        "nauc_ndcg_at_1_std": -0.215466,
        "nauc_ndcg_at_1_diff1": 0.43293,
        "nauc_ndcg_at_3_max": 0.174298,
        "nauc_ndcg_at_3_std": -0.266643,
        "nauc_ndcg_at_3_diff1": 0.421466,
        "nauc_ndcg_at_5_max": 0.187466,
        "nauc_ndcg_at_5_std": -0.233627,
        "nauc_ndcg_at_5_diff1": 0.405104,
        "nauc_ndcg_at_10_max": 0.166207,
        "nauc_ndcg_at_10_std": -0.227404,
        "nauc_ndcg_at_10_diff1": 0.404374,
        "nauc_ndcg_at_20_max": 0.153946,
        "nauc_ndcg_at_20_std": -0.230544,
        "nauc_ndcg_at_20_diff1": 0.397096,
        "nauc_ndcg_at_100_max": 0.15317,
        "nauc_ndcg_at_100_std": -0.233188,
        "nauc_ndcg_at_100_diff1": 0.411879,
        "nauc_ndcg_at_1000_max": 0.15317,
        "nauc_ndcg_at_1000_std": -0.233188,
        "nauc_ndcg_at_1000_diff1": 0.411879,
        "nauc_map_at_1_max": 0.090903,
        "nauc_map_at_1_std": -0.215466,
        "nauc_map_at_1_diff1": 0.43293,
        "nauc_map_at_3_max": 0.154017,
        "nauc_map_at_3_std": -0.249529,
        "nauc_map_at_3_diff1": 0.424838,
        "nauc_map_at_5_max": 0.158852,
        "nauc_map_at_5_std": -0.231993,
        "nauc_map_at_5_diff1": 0.417072,
        "nauc_map_at_10_max": 0.150761,
        "nauc_map_at_10_std": -0.230836,
        "nauc_map_at_10_diff1": 0.417219,
        "nauc_map_at_20_max": 0.147883,
        "nauc_map_at_20_std": -0.231679,
        "nauc_map_at_20_diff1": 0.415563,
        "nauc_map_at_100_max": 0.147599,
        "nauc_map_at_100_std": -0.232102,
        "nauc_map_at_100_diff1": 0.417245,
        "nauc_map_at_1000_max": 0.147599,
        "nauc_map_at_1000_std": -0.232102,
        "nauc_map_at_1000_diff1": 0.417245,
        "nauc_recall_at_1_max": 0.090903,
        "nauc_recall_at_1_std": -0.215466,
        "nauc_recall_at_1_diff1": 0.43293,
        "nauc_recall_at_3_max": 0.259283,
        "nauc_recall_at_3_std": -0.341962,
        "nauc_recall_at_3_diff1": 0.406882,
        "nauc_recall_at_5_max": 0.400224,
        "nauc_recall_at_5_std": -0.237868,
        "nauc_recall_at_5_diff1": 0.31065,
        "nauc_recall_at_10_max": 0.384852,
        "nauc_recall_at_10_std": -0.122397,
        "nauc_recall_at_10_diff1": 0.169159,
        "nauc_recall_at_20_max": 0.166678,
        "nauc_recall_at_20_std": -0.113549,
        "nauc_recall_at_20_diff1": -0.353065,
        "nauc_recall_at_100_max": NaN,
        "nauc_recall_at_100_std": NaN,
        "nauc_recall_at_100_diff1": NaN,
        "nauc_recall_at_1000_max": NaN,
        "nauc_recall_at_1000_std": NaN,
        "nauc_recall_at_1000_diff1": NaN,
        "nauc_precision_at_1_max": 0.090903,
        "nauc_precision_at_1_std": -0.215466,
        "nauc_precision_at_1_diff1": 0.43293,
        "nauc_precision_at_3_max": 0.259283,
        "nauc_precision_at_3_std": -0.341962,
        "nauc_precision_at_3_diff1": 0.406882,
        "nauc_precision_at_5_max": 0.400224,
        "nauc_precision_at_5_std": -0.237868,
        "nauc_precision_at_5_diff1": 0.31065,
        "nauc_precision_at_10_max": 0.384852,
        "nauc_precision_at_10_std": -0.122397,
        "nauc_precision_at_10_diff1": 0.169159,
        "nauc_precision_at_20_max": 0.166678,
        "nauc_precision_at_20_std": -0.113549,
        "nauc_precision_at_20_diff1": -0.353065,
        "nauc_precision_at_100_max": 1.0,
        "nauc_precision_at_100_std": 1.0,
        "nauc_precision_at_100_diff1": 1.0,
        "nauc_precision_at_1000_max": 1.0,
        "nauc_precision_at_1000_std": 1.0,
        "nauc_precision_at_1000_diff1": 1.0,
        "nauc_mrr_at_1_max": 0.090903,
        "nauc_mrr_at_1_std": -0.215466,
        "nauc_mrr_at_1_diff1": 0.43293,
        "nauc_mrr_at_3_max": 0.154017,
        "nauc_mrr_at_3_std": -0.249529,
        "nauc_mrr_at_3_diff1": 0.424838,
        "nauc_mrr_at_5_max": 0.158852,
        "nauc_mrr_at_5_std": -0.231993,
        "nauc_mrr_at_5_diff1": 0.417072,
        "nauc_mrr_at_10_max": 0.150761,
        "nauc_mrr_at_10_std": -0.230836,
        "nauc_mrr_at_10_diff1": 0.417219,
        "nauc_mrr_at_20_max": 0.147883,
        "nauc_mrr_at_20_std": -0.231679,
        "nauc_mrr_at_20_diff1": 0.415563,
        "nauc_mrr_at_100_max": 0.147599,
        "nauc_mrr_at_100_std": -0.232102,
        "nauc_mrr_at_100_diff1": 0.417245,
        "nauc_mrr_at_1000_max": 0.147599,
        "nauc_mrr_at_1000_std": -0.232102,
        "nauc_mrr_at_1000_diff1": 0.417245,
        "hit_rate_at_1": 0.54302,
        "hit_rate_at_3": 0.81071,
        "hit_rate_at_5": 0.9044,
        "hit_rate_at_10": 0.95985,
        "hit_rate_at_20": 0.98088,
        "hit_rate_at_100": 1.0,
        "hit_rate_at_1000": 1.0,
        "main_score": 0.75759,
        "hf_subset": "default",
        "languages": [
          "eng-Latn"
        ],
        "mteb_version": "2.18.0"
      }
    ]
  },
  "evaluation_time": 441.0335318648722,
  "kg_co2_emissions": null,
  "date": 1784327618.457241,
  "evaluation_phases": [
    {
      "name": "Data loading",
      "start": 0.0,
      "end": 3.833290251903236,
      "split": "",
      "subset": ""
    },
    {
      "name": "Encoding queries and documents",
      "start": 3.844042206997983,
      "end": 440.5784207249526,
      "split": "test",
      "subset": "default"
    },
    {
      "name": "Scoring",
      "start": 440.57845733396243,
      "end": 441.0084200009005,
      "split": "test",
      "subset": "default"
    }
  ]
}