{
  "dataset_revision": "main",
  "task_name": "QASPER-RAG-ctx-rfg",
  "mteb_version": "2.18.0",
  "scores": {
    "test": [
      {
        "ndcg_at_1": 0.15954,
        "ndcg_at_3": 0.14851,
        "ndcg_at_5": 0.15588,
        "ndcg_at_10": 0.16855,
        "ndcg_at_20": 0.18646,
        "ndcg_at_100": 0.21585,
        "ndcg_at_1000": 0.24212,
        "map_at_1": 0.09204,
        "map_at_3": 0.11528,
        "map_at_5": 0.12449,
        "map_at_10": 0.13305,
        "map_at_20": 0.13976,
        "map_at_100": 0.14588,
        "map_at_1000": 0.14713,
        "recall_at_1": 0.09204,
        "recall_at_3": 0.13637,
        "recall_at_5": 0.16604,
        "recall_at_10": 0.20353,
        "recall_at_20": 0.26153,
        "recall_at_100": 0.38632,
        "recall_at_1000": 0.55489,
        "accuracy": 0.09204,
        "precision_at_1": 0.15954,
        "precision_at_3": 0.08855,
        "precision_at_5": 0.06641,
        "precision_at_10": 0.0442,
        "precision_at_20": 0.02977,
        "precision_at_100": 0.00973,
        "precision_at_1000": 0.00142,
        "mrr_at_1": 0.159542,
        "mrr_at_3": 0.188295,
        "mrr_at_5": 0.196158,
        "mrr_at_10": 0.202231,
        "mrr_at_20": 0.206557,
        "mrr_at_100": 0.209673,
        "mrr_at_1000": 0.210309,
        "nauc_ndcg_at_1_max": 0.352569,
        "nauc_ndcg_at_1_std": -0.009955,
        "nauc_ndcg_at_1_diff1": 0.55667,
        "nauc_ndcg_at_3_max": 0.365257,
        "nauc_ndcg_at_3_std": 0.008467,
        "nauc_ndcg_at_3_diff1": 0.529196,
        "nauc_ndcg_at_5_max": 0.360699,
        "nauc_ndcg_at_5_std": 0.004146,
        "nauc_ndcg_at_5_diff1": 0.518507,
        "nauc_ndcg_at_10_max": 0.375258,
        "nauc_ndcg_at_10_std": 0.025227,
        "nauc_ndcg_at_10_diff1": 0.50719,
        "nauc_ndcg_at_20_max": 0.406624,
        "nauc_ndcg_at_20_std": 0.059635,
        "nauc_ndcg_at_20_diff1": 0.504782,
        "nauc_ndcg_at_100_max": 0.439008,
        "nauc_ndcg_at_100_std": 0.094869,
        "nauc_ndcg_at_100_diff1": 0.510584,
        "nauc_ndcg_at_1000_max": 0.454102,
        "nauc_ndcg_at_1000_std": 0.094785,
        "nauc_ndcg_at_1000_diff1": 0.520711,
        "nauc_map_at_1_max": 0.309418,
        "nauc_map_at_1_std": -0.060462,
        "nauc_map_at_1_diff1": 0.535579,
        "nauc_map_at_3_max": 0.332639,
        "nauc_map_at_3_std": -0.02301,
        "nauc_map_at_3_diff1": 0.524403,
        "nauc_map_at_5_max": 0.338368,
        "nauc_map_at_5_std": -0.017683,
        "nauc_map_at_5_diff1": 0.519521,
        "nauc_map_at_10_max": 0.356112,
        "nauc_map_at_10_std": 0.00238,
        "nauc_map_at_10_diff1": 0.516901,
        "nauc_map_at_20_max": 0.37262,
        "nauc_map_at_20_std": 0.0213,
        "nauc_map_at_20_diff1": 0.516603,
        "nauc_map_at_100_max": 0.383633,
        "nauc_map_at_100_std": 0.037633,
        "nauc_map_at_100_diff1": 0.519333,
        "nauc_map_at_1000_max": 0.384839,
        "nauc_map_at_1000_std": 0.038302,
        "nauc_map_at_1000_diff1": 0.519421,
        "nauc_recall_at_1_max": 0.309418,
        "nauc_recall_at_1_std": -0.060462,
        "nauc_recall_at_1_diff1": 0.535579,
        "nauc_recall_at_3_max": 0.333692,
        "nauc_recall_at_3_std": -0.00111,
        "nauc_recall_at_3_diff1": 0.487225,
        "nauc_recall_at_5_max": 0.329252,
        "nauc_recall_at_5_std": -0.004476,
        "nauc_recall_at_5_diff1": 0.463351,
        "nauc_recall_at_10_max": 0.377557,
        "nauc_recall_at_10_std": 0.054906,
        "nauc_recall_at_10_diff1": 0.453997,
        "nauc_recall_at_20_max": 0.438094,
        "nauc_recall_at_20_std": 0.12559,
        "nauc_recall_at_20_diff1": 0.430101,
        "nauc_recall_at_100_max": 0.508709,
        "nauc_recall_at_100_std": 0.206902,
        "nauc_recall_at_100_diff1": 0.434428,
        "nauc_recall_at_1000_max": 0.587061,
        "nauc_recall_at_1000_std": 0.208293,
        "nauc_recall_at_1000_diff1": 0.498049,
        "nauc_precision_at_1_max": 0.352569,
        "nauc_precision_at_1_std": -0.009955,
        "nauc_precision_at_1_diff1": 0.55667,
        "nauc_precision_at_3_max": 0.399578,
        "nauc_precision_at_3_std": 0.065583,
        "nauc_precision_at_3_diff1": 0.512039,
        "nauc_precision_at_5_max": 0.400583,
        "nauc_precision_at_5_std": 0.08576,
        "nauc_precision_at_5_diff1": 0.476683,
        "nauc_precision_at_10_max": 0.438698,
        "nauc_precision_at_10_std": 0.143126,
        "nauc_precision_at_10_diff1": 0.443693,
        "nauc_precision_at_20_max": 0.486389,
        "nauc_precision_at_20_std": 0.225891,
        "nauc_precision_at_20_diff1": 0.421527,
        "nauc_precision_at_100_max": 0.494461,
        "nauc_precision_at_100_std": 0.318909,
        "nauc_precision_at_100_diff1": 0.383024,
        "nauc_precision_at_1000_max": 0.442005,
        "nauc_precision_at_1000_std": 0.252888,
        "nauc_precision_at_1000_diff1": 0.322685,
        "nauc_mrr_at_1_max": 0.352569,
        "nauc_mrr_at_1_std": -0.009955,
        "nauc_mrr_at_1_diff1": 0.55667,
        "nauc_mrr_at_3_max": 0.360964,
        "nauc_mrr_at_3_std": 0.009679,
        "nauc_mrr_at_3_diff1": 0.531046,
        "nauc_mrr_at_5_max": 0.362,
        "nauc_mrr_at_5_std": 0.009485,
        "nauc_mrr_at_5_diff1": 0.528221,
        "nauc_mrr_at_10_max": 0.37033,
        "nauc_mrr_at_10_std": 0.015844,
        "nauc_mrr_at_10_diff1": 0.528656,
        "nauc_mrr_at_20_max": 0.375605,
        "nauc_mrr_at_20_std": 0.019806,
        "nauc_mrr_at_20_diff1": 0.52768,
        "nauc_mrr_at_100_max": 0.378019,
        "nauc_mrr_at_100_std": 0.020897,
        "nauc_mrr_at_100_diff1": 0.52751,
        "nauc_mrr_at_1000_max": 0.378395,
        "nauc_mrr_at_1000_std": 0.020982,
        "nauc_mrr_at_1000_diff1": 0.527994,
        "hit_rate_at_1": 0.15954,
        "hit_rate_at_3": 0.22595,
        "hit_rate_at_5": 0.26031,
        "hit_rate_at_10": 0.30382,
        "hit_rate_at_20": 0.36565,
        "hit_rate_at_100": 0.49008,
        "hit_rate_at_1000": 0.64504,
        "main_score": 0.16855,
        "hf_subset": "default",
        "languages": [
          "eng-Latn"
        ],
        "mteb_version": "2.18.0"
      }
    ]
  },
  "evaluation_time": 160.10547489998862,
  "kg_co2_emissions": null,
  "date": 1784437369.419696,
  "evaluation_phases": [
    {
      "name": "Data loading",
      "start": 0.0,
      "end": 3.599450063891709,
      "split": "",
      "subset": ""
    },
    {
      "name": "Encoding queries and documents",
      "start": 3.616284801857546,
      "end": 158.846661839867,
      "split": "test",
      "subset": "default"
    },
    {
      "name": "Scoring",
      "start": 158.84669550904073,
      "end": 160.05148570798337,
      "split": "test",
      "subset": "default"
    }
  ]
}