{
  "dataset_revision": "main",
  "task_name": "BioASQ-RAG-Resplit-Title",
  "mteb_version": "2.18.0",
  "scores": {
    "test": [
      {
        "ndcg_at_1": 0.97018,
        "ndcg_at_3": 0.95055,
        "ndcg_at_5": 0.93931,
        "ndcg_at_10": 0.93492,
        "ndcg_at_20": 0.9447,
        "ndcg_at_100": 0.96161,
        "ndcg_at_1000": 0.9628,
        "map_at_1": 0.34315,
        "map_at_3": 0.55551,
        "map_at_5": 0.66148,
        "map_at_10": 0.79183,
        "map_at_20": 0.87291,
        "map_at_100": 0.9125,
        "map_at_1000": 0.913,
        "recall_at_1": 0.34315,
        "recall_at_3": 0.56506,
        "recall_at_5": 0.67878,
        "recall_at_10": 0.82611,
        "recall_at_20": 0.93008,
        "recall_at_100": 0.99506,
        "recall_at_1000": 0.99802,
        "accuracy": 0.34315,
        "precision_at_1": 0.97018,
        "precision_at_3": 0.77943,
        "precision_at_5": 0.67437,
        "precision_at_10": 0.5178,
        "precision_at_20": 0.348,
        "precision_at_100": 0.08746,
        "precision_at_1000": 0.00882,
        "mrr_at_1": 0.970177,
        "mrr_at_3": 0.982137,
        "mrr_at_5": 0.982603,
        "mrr_at_10": 0.98272,
        "mrr_at_20": 0.98272,
        "mrr_at_100": 0.98272,
        "mrr_at_1000": 0.98272,
        "nauc_ndcg_at_1_max": 0.065806,
        "nauc_ndcg_at_1_std": -0.676901,
        "nauc_ndcg_at_1_diff1": 0.490506,
        "nauc_ndcg_at_3_max": 0.127918,
        "nauc_ndcg_at_3_std": -0.550427,
        "nauc_ndcg_at_3_diff1": 0.257426,
        "nauc_ndcg_at_5_max": 0.188104,
        "nauc_ndcg_at_5_std": -0.53461,
        "nauc_ndcg_at_5_diff1": 0.304572,
        "nauc_ndcg_at_10_max": 0.211177,
        "nauc_ndcg_at_10_std": -0.625801,
        "nauc_ndcg_at_10_diff1": 0.385752,
        "nauc_ndcg_at_20_max": 0.274996,
        "nauc_ndcg_at_20_std": -0.71975,
        "nauc_ndcg_at_20_diff1": 0.424381,
        "nauc_ndcg_at_100_max": 0.255604,
        "nauc_ndcg_at_100_std": -0.569281,
        "nauc_ndcg_at_100_diff1": 0.354613,
        "nauc_ndcg_at_1000_max": 0.240443,
        "nauc_ndcg_at_1000_std": -0.555083,
        "nauc_ndcg_at_1000_diff1": 0.347836,
        "nauc_map_at_1_max": 0.062195,
        "nauc_map_at_1_std": -0.505122,
        "nauc_map_at_1_diff1": 0.771162,
        "nauc_map_at_3_max": 0.067258,
        "nauc_map_at_3_std": -0.653999,
        "nauc_map_at_3_diff1": 0.679719,
        "nauc_map_at_5_max": 0.092675,
        "nauc_map_at_5_std": -0.753881,
        "nauc_map_at_5_diff1": 0.642634,
        "nauc_map_at_10_max": 0.169034,
        "nauc_map_at_10_std": -0.873606,
        "nauc_map_at_10_diff1": 0.581154,
        "nauc_map_at_20_max": 0.253664,
        "nauc_map_at_20_std": -0.872188,
        "nauc_map_at_20_diff1": 0.496175,
        "nauc_map_at_100_max": 0.267991,
        "nauc_map_at_100_std": -0.625703,
        "nauc_map_at_100_diff1": 0.384821,
        "nauc_map_at_1000_max": 0.265261,
        "nauc_map_at_1000_std": -0.622003,
        "nauc_map_at_1000_diff1": 0.3834,
        "nauc_recall_at_1_max": 0.062195,
        "nauc_recall_at_1_std": -0.505122,
        "nauc_recall_at_1_diff1": 0.771162,
        "nauc_recall_at_3_max": 0.061038,
        "nauc_recall_at_3_std": -0.652679,
        "nauc_recall_at_3_diff1": 0.675935,
        "nauc_recall_at_5_max": 0.08345,
        "nauc_recall_at_5_std": -0.759327,
        "nauc_recall_at_5_diff1": 0.648726,
        "nauc_recall_at_10_max": 0.154771,
        "nauc_recall_at_10_std": -0.925426,
        "nauc_recall_at_10_diff1": 0.612961,
        "nauc_recall_at_20_max": 0.287248,
        "nauc_recall_at_20_std": -1.091935,
        "nauc_recall_at_20_diff1": 0.592209,
        "nauc_recall_at_100_max": 0.54219,
        "nauc_recall_at_100_std": -0.389073,
        "nauc_recall_at_100_diff1": 0.508831,
        "nauc_recall_at_1000_max": 0.349213,
        "nauc_recall_at_1000_std": 0.185894,
        "nauc_recall_at_1000_diff1": 0.567805,
        "nauc_precision_at_1_max": 0.065806,
        "nauc_precision_at_1_std": -0.676901,
        "nauc_precision_at_1_diff1": 0.490506,
        "nauc_precision_at_3_max": -0.030717,
        "nauc_precision_at_3_std": 0.373354,
        "nauc_precision_at_3_diff1": -0.839892,
        "nauc_precision_at_5_max": -0.008293,
        "nauc_precision_at_5_std": 0.426579,
        "nauc_precision_at_5_diff1": -0.7635,
        "nauc_precision_at_10_max": -0.000575,
        "nauc_precision_at_10_std": 0.493668,
        "nauc_precision_at_10_diff1": -0.648233,
        "nauc_precision_at_20_max": -0.021845,
        "nauc_precision_at_20_std": 0.569223,
        "nauc_precision_at_20_diff1": -0.570501,
        "nauc_precision_at_100_max": -0.074244,
        "nauc_precision_at_100_std": 0.674309,
        "nauc_precision_at_100_diff1": -0.523238,
        "nauc_precision_at_1000_max": -0.080042,
        "nauc_precision_at_1000_std": 0.675283,
        "nauc_precision_at_1000_diff1": -0.521143,
        "nauc_mrr_at_1_max": 0.065806,
        "nauc_mrr_at_1_std": -0.676901,
        "nauc_mrr_at_1_diff1": 0.490506,
        "nauc_mrr_at_3_max": 0.08664,
        "nauc_mrr_at_3_std": -0.706447,
        "nauc_mrr_at_3_diff1": 0.505365,
        "nauc_mrr_at_5_max": 0.072522,
        "nauc_mrr_at_5_std": -0.694555,
        "nauc_mrr_at_5_diff1": 0.499838,
        "nauc_mrr_at_10_max": 0.076808,
        "nauc_mrr_at_10_std": -0.687505,
        "nauc_mrr_at_10_diff1": 0.499472,
        "nauc_mrr_at_20_max": 0.076808,
        "nauc_mrr_at_20_std": -0.687505,
        "nauc_mrr_at_20_diff1": 0.499472,
        "nauc_mrr_at_100_max": 0.076808,
        "nauc_mrr_at_100_std": -0.687505,
        "nauc_mrr_at_100_diff1": 0.499472,
        "nauc_mrr_at_1000_max": 0.076808,
        "nauc_mrr_at_1000_std": -0.687505,
        "nauc_mrr_at_1000_diff1": 0.499472,
        "hit_rate_at_1": 0.97018,
        "hit_rate_at_3": 0.99627,
        "hit_rate_at_5": 0.99814,
        "hit_rate_at_10": 0.99907,
        "hit_rate_at_20": 0.99907,
        "hit_rate_at_100": 0.99907,
        "hit_rate_at_1000": 0.99907,
        "main_score": 0.93492,
        "hf_subset": "default",
        "languages": [
          "eng-Latn"
        ],
        "mteb_version": "2.18.0"
      }
    ]
  },
  "evaluation_time": 318.28490614995826,
  "kg_co2_emissions": null,
  "date": 1784325582.761607,
  "evaluation_phases": [
    {
      "name": "Data loading",
      "start": 0.0,
      "end": 5.0095943519845605,
      "split": "",
      "subset": ""
    },
    {
      "name": "Encoding queries and documents",
      "start": 5.0346526260254905,
      "end": 317.3539667520672,
      "split": "test",
      "subset": "default"
    },
    {
      "name": "Scoring",
      "start": 317.3540057200007,
      "end": 318.2416867100401,
      "split": "test",
      "subset": "default"
    }
  ]
}