{
  "dataset_revision": "main",
  "task_name": "BioASQ-RAG-Resplit-ctx-rfg",
  "mteb_version": "2.18.0",
  "scores": {
    "test": [
      {
        "ndcg_at_1": 0.82199,
        "ndcg_at_3": 0.806,
        "ndcg_at_5": 0.7999,
        "ndcg_at_10": 0.80613,
        "ndcg_at_20": 0.82802,
        "ndcg_at_100": 0.86571,
        "ndcg_at_1000": 0.87162,
        "map_at_1": 0.28748,
        "map_at_3": 0.44818,
        "map_at_5": 0.53221,
        "map_at_10": 0.6465,
        "map_at_20": 0.72609,
        "map_at_100": 0.77203,
        "map_at_1000": 0.77334,
        "recall_at_1": 0.28748,
        "recall_at_3": 0.47109,
        "recall_at_5": 0.57177,
        "recall_at_10": 0.72616,
        "recall_at_20": 0.85247,
        "recall_at_100": 0.97455,
        "recall_at_1000": 0.99591,
        "accuracy": 0.28748,
        "precision_at_1": 0.82199,
        "precision_at_3": 0.65486,
        "precision_at_5": 0.57335,
        "precision_at_10": 0.45573,
        "precision_at_20": 0.31803,
        "precision_at_100": 0.08578,
        "precision_at_1000": 0.00881,
        "mrr_at_1": 0.821994,
        "mrr_at_3": 0.865642,
        "mrr_at_5": 0.870861,
        "mrr_at_10": 0.874581,
        "mrr_at_20": 0.875407,
        "mrr_at_100": 0.875991,
        "mrr_at_1000": 0.876001,
        "nauc_ndcg_at_1_max": 0.278949,
        "nauc_ndcg_at_1_std": -0.409831,
        "nauc_ndcg_at_1_diff1": 0.454923,
        "nauc_ndcg_at_3_max": 0.236544,
        "nauc_ndcg_at_3_std": -0.400644,
        "nauc_ndcg_at_3_diff1": 0.344824,
        "nauc_ndcg_at_5_max": 0.21713,
        "nauc_ndcg_at_5_std": -0.398244,
        "nauc_ndcg_at_5_diff1": 0.323198,
        "nauc_ndcg_at_10_max": 0.21417,
        "nauc_ndcg_at_10_std": -0.441409,
        "nauc_ndcg_at_10_diff1": 0.320267,
        "nauc_ndcg_at_20_max": 0.218687,
        "nauc_ndcg_at_20_std": -0.475317,
        "nauc_ndcg_at_20_diff1": 0.316514,
        "nauc_ndcg_at_100_max": 0.24259,
        "nauc_ndcg_at_100_std": -0.356214,
        "nauc_ndcg_at_100_diff1": 0.310838,
        "nauc_ndcg_at_1000_max": 0.240592,
        "nauc_ndcg_at_1000_std": -0.356177,
        "nauc_ndcg_at_1000_diff1": 0.319433,
        "nauc_map_at_1_max": 0.144514,
        "nauc_map_at_1_std": -0.48866,
        "nauc_map_at_1_diff1": 0.631233,
        "nauc_map_at_3_max": 0.107874,
        "nauc_map_at_3_std": -0.59684,
        "nauc_map_at_3_diff1": 0.537969,
        "nauc_map_at_5_max": 0.109939,
        "nauc_map_at_5_std": -0.636454,
        "nauc_map_at_5_diff1": 0.48501,
        "nauc_map_at_10_max": 0.152041,
        "nauc_map_at_10_std": -0.656643,
        "nauc_map_at_10_diff1": 0.417604,
        "nauc_map_at_20_max": 0.198839,
        "nauc_map_at_20_std": -0.58066,
        "nauc_map_at_20_diff1": 0.355919,
        "nauc_map_at_100_max": 0.221619,
        "nauc_map_at_100_std": -0.401801,
        "nauc_map_at_100_diff1": 0.304788,
        "nauc_map_at_1000_max": 0.220956,
        "nauc_map_at_1000_std": -0.3993,
        "nauc_map_at_1000_diff1": 0.304691,
        "nauc_recall_at_1_max": 0.144514,
        "nauc_recall_at_1_std": -0.48866,
        "nauc_recall_at_1_diff1": 0.631233,
        "nauc_recall_at_3_max": 0.088209,
        "nauc_recall_at_3_std": -0.606523,
        "nauc_recall_at_3_diff1": 0.515787,
        "nauc_recall_at_5_max": 0.073554,
        "nauc_recall_at_5_std": -0.665435,
        "nauc_recall_at_5_diff1": 0.461537,
        "nauc_recall_at_10_max": 0.108237,
        "nauc_recall_at_10_std": -0.750895,
        "nauc_recall_at_10_diff1": 0.401713,
        "nauc_recall_at_20_max": 0.151927,
        "nauc_recall_at_20_std": -0.781439,
        "nauc_recall_at_20_diff1": 0.329495,
        "nauc_recall_at_100_max": 0.226689,
        "nauc_recall_at_100_std": -0.008339,
        "nauc_recall_at_100_diff1": 0.009248,
        "nauc_recall_at_1000_max": 0.110001,
        "nauc_recall_at_1000_std": 0.483893,
        "nauc_recall_at_1000_diff1": -0.103286,
        "nauc_precision_at_1_max": 0.278949,
        "nauc_precision_at_1_std": -0.409831,
        "nauc_precision_at_1_diff1": 0.454923,
        "nauc_precision_at_3_max": 0.04879,
        "nauc_precision_at_3_std": 0.076034,
        "nauc_precision_at_3_diff1": -0.281208,
        "nauc_precision_at_5_max": 0.03056,
        "nauc_precision_at_5_std": 0.200459,
        "nauc_precision_at_5_diff1": -0.361714,
        "nauc_precision_at_10_max": 0.04524,
        "nauc_precision_at_10_std": 0.337666,
        "nauc_precision_at_10_diff1": -0.382119,
        "nauc_precision_at_20_max": 0.037832,
        "nauc_precision_at_20_std": 0.463056,
        "nauc_precision_at_20_diff1": -0.371574,
        "nauc_precision_at_100_max": 0.007508,
        "nauc_precision_at_100_std": 0.640777,
        "nauc_precision_at_100_diff1": -0.363582,
        "nauc_precision_at_1000_max": -0.001353,
        "nauc_precision_at_1000_std": 0.642565,
        "nauc_precision_at_1000_diff1": -0.361675,
        "nauc_mrr_at_1_max": 0.278949,
        "nauc_mrr_at_1_std": -0.409831,
        "nauc_mrr_at_1_diff1": 0.454923,
        "nauc_mrr_at_3_max": 0.275557,
        "nauc_mrr_at_3_std": -0.438961,
        "nauc_mrr_at_3_diff1": 0.440166,
        "nauc_mrr_at_5_max": 0.271563,
        "nauc_mrr_at_5_std": -0.437444,
        "nauc_mrr_at_5_diff1": 0.441977,
        "nauc_mrr_at_10_max": 0.272839,
        "nauc_mrr_at_10_std": -0.434553,
        "nauc_mrr_at_10_diff1": 0.440241,
        "nauc_mrr_at_20_max": 0.272911,
        "nauc_mrr_at_20_std": -0.434121,
        "nauc_mrr_at_20_diff1": 0.441381,
        "nauc_mrr_at_100_max": 0.274047,
        "nauc_mrr_at_100_std": -0.432191,
        "nauc_mrr_at_100_diff1": 0.441887,
        "nauc_mrr_at_1000_max": 0.273992,
        "nauc_mrr_at_1000_std": -0.432274,
        "nauc_mrr_at_1000_diff1": 0.441888,
        "hit_rate_at_1": 0.82199,
        "hit_rate_at_3": 0.91705,
        "hit_rate_at_5": 0.93942,
        "hit_rate_at_10": 0.96831,
        "hit_rate_at_20": 0.9795,
        "hit_rate_at_100": 0.99627,
        "hit_rate_at_1000": 0.99814,
        "main_score": 0.80613,
        "hf_subset": "default",
        "languages": [
          "eng-Latn"
        ],
        "mteb_version": "2.18.0"
      }
    ]
  },
  "evaluation_time": 308.02079323004,
  "kg_co2_emissions": null,
  "date": 1784426630.683315,
  "evaluation_phases": [
    {
      "name": "Data loading",
      "start": 0.0,
      "end": 3.607002050150186,
      "split": "",
      "subset": ""
    },
    {
      "name": "Encoding queries and documents",
      "start": 3.631310184020549,
      "end": 307.13413915317506,
      "split": "test",
      "subset": "default"
    },
    {
      "name": "Scoring",
      "start": 307.1341736370232,
      "end": 307.98566579213366,
      "split": "test",
      "subset": "default"
    }
  ]
}