{
  "dataset_revision": "main",
  "task_name": "QASPER-RAG-Strict",
  "mteb_version": "2.16.3",
  "scores": {
    "test": [
      {
        "ndcg_at_1": 0.07639,
        "ndcg_at_3": 0.0836,
        "ndcg_at_5": 0.09184,
        "ndcg_at_10": 0.10737,
        "ndcg_at_20": 0.12298,
        "ndcg_at_100": 0.15143,
        "ndcg_at_1000": 0.17955,
        "map_at_1": 0.04452,
        "map_at_3": 0.06442,
        "map_at_5": 0.07128,
        "map_at_10": 0.07924,
        "map_at_20": 0.08481,
        "map_at_100": 0.08997,
        "map_at_1000": 0.09113,
        "recall_at_1": 0.04452,
        "recall_at_3": 0.08545,
        "recall_at_5": 0.10803,
        "recall_at_10": 0.15058,
        "recall_at_20": 0.20023,
        "recall_at_100": 0.3243,
        "recall_at_1000": 0.5087,
        "accuracy": 0.04452,
        "precision_at_1": 0.07639,
        "precision_at_3": 0.0522,
        "precision_at_5": 0.04156,
        "precision_at_10": 0.03025,
        "precision_at_20": 0.02112,
        "precision_at_100": 0.0072,
        "precision_at_1000": 0.00118,
        "mrr_at_1": 0.076394,
        "mrr_at_3": 0.103514,
        "mrr_at_5": 0.110351,
        "mrr_at_10": 0.117144,
        "mrr_at_20": 0.120613,
        "mrr_at_100": 0.123601,
        "mrr_at_1000": 0.124299,
        "nauc_ndcg_at_1_max": 0.197558,
        "nauc_ndcg_at_1_std": 0.210404,
        "nauc_ndcg_at_1_diff1": 0.277913,
        "nauc_ndcg_at_3_max": 0.168481,
        "nauc_ndcg_at_3_std": 0.242326,
        "nauc_ndcg_at_3_diff1": 0.247752,
        "nauc_ndcg_at_5_max": 0.185887,
        "nauc_ndcg_at_5_std": 0.267243,
        "nauc_ndcg_at_5_diff1": 0.232004,
        "nauc_ndcg_at_10_max": 0.214462,
        "nauc_ndcg_at_10_std": 0.301106,
        "nauc_ndcg_at_10_diff1": 0.227879,
        "nauc_ndcg_at_20_max": 0.245514,
        "nauc_ndcg_at_20_std": 0.333364,
        "nauc_ndcg_at_20_diff1": 0.221228,
        "nauc_ndcg_at_100_max": 0.272579,
        "nauc_ndcg_at_100_std": 0.377087,
        "nauc_ndcg_at_100_diff1": 0.198587,
        "nauc_ndcg_at_1000_max": 0.274896,
        "nauc_ndcg_at_1000_std": 0.385189,
        "nauc_ndcg_at_1000_diff1": 0.191959,
        "nauc_map_at_1_max": 0.191683,
        "nauc_map_at_1_std": 0.211298,
        "nauc_map_at_1_diff1": 0.325088,
        "nauc_map_at_3_max": 0.175635,
        "nauc_map_at_3_std": 0.245013,
        "nauc_map_at_3_diff1": 0.268364,
        "nauc_map_at_5_max": 0.182863,
        "nauc_map_at_5_std": 0.262155,
        "nauc_map_at_5_diff1": 0.258674,
        "nauc_map_at_10_max": 0.197021,
        "nauc_map_at_10_std": 0.275831,
        "nauc_map_at_10_diff1": 0.254265,
        "nauc_map_at_20_max": 0.211275,
        "nauc_map_at_20_std": 0.289449,
        "nauc_map_at_20_diff1": 0.25095,
        "nauc_map_at_100_max": 0.22195,
        "nauc_map_at_100_std": 0.305226,
        "nauc_map_at_100_diff1": 0.244893,
        "nauc_map_at_1000_max": 0.221885,
        "nauc_map_at_1000_std": 0.305604,
        "nauc_map_at_1000_diff1": 0.244461,
        "nauc_recall_at_1_max": 0.191683,
        "nauc_recall_at_1_std": 0.211298,
        "nauc_recall_at_1_diff1": 0.325088,
        "nauc_recall_at_3_max": 0.175113,
        "nauc_recall_at_3_std": 0.266231,
        "nauc_recall_at_3_diff1": 0.224746,
        "nauc_recall_at_5_max": 0.200349,
        "nauc_recall_at_5_std": 0.303096,
        "nauc_recall_at_5_diff1": 0.20272,
        "nauc_recall_at_10_max": 0.244223,
        "nauc_recall_at_10_std": 0.3438,
        "nauc_recall_at_10_diff1": 0.198495,
        "nauc_recall_at_20_max": 0.295663,
        "nauc_recall_at_20_std": 0.399021,
        "nauc_recall_at_20_diff1": 0.183129,
        "nauc_recall_at_100_max": 0.345011,
        "nauc_recall_at_100_std": 0.490204,
        "nauc_recall_at_100_diff1": 0.135503,
        "nauc_recall_at_1000_max": 0.367525,
        "nauc_recall_at_1000_std": 0.538822,
        "nauc_recall_at_1000_diff1": 0.114415,
        "nauc_precision_at_1_max": 0.197558,
        "nauc_precision_at_1_std": 0.210404,
        "nauc_precision_at_1_diff1": 0.277913,
        "nauc_precision_at_3_max": 0.156939,
        "nauc_precision_at_3_std": 0.252572,
        "nauc_precision_at_3_diff1": 0.218645,
        "nauc_precision_at_5_max": 0.16927,
        "nauc_precision_at_5_std": 0.257876,
        "nauc_precision_at_5_diff1": 0.197336,
        "nauc_precision_at_10_max": 0.210714,
        "nauc_precision_at_10_std": 0.310591,
        "nauc_precision_at_10_diff1": 0.188128,
        "nauc_precision_at_20_max": 0.271717,
        "nauc_precision_at_20_std": 0.355539,
        "nauc_precision_at_20_diff1": 0.174199,
        "nauc_precision_at_100_max": 0.295609,
        "nauc_precision_at_100_std": 0.403292,
        "nauc_precision_at_100_diff1": 0.106539,
        "nauc_precision_at_1000_max": 0.233395,
        "nauc_precision_at_1000_std": 0.323379,
        "nauc_precision_at_1000_diff1": 0.056703,
        "nauc_mrr_at_1_max": 0.197558,
        "nauc_mrr_at_1_std": 0.210404,
        "nauc_mrr_at_1_diff1": 0.277913,
        "nauc_mrr_at_3_max": 0.17481,
        "nauc_mrr_at_3_std": 0.241951,
        "nauc_mrr_at_3_diff1": 0.223567,
        "nauc_mrr_at_5_max": 0.184126,
        "nauc_mrr_at_5_std": 0.246509,
        "nauc_mrr_at_5_diff1": 0.21926,
        "nauc_mrr_at_10_max": 0.196218,
        "nauc_mrr_at_10_std": 0.263369,
        "nauc_mrr_at_10_diff1": 0.216047,
        "nauc_mrr_at_20_max": 0.202199,
        "nauc_mrr_at_20_std": 0.271053,
        "nauc_mrr_at_20_diff1": 0.213955,
        "nauc_mrr_at_100_max": 0.204419,
        "nauc_mrr_at_100_std": 0.273903,
        "nauc_mrr_at_100_diff1": 0.211366,
        "nauc_mrr_at_1000_max": 0.204473,
        "nauc_mrr_at_1000_std": 0.274395,
        "nauc_mrr_at_1000_diff1": 0.211328,
        "hit_rate_at_1": 0.07639,
        "hit_rate_at_3": 0.13827,
        "hit_rate_at_5": 0.16883,
        "hit_rate_at_10": 0.21925,
        "hit_rate_at_20": 0.26891,
        "hit_rate_at_100": 0.38961,
        "hit_rate_at_1000": 0.5783,
        "main_score": 0.10737,
        "hf_subset": "default",
        "languages": [
          "eng-Latn"
        ],
        "mteb_version": "2.16.3"
      }
    ]
  },
  "evaluation_time": 228.70140213146806,
  "kg_co2_emissions": null,
  "date": 1783488132.445195,
  "evaluation_phases": [
    {
      "name": "Data loading",
      "start": 0.0,
      "end": 14.76153532601893,
      "split": "",
      "subset": ""
    },
    {
      "name": "Encoding queries and documents",
      "start": 14.77662380039692,
      "end": 227.41754388902336,
      "split": "test",
      "subset": "default"
    },
    {
      "name": "Scoring",
      "start": 227.41768613178283,
      "end": 228.647917419672,
      "split": "test",
      "subset": "default"
    }
  ]
}