{
  "dataset_revision": "main",
  "task_name": "QASPER-RAG-ctx-k7",
  "mteb_version": "2.18.0",
  "scores": {
    "test": [
      {
        "ndcg_at_1": 0.47481,
        "ndcg_at_3": 0.5236,
        "ndcg_at_5": 0.56287,
        "ndcg_at_10": 0.6121,
        "ndcg_at_20": 0.65151,
        "ndcg_at_100": 0.68227,
        "ndcg_at_1000": 0.68259,
        "map_at_1": 0.28344,
        "map_at_3": 0.42595,
        "map_at_5": 0.47144,
        "map_at_10": 0.5095,
        "map_at_20": 0.53093,
        "map_at_100": 0.54287,
        "map_at_1000": 0.54294,
        "recall_at_1": 0.28344,
        "recall_at_3": 0.52865,
        "recall_at_5": 0.64067,
        "recall_at_10": 0.77547,
        "recall_at_20": 0.89056,
        "recall_at_100": 0.99873,
        "recall_at_1000": 1.0,
        "accuracy": 0.28344,
        "precision_at_1": 0.47481,
        "precision_at_3": 0.33028,
        "precision_at_5": 0.25725,
        "precision_at_10": 0.17069,
        "precision_at_20": 0.10645,
        "precision_at_100": 0.02612,
        "precision_at_1000": 0.00262,
        "mrr_at_1": 0.474809,
        "mrr_at_3": 0.586005,
        "mrr_at_5": 0.605433,
        "mrr_at_10": 0.617727,
        "mrr_at_20": 0.621746,
        "mrr_at_100": 0.622949,
        "mrr_at_1000": 0.622949,
        "nauc_ndcg_at_1_max": 0.149053,
        "nauc_ndcg_at_1_std": -0.128415,
        "nauc_ndcg_at_1_diff1": 0.277775,
        "nauc_ndcg_at_3_max": 0.120875,
        "nauc_ndcg_at_3_std": -0.19432,
        "nauc_ndcg_at_3_diff1": 0.228108,
        "nauc_ndcg_at_5_max": 0.124976,
        "nauc_ndcg_at_5_std": -0.220596,
        "nauc_ndcg_at_5_diff1": 0.235094,
        "nauc_ndcg_at_10_max": 0.126749,
        "nauc_ndcg_at_10_std": -0.244951,
        "nauc_ndcg_at_10_diff1": 0.237883,
        "nauc_ndcg_at_20_max": 0.130539,
        "nauc_ndcg_at_20_std": -0.248649,
        "nauc_ndcg_at_20_diff1": 0.243651,
        "nauc_ndcg_at_100_max": 0.132866,
        "nauc_ndcg_at_100_std": -0.195486,
        "nauc_ndcg_at_100_diff1": 0.248983,
        "nauc_ndcg_at_1000_max": 0.132339,
        "nauc_ndcg_at_1000_std": -0.194802,
        "nauc_ndcg_at_1000_diff1": 0.249666,
        "nauc_map_at_1_max": 0.123159,
        "nauc_map_at_1_std": -0.123348,
        "nauc_map_at_1_diff1": 0.322901,
        "nauc_map_at_3_max": 0.130488,
        "nauc_map_at_3_std": -0.178044,
        "nauc_map_at_3_diff1": 0.248356,
        "nauc_map_at_5_max": 0.129334,
        "nauc_map_at_5_std": -0.198847,
        "nauc_map_at_5_diff1": 0.240995,
        "nauc_map_at_10_max": 0.129642,
        "nauc_map_at_10_std": -0.214166,
        "nauc_map_at_10_diff1": 0.23826,
        "nauc_map_at_20_max": 0.131705,
        "nauc_map_at_20_std": -0.213828,
        "nauc_map_at_20_diff1": 0.238528,
        "nauc_map_at_100_max": 0.13325,
        "nauc_map_at_100_std": -0.19816,
        "nauc_map_at_100_diff1": 0.24034,
        "nauc_map_at_1000_max": 0.133153,
        "nauc_map_at_1000_std": -0.198128,
        "nauc_map_at_1000_diff1": 0.24049,
        "nauc_recall_at_1_max": 0.123159,
        "nauc_recall_at_1_std": -0.123348,
        "nauc_recall_at_1_diff1": 0.322901,
        "nauc_recall_at_3_max": 0.106338,
        "nauc_recall_at_3_std": -0.222148,
        "nauc_recall_at_3_diff1": 0.202179,
        "nauc_recall_at_5_max": 0.093955,
        "nauc_recall_at_5_std": -0.290925,
        "nauc_recall_at_5_diff1": 0.19341,
        "nauc_recall_at_10_max": 0.070732,
        "nauc_recall_at_10_std": -0.411248,
        "nauc_recall_at_10_diff1": 0.175123,
        "nauc_recall_at_20_max": 0.094605,
        "nauc_recall_at_20_std": -0.61767,
        "nauc_recall_at_20_diff1": 0.179438,
        "nauc_recall_at_100_max": 0.333873,
        "nauc_recall_at_100_std": -0.751395,
        "nauc_recall_at_100_diff1": -0.192122,
        "nauc_recall_at_1000_max": NaN,
        "nauc_recall_at_1000_std": NaN,
        "nauc_recall_at_1000_diff1": NaN,
        "nauc_precision_at_1_max": 0.149053,
        "nauc_precision_at_1_std": -0.128415,
        "nauc_precision_at_1_diff1": 0.277775,
        "nauc_precision_at_3_max": 0.074818,
        "nauc_precision_at_3_std": -0.149308,
        "nauc_precision_at_3_diff1": 0.025223,
        "nauc_precision_at_5_max": 0.040693,
        "nauc_precision_at_5_std": -0.130887,
        "nauc_precision_at_5_diff1": -0.020619,
        "nauc_precision_at_10_max": 0.010699,
        "nauc_precision_at_10_std": -0.075012,
        "nauc_precision_at_10_diff1": -0.062201,
        "nauc_precision_at_20_max": 0.000317,
        "nauc_precision_at_20_std": 0.001735,
        "nauc_precision_at_20_diff1": -0.077065,
        "nauc_precision_at_100_max": -0.011366,
        "nauc_precision_at_100_std": 0.158046,
        "nauc_precision_at_100_diff1": -0.077456,
        "nauc_precision_at_1000_max": -0.013687,
        "nauc_precision_at_1000_std": 0.158303,
        "nauc_precision_at_1000_diff1": -0.07461,
        "nauc_mrr_at_1_max": 0.149053,
        "nauc_mrr_at_1_std": -0.128415,
        "nauc_mrr_at_1_diff1": 0.277775,
        "nauc_mrr_at_3_max": 0.136428,
        "nauc_mrr_at_3_std": -0.166012,
        "nauc_mrr_at_3_diff1": 0.265966,
        "nauc_mrr_at_5_max": 0.13317,
        "nauc_mrr_at_5_std": -0.173908,
        "nauc_mrr_at_5_diff1": 0.266276,
        "nauc_mrr_at_10_max": 0.135088,
        "nauc_mrr_at_10_std": -0.173303,
        "nauc_mrr_at_10_diff1": 0.2677,
        "nauc_mrr_at_20_max": 0.136384,
        "nauc_mrr_at_20_std": -0.172343,
        "nauc_mrr_at_20_diff1": 0.268425,
        "nauc_mrr_at_100_max": 0.136066,
        "nauc_mrr_at_100_std": -0.170088,
        "nauc_mrr_at_100_diff1": 0.268285,
        "nauc_mrr_at_1000_max": 0.136066,
        "nauc_mrr_at_1000_std": -0.170088,
        "nauc_mrr_at_1000_diff1": 0.268285,
        "hit_rate_at_1": 0.47481,
        "hit_rate_at_3": 0.72977,
        "hit_rate_at_5": 0.81527,
        "hit_rate_at_10": 0.90458,
        "hit_rate_at_20": 0.9626,
        "hit_rate_at_100": 1.0,
        "hit_rate_at_1000": 1.0,
        "main_score": 0.6121,
        "hf_subset": "default",
        "languages": [
          "eng-Latn"
        ],
        "mteb_version": "2.18.0"
      }
    ]
  },
  "evaluation_time": 211.96768584405072,
  "kg_co2_emissions": null,
  "date": 1783996617.096691,
  "evaluation_phases": [
    {
      "name": "Data loading",
      "start": 0.0,
      "end": 2.3780399990500882,
      "split": "",
      "subset": ""
    },
    {
      "name": "Encoding queries and documents",
      "start": 2.3896167629864067,
      "end": 210.76257316896226,
      "split": "test",
      "subset": "default"
    },
    {
      "name": "Scoring",
      "start": 210.7626004309859,
      "end": 211.92891297698952,
      "split": "test",
      "subset": "default"
    }
  ]
}