{
  "dataset_revision": "main",
  "task_name": "NarrativeQA-RAG",
  "mteb_version": "2.18.0",
  "scores": {
    "test": [
      {
        "ndcg_at_1": 0.73251,
        "ndcg_at_3": 0.79849,
        "ndcg_at_5": 0.81269,
        "ndcg_at_10": 0.82249,
        "ndcg_at_20": 0.82931,
        "ndcg_at_100": 0.83605,
        "ndcg_at_1000": 0.83945,
        "map_at_1": 0.73251,
        "map_at_3": 0.78277,
        "map_at_5": 0.79068,
        "map_at_10": 0.79479,
        "map_at_20": 0.79673,
        "map_at_100": 0.7977,
        "map_at_1000": 0.79781,
        "recall_at_1": 0.73251,
        "recall_at_3": 0.84378,
        "recall_at_5": 0.87814,
        "recall_at_10": 0.9081,
        "recall_at_20": 0.93454,
        "recall_at_100": 0.97032,
        "recall_at_1000": 0.99781,
        "accuracy": 0.73251,
        "precision_at_1": 0.73251,
        "precision_at_3": 0.28126,
        "precision_at_5": 0.17563,
        "precision_at_10": 0.09081,
        "precision_at_20": 0.04673,
        "precision_at_100": 0.0097,
        "precision_at_1000": 0.001,
        "mrr_at_1": 0.732513,
        "mrr_at_3": 0.782772,
        "mrr_at_5": 0.790678,
        "mrr_at_10": 0.794787,
        "mrr_at_20": 0.796728,
        "mrr_at_100": 0.797695,
        "mrr_at_1000": 0.797812,
        "nauc_ndcg_at_1_max": 0.671609,
        "nauc_ndcg_at_1_std": -0.086316,
        "nauc_ndcg_at_1_diff1": 0.854812,
        "nauc_ndcg_at_3_max": 0.711785,
        "nauc_ndcg_at_3_std": -0.084223,
        "nauc_ndcg_at_3_diff1": 0.836241,
        "nauc_ndcg_at_5_max": 0.719211,
        "nauc_ndcg_at_5_std": -0.071443,
        "nauc_ndcg_at_5_diff1": 0.83491,
        "nauc_ndcg_at_10_max": 0.720558,
        "nauc_ndcg_at_10_std": -0.063789,
        "nauc_ndcg_at_10_diff1": 0.832676,
        "nauc_ndcg_at_20_max": 0.72309,
        "nauc_ndcg_at_20_std": -0.051721,
        "nauc_ndcg_at_20_diff1": 0.834588,
        "nauc_ndcg_at_100_max": 0.71877,
        "nauc_ndcg_at_100_std": -0.047266,
        "nauc_ndcg_at_100_diff1": 0.836835,
        "nauc_ndcg_at_1000_max": 0.713533,
        "nauc_ndcg_at_1000_std": -0.059431,
        "nauc_ndcg_at_1000_diff1": 0.837652,
        "nauc_map_at_1_max": 0.671609,
        "nauc_map_at_1_std": -0.086316,
        "nauc_map_at_1_diff1": 0.854812,
        "nauc_map_at_3_max": 0.700752,
        "nauc_map_at_3_std": -0.085159,
        "nauc_map_at_3_diff1": 0.840765,
        "nauc_map_at_5_max": 0.704092,
        "nauc_map_at_5_std": -0.07882,
        "nauc_map_at_5_diff1": 0.840264,
        "nauc_map_at_10_max": 0.704209,
        "nauc_map_at_10_std": -0.076111,
        "nauc_map_at_10_diff1": 0.839436,
        "nauc_map_at_20_max": 0.704698,
        "nauc_map_at_20_std": -0.073283,
        "nauc_map_at_20_diff1": 0.839973,
        "nauc_map_at_100_max": 0.704173,
        "nauc_map_at_100_std": -0.072595,
        "nauc_map_at_100_diff1": 0.840296,
        "nauc_map_at_1000_max": 0.704028,
        "nauc_map_at_1000_std": -0.072896,
        "nauc_map_at_1000_diff1": 0.840323,
        "nauc_recall_at_1_max": 0.671609,
        "nauc_recall_at_1_std": -0.086316,
        "nauc_recall_at_1_diff1": 0.854812,
        "nauc_recall_at_3_max": 0.7536,
        "nauc_recall_at_3_std": -0.080471,
        "nauc_recall_at_3_diff1": 0.819425,
        "nauc_recall_at_5_max": 0.790156,
        "nauc_recall_at_5_std": -0.034266,
        "nauc_recall_at_5_diff1": 0.810494,
        "nauc_recall_at_10_max": 0.819269,
        "nauc_recall_at_10_std": 0.017959,
        "nauc_recall_at_10_diff1": 0.792392,
        "nauc_recall_at_20_max": 0.88159,
        "nauc_recall_at_20_std": 0.162067,
        "nauc_recall_at_20_diff1": 0.793769,
        "nauc_recall_at_100_max": 0.949667,
        "nauc_recall_at_100_std": 0.514573,
        "nauc_recall_at_100_diff1": 0.801918,
        "nauc_recall_at_1000_max": 0.988633,
        "nauc_recall_at_1000_std": 0.783866,
        "nauc_recall_at_1000_diff1": 0.788896,
        "nauc_precision_at_1_max": 0.671609,
        "nauc_precision_at_1_std": -0.086316,
        "nauc_precision_at_1_diff1": 0.854812,
        "nauc_precision_at_3_max": 0.7536,
        "nauc_precision_at_3_std": -0.080471,
        "nauc_precision_at_3_diff1": 0.819425,
        "nauc_precision_at_5_max": 0.790156,
        "nauc_precision_at_5_std": -0.034266,
        "nauc_precision_at_5_diff1": 0.810494,
        "nauc_precision_at_10_max": 0.819269,
        "nauc_precision_at_10_std": 0.017959,
        "nauc_precision_at_10_diff1": 0.792392,
        "nauc_precision_at_20_max": 0.88159,
        "nauc_precision_at_20_std": 0.162067,
        "nauc_precision_at_20_diff1": 0.793769,
        "nauc_precision_at_100_max": 0.949667,
        "nauc_precision_at_100_std": 0.514573,
        "nauc_precision_at_100_diff1": 0.801918,
        "nauc_precision_at_1000_max": 0.988633,
        "nauc_precision_at_1000_std": 0.783866,
        "nauc_precision_at_1000_diff1": 0.788896,
        "nauc_mrr_at_1_max": 0.671609,
        "nauc_mrr_at_1_std": -0.086316,
        "nauc_mrr_at_1_diff1": 0.854812,
        "nauc_mrr_at_3_max": 0.700752,
        "nauc_mrr_at_3_std": -0.085159,
        "nauc_mrr_at_3_diff1": 0.840765,
        "nauc_mrr_at_5_max": 0.704092,
        "nauc_mrr_at_5_std": -0.07882,
        "nauc_mrr_at_5_diff1": 0.840264,
        "nauc_mrr_at_10_max": 0.704209,
        "nauc_mrr_at_10_std": -0.076111,
        "nauc_mrr_at_10_diff1": 0.839436,
        "nauc_mrr_at_20_max": 0.704698,
        "nauc_mrr_at_20_std": -0.073283,
        "nauc_mrr_at_20_diff1": 0.839973,
        "nauc_mrr_at_100_max": 0.704173,
        "nauc_mrr_at_100_std": -0.072595,
        "nauc_mrr_at_100_diff1": 0.840296,
        "nauc_mrr_at_1000_max": 0.704028,
        "nauc_mrr_at_1000_std": -0.072896,
        "nauc_mrr_at_1000_diff1": 0.840323,
        "hit_rate_at_1": 0.73251,
        "hit_rate_at_3": 0.84378,
        "hit_rate_at_5": 0.87814,
        "hit_rate_at_10": 0.9081,
        "hit_rate_at_20": 0.93454,
        "hit_rate_at_100": 0.97032,
        "hit_rate_at_1000": 0.99781,
        "main_score": 0.82249,
        "hf_subset": "default",
        "languages": [
          "eng-Latn"
        ],
        "mteb_version": "2.18.0"
      }
    ]
  },
  "evaluation_time": 66.61685387790203,
  "kg_co2_emissions": null,
  "date": 1783998370.774826,
  "evaluation_phases": [
    {
      "name": "Data loading",
      "start": 0.0,
      "end": 3.802836859948002,
      "split": "",
      "subset": ""
    },
    {
      "name": "Encoding queries and documents",
      "start": 3.886229846975766,
      "end": 57.09050157794263,
      "split": "test",
      "subset": "default"
    },
    {
      "name": "Scoring",
      "start": 57.09054534800816,
      "end": 66.46184843603987,
      "split": "test",
      "subset": "default"
    }
  ]
}