{
  "dataset_revision": "main",
  "task_name": "NarrativeQA-RAG-ctx-k1",
  "mteb_version": "2.18.0",
  "scores": {
    "test": [
      {
        "ndcg_at_1": 0.73223,
        "ndcg_at_3": 0.79408,
        "ndcg_at_5": 0.80753,
        "ndcg_at_10": 0.81781,
        "ndcg_at_20": 0.8239,
        "ndcg_at_100": 0.83163,
        "ndcg_at_1000": 0.83541,
        "map_at_1": 0.73223,
        "map_at_3": 0.77919,
        "map_at_5": 0.78667,
        "map_at_10": 0.79094,
        "map_at_20": 0.79263,
        "map_at_100": 0.79371,
        "map_at_1000": 0.79384,
        "recall_at_1": 0.73223,
        "recall_at_3": 0.83701,
        "recall_at_5": 0.86964,
        "recall_at_10": 0.90123,
        "recall_at_20": 0.92528,
        "recall_at_100": 0.9666,
        "recall_at_1000": 0.99733,
        "accuracy": 0.73223,
        "precision_at_1": 0.73223,
        "precision_at_3": 0.279,
        "precision_at_5": 0.17393,
        "precision_at_10": 0.09012,
        "precision_at_20": 0.04626,
        "precision_at_100": 0.00967,
        "precision_at_1000": 0.001,
        "mrr_at_1": 0.732226,
        "mrr_at_3": 0.779193,
        "mrr_at_5": 0.786665,
        "mrr_at_10": 0.790943,
        "mrr_at_20": 0.792627,
        "mrr_at_100": 0.793715,
        "mrr_at_1000": 0.793842,
        "nauc_ndcg_at_1_max": 0.702401,
        "nauc_ndcg_at_1_std": -0.083802,
        "nauc_ndcg_at_1_diff1": 0.696354,
        "nauc_ndcg_at_3_max": 0.684917,
        "nauc_ndcg_at_3_std": -0.090845,
        "nauc_ndcg_at_3_diff1": 0.627877,
        "nauc_ndcg_at_5_max": 0.681636,
        "nauc_ndcg_at_5_std": -0.085573,
        "nauc_ndcg_at_5_diff1": 0.615676,
        "nauc_ndcg_at_10_max": 0.677057,
        "nauc_ndcg_at_10_std": -0.076521,
        "nauc_ndcg_at_10_diff1": 0.605938,
        "nauc_ndcg_at_20_max": 0.677644,
        "nauc_ndcg_at_20_std": -0.06895,
        "nauc_ndcg_at_20_diff1": 0.604808,
        "nauc_ndcg_at_100_max": 0.677395,
        "nauc_ndcg_at_100_std": -0.067966,
        "nauc_ndcg_at_100_diff1": 0.609064,
        "nauc_ndcg_at_1000_max": 0.680683,
        "nauc_ndcg_at_1000_std": -0.07428,
        "nauc_ndcg_at_1000_diff1": 0.619238,
        "nauc_map_at_1_max": 0.702401,
        "nauc_map_at_1_std": -0.083802,
        "nauc_map_at_1_diff1": 0.696354,
        "nauc_map_at_3_max": 0.689764,
        "nauc_map_at_3_std": -0.088904,
        "nauc_map_at_3_diff1": 0.646577,
        "nauc_map_at_5_max": 0.688193,
        "nauc_map_at_5_std": -0.086314,
        "nauc_map_at_5_diff1": 0.64093,
        "nauc_map_at_10_max": 0.686551,
        "nauc_map_at_10_std": -0.083074,
        "nauc_map_at_10_diff1": 0.63778,
        "nauc_map_at_20_max": 0.68674,
        "nauc_map_at_20_std": -0.081429,
        "nauc_map_at_20_diff1": 0.637767,
        "nauc_map_at_100_max": 0.686713,
        "nauc_map_at_100_std": -0.081376,
        "nauc_map_at_100_diff1": 0.638308,
        "nauc_map_at_1000_max": 0.686792,
        "nauc_map_at_1000_std": -0.081516,
        "nauc_map_at_1000_diff1": 0.638562,
        "nauc_recall_at_1_max": 0.702401,
        "nauc_recall_at_1_std": -0.083802,
        "nauc_recall_at_1_diff1": 0.696354,
        "nauc_recall_at_3_max": 0.666907,
        "nauc_recall_at_3_std": -0.09805,
        "nauc_recall_at_3_diff1": 0.55854,
        "nauc_recall_at_5_max": 0.65217,
        "nauc_recall_at_5_std": -0.080849,
        "nauc_recall_at_5_diff1": 0.502148,
        "nauc_recall_at_10_max": 0.620929,
        "nauc_recall_at_10_std": -0.031463,
        "nauc_recall_at_10_diff1": 0.420237,
        "nauc_recall_at_20_max": 0.608554,
        "nauc_recall_at_20_std": 0.049396,
        "nauc_recall_at_20_diff1": 0.351406,
        "nauc_recall_at_100_max": 0.521378,
        "nauc_recall_at_100_std": 0.21753,
        "nauc_recall_at_100_diff1": 0.15507,
        "nauc_recall_at_1000_max": 0.306206,
        "nauc_recall_at_1000_std": 0.452088,
        "nauc_recall_at_1000_diff1": -0.240503,
        "nauc_precision_at_1_max": 0.702401,
        "nauc_precision_at_1_std": -0.083802,
        "nauc_precision_at_1_diff1": 0.696354,
        "nauc_precision_at_3_max": 0.666907,
        "nauc_precision_at_3_std": -0.09805,
        "nauc_precision_at_3_diff1": 0.55854,
        "nauc_precision_at_5_max": 0.65217,
        "nauc_precision_at_5_std": -0.080849,
        "nauc_precision_at_5_diff1": 0.502148,
        "nauc_precision_at_10_max": 0.620929,
        "nauc_precision_at_10_std": -0.031463,
        "nauc_precision_at_10_diff1": 0.420237,
        "nauc_precision_at_20_max": 0.608554,
        "nauc_precision_at_20_std": 0.049396,
        "nauc_precision_at_20_diff1": 0.351406,
        "nauc_precision_at_100_max": 0.521378,
        "nauc_precision_at_100_std": 0.21753,
        "nauc_precision_at_100_diff1": 0.15507,
        "nauc_precision_at_1000_max": 0.306206,
        "nauc_precision_at_1000_std": 0.452088,
        "nauc_precision_at_1000_diff1": -0.240503,
        "nauc_mrr_at_1_max": 0.702401,
        "nauc_mrr_at_1_std": -0.083802,
        "nauc_mrr_at_1_diff1": 0.696354,
        "nauc_mrr_at_3_max": 0.689764,
        "nauc_mrr_at_3_std": -0.088904,
        "nauc_mrr_at_3_diff1": 0.646577,
        "nauc_mrr_at_5_max": 0.688193,
        "nauc_mrr_at_5_std": -0.086314,
        "nauc_mrr_at_5_diff1": 0.64093,
        "nauc_mrr_at_10_max": 0.686551,
        "nauc_mrr_at_10_std": -0.083074,
        "nauc_mrr_at_10_diff1": 0.63778,
        "nauc_mrr_at_20_max": 0.68674,
        "nauc_mrr_at_20_std": -0.081429,
        "nauc_mrr_at_20_diff1": 0.637767,
        "nauc_mrr_at_100_max": 0.686713,
        "nauc_mrr_at_100_std": -0.081376,
        "nauc_mrr_at_100_diff1": 0.638308,
        "nauc_mrr_at_1000_max": 0.686792,
        "nauc_mrr_at_1000_std": -0.081516,
        "nauc_mrr_at_1000_diff1": 0.638562,
        "hit_rate_at_1": 0.73223,
        "hit_rate_at_3": 0.83701,
        "hit_rate_at_5": 0.86964,
        "hit_rate_at_10": 0.90123,
        "hit_rate_at_20": 0.92528,
        "hit_rate_at_100": 0.9666,
        "hit_rate_at_1000": 0.99733,
        "main_score": 0.81781,
        "hf_subset": "default",
        "languages": [
          "eng-Latn"
        ],
        "mteb_version": "2.18.0"
      }
    ]
  },
  "evaluation_time": 602.233241676935,
  "kg_co2_emissions": null,
  "date": 1783996314.005882,
  "evaluation_phases": [
    {
      "name": "Data loading",
      "start": 0.0,
      "end": 2.7240380969597027,
      "split": "",
      "subset": ""
    },
    {
      "name": "Encoding queries and documents",
      "start": 2.807865052949637,
      "end": 594.0445699159754,
      "split": "test",
      "subset": "default"
    },
    {
      "name": "Scoring",
      "start": 594.04464129603,
      "end": 602.0876678000204,
      "split": "test",
      "subset": "default"
    }
  ]
}