{
  "dataset_revision": "main",
  "task_name": "TelcoDPR-RAG-Title",
  "mteb_version": "2.18.0",
  "scores": {
    "test": [
      {
        "ndcg_at_1": 0.23518,
        "ndcg_at_3": 0.42174,
        "ndcg_at_5": 0.47226,
        "ndcg_at_10": 0.51445,
        "ndcg_at_20": 0.53462,
        "ndcg_at_100": 0.55228,
        "ndcg_at_1000": 0.55384,
        "map_at_1": 0.23518,
        "map_at_3": 0.37412,
        "map_at_5": 0.40223,
        "map_at_10": 0.41972,
        "map_at_20": 0.42518,
        "map_at_100": 0.42759,
        "map_at_1000": 0.42766,
        "recall_at_1": 0.23518,
        "recall_at_3": 0.56023,
        "recall_at_5": 0.6826,
        "recall_at_10": 0.81262,
        "recall_at_20": 0.89293,
        "recall_at_100": 0.98853,
        "recall_at_1000": 1.0,
        "accuracy": 0.23518,
        "precision_at_1": 0.23518,
        "precision_at_3": 0.18674,
        "precision_at_5": 0.13652,
        "precision_at_10": 0.08126,
        "precision_at_20": 0.04465,
        "precision_at_100": 0.00989,
        "precision_at_1000": 0.001,
        "mrr_at_1": 0.235182,
        "mrr_at_3": 0.374124,
        "mrr_at_5": 0.402231,
        "mrr_at_10": 0.419718,
        "mrr_at_20": 0.425182,
        "mrr_at_100": 0.42759,
        "mrr_at_1000": 0.427662,
        "nauc_ndcg_at_1_max": -0.102561,
        "nauc_ndcg_at_1_std": -0.161627,
        "nauc_ndcg_at_1_diff1": 0.069209,
        "nauc_ndcg_at_3_max": -0.117493,
        "nauc_ndcg_at_3_std": -0.245897,
        "nauc_ndcg_at_3_diff1": 0.101489,
        "nauc_ndcg_at_5_max": -0.097294,
        "nauc_ndcg_at_5_std": -0.270017,
        "nauc_ndcg_at_5_diff1": 0.139819,
        "nauc_ndcg_at_10_max": -0.097099,
        "nauc_ndcg_at_10_std": -0.278277,
        "nauc_ndcg_at_10_diff1": 0.122121,
        "nauc_ndcg_at_20_max": -0.067171,
        "nauc_ndcg_at_20_std": -0.240544,
        "nauc_ndcg_at_20_diff1": 0.102508,
        "nauc_ndcg_at_100_max": -0.082423,
        "nauc_ndcg_at_100_std": -0.233741,
        "nauc_ndcg_at_100_diff1": 0.10212,
        "nauc_ndcg_at_1000_max": -0.08713,
        "nauc_ndcg_at_1000_std": -0.23586,
        "nauc_ndcg_at_1000_diff1": 0.101858,
        "nauc_map_at_1_max": -0.102561,
        "nauc_map_at_1_std": -0.161627,
        "nauc_map_at_1_diff1": 0.069209,
        "nauc_map_at_3_max": -0.109401,
        "nauc_map_at_3_std": -0.220069,
        "nauc_map_at_3_diff1": 0.088372,
        "nauc_map_at_5_max": -0.097677,
        "nauc_map_at_5_std": -0.231594,
        "nauc_map_at_5_diff1": 0.109292,
        "nauc_map_at_10_max": -0.097558,
        "nauc_map_at_10_std": -0.233519,
        "nauc_map_at_10_diff1": 0.100971,
        "nauc_map_at_20_max": -0.090583,
        "nauc_map_at_20_std": -0.224217,
        "nauc_map_at_20_diff1": 0.096246,
        "nauc_map_at_100_max": -0.092505,
        "nauc_map_at_100_std": -0.223841,
        "nauc_map_at_100_diff1": 0.096087,
        "nauc_map_at_1000_max": -0.092674,
        "nauc_map_at_1000_std": -0.223898,
        "nauc_map_at_1000_diff1": 0.096061,
        "nauc_recall_at_1_max": -0.102561,
        "nauc_recall_at_1_std": -0.161627,
        "nauc_recall_at_1_diff1": 0.069209,
        "nauc_recall_at_3_max": -0.142421,
        "nauc_recall_at_3_std": -0.322029,
        "nauc_recall_at_3_diff1": 0.14114,
        "nauc_recall_at_5_max": -0.095478,
        "nauc_recall_at_5_std": -0.406089,
        "nauc_recall_at_5_diff1": 0.249978,
        "nauc_recall_at_10_max": -0.094106,
        "nauc_recall_at_10_std": -0.513922,
        "nauc_recall_at_10_diff1": 0.227632,
        "nauc_recall_at_20_max": 0.193564,
        "nauc_recall_at_20_std": -0.304414,
        "nauc_recall_at_20_diff1": 0.106255,
        "nauc_recall_at_100_max": 0.634237,
        "nauc_recall_at_100_std": 0.105177,
        "nauc_recall_at_100_diff1": 0.127758,
        "nauc_recall_at_1000_max": NaN,
        "nauc_recall_at_1000_std": NaN,
        "nauc_recall_at_1000_diff1": NaN,
        "nauc_precision_at_1_max": -0.102561,
        "nauc_precision_at_1_std": -0.161627,
        "nauc_precision_at_1_diff1": 0.069209,
        "nauc_precision_at_3_max": -0.142421,
        "nauc_precision_at_3_std": -0.322029,
        "nauc_precision_at_3_diff1": 0.14114,
        "nauc_precision_at_5_max": -0.095478,
        "nauc_precision_at_5_std": -0.406089,
        "nauc_precision_at_5_diff1": 0.249978,
        "nauc_precision_at_10_max": -0.094106,
        "nauc_precision_at_10_std": -0.513922,
        "nauc_precision_at_10_diff1": 0.227632,
        "nauc_precision_at_20_max": 0.193564,
        "nauc_precision_at_20_std": -0.304414,
        "nauc_precision_at_20_diff1": 0.106255,
        "nauc_precision_at_100_max": 0.634237,
        "nauc_precision_at_100_std": 0.105177,
        "nauc_precision_at_100_diff1": 0.127758,
        "nauc_precision_at_1000_max": 1.0,
        "nauc_precision_at_1000_std": 1.0,
        "nauc_precision_at_1000_diff1": 1.0,
        "nauc_mrr_at_1_max": -0.102561,
        "nauc_mrr_at_1_std": -0.161627,
        "nauc_mrr_at_1_diff1": 0.069209,
        "nauc_mrr_at_3_max": -0.109401,
        "nauc_mrr_at_3_std": -0.220069,
        "nauc_mrr_at_3_diff1": 0.088372,
        "nauc_mrr_at_5_max": -0.097677,
        "nauc_mrr_at_5_std": -0.231594,
        "nauc_mrr_at_5_diff1": 0.109292,
        "nauc_mrr_at_10_max": -0.097558,
        "nauc_mrr_at_10_std": -0.233519,
        "nauc_mrr_at_10_diff1": 0.100971,
        "nauc_mrr_at_20_max": -0.090583,
        "nauc_mrr_at_20_std": -0.224217,
        "nauc_mrr_at_20_diff1": 0.096246,
        "nauc_mrr_at_100_max": -0.092505,
        "nauc_mrr_at_100_std": -0.223841,
        "nauc_mrr_at_100_diff1": 0.096087,
        "nauc_mrr_at_1000_max": -0.092674,
        "nauc_mrr_at_1000_std": -0.223898,
        "nauc_mrr_at_1000_diff1": 0.096061,
        "hit_rate_at_1": 0.23518,
        "hit_rate_at_3": 0.56023,
        "hit_rate_at_5": 0.6826,
        "hit_rate_at_10": 0.81262,
        "hit_rate_at_20": 0.89293,
        "hit_rate_at_100": 0.98853,
        "hit_rate_at_1000": 1.0,
        "main_score": 0.51445,
        "hf_subset": "default",
        "languages": [
          "eng-Latn"
        ],
        "mteb_version": "2.18.0"
      }
    ]
  },
  "evaluation_time": 93.5171580191236,
  "kg_co2_emissions": null,
  "date": 1784325356.700595,
  "evaluation_phases": [
    {
      "name": "Data loading",
      "start": 0.0,
      "end": 3.850592637085356,
      "split": "",
      "subset": ""
    },
    {
      "name": "Encoding queries and documents",
      "start": 3.8606089090462774,
      "end": 93.06063366110902,
      "split": "test",
      "subset": "default"
    },
    {
      "name": "Scoring",
      "start": 93.06066630303394,
      "end": 93.49479969905224,
      "split": "test",
      "subset": "default"
    }
  ]
}