{
  "dataset_revision": "main",
  "task_name": "BioASQ-RAG-Resplit-ctx-rfg",
  "mteb_version": "2.18.0",
  "scores": {
    "test": [
      {
        "ndcg_at_1": 0.79124,
        "ndcg_at_3": 0.78354,
        "ndcg_at_5": 0.78603,
        "ndcg_at_10": 0.7892,
        "ndcg_at_20": 0.8099,
        "ndcg_at_100": 0.85066,
        "ndcg_at_1000": 0.85682,
        "map_at_1": 0.26726,
        "map_at_3": 0.42843,
        "map_at_5": 0.51694,
        "map_at_10": 0.62803,
        "map_at_20": 0.70407,
        "map_at_100": 0.75072,
        "map_at_1000": 0.75213,
        "recall_at_1": 0.26726,
        "recall_at_3": 0.4587,
        "recall_at_5": 0.56874,
        "recall_at_10": 0.71813,
        "recall_at_20": 0.84176,
        "recall_at_100": 0.97269,
        "recall_at_1000": 0.99463,
        "accuracy": 0.26726,
        "precision_at_1": 0.79124,
        "precision_at_3": 0.64212,
        "precision_at_5": 0.57335,
        "precision_at_10": 0.45163,
        "precision_at_20": 0.31389,
        "precision_at_100": 0.08539,
        "precision_at_1000": 0.00881,
        "mrr_at_1": 0.79124,
        "mrr_at_3": 0.846692,
        "mrr_at_5": 0.853448,
        "mrr_at_10": 0.856113,
        "mrr_at_20": 0.857527,
        "mrr_at_100": 0.857976,
        "mrr_at_1000": 0.857992,
        "nauc_ndcg_at_1_max": 0.345889,
        "nauc_ndcg_at_1_std": -0.373356,
        "nauc_ndcg_at_1_diff1": 0.276929,
        "nauc_ndcg_at_3_max": 0.385463,
        "nauc_ndcg_at_3_std": -0.415545,
        "nauc_ndcg_at_3_diff1": 0.242583,
        "nauc_ndcg_at_5_max": 0.413399,
        "nauc_ndcg_at_5_std": -0.40293,
        "nauc_ndcg_at_5_diff1": 0.248022,
        "nauc_ndcg_at_10_max": 0.415938,
        "nauc_ndcg_at_10_std": -0.438025,
        "nauc_ndcg_at_10_diff1": 0.250071,
        "nauc_ndcg_at_20_max": 0.428889,
        "nauc_ndcg_at_20_std": -0.459444,
        "nauc_ndcg_at_20_diff1": 0.248008,
        "nauc_ndcg_at_100_max": 0.429402,
        "nauc_ndcg_at_100_std": -0.356383,
        "nauc_ndcg_at_100_diff1": 0.227949,
        "nauc_ndcg_at_1000_max": 0.418646,
        "nauc_ndcg_at_1000_std": -0.352948,
        "nauc_ndcg_at_1000_diff1": 0.233574,
        "nauc_map_at_1_max": 0.354329,
        "nauc_map_at_1_std": -0.465499,
        "nauc_map_at_1_diff1": 0.639032,
        "nauc_map_at_3_max": 0.318241,
        "nauc_map_at_3_std": -0.567872,
        "nauc_map_at_3_diff1": 0.503124,
        "nauc_map_at_5_max": 0.323338,
        "nauc_map_at_5_std": -0.606561,
        "nauc_map_at_5_diff1": 0.437226,
        "nauc_map_at_10_max": 0.36233,
        "nauc_map_at_10_std": -0.620645,
        "nauc_map_at_10_diff1": 0.348062,
        "nauc_map_at_20_max": 0.414397,
        "nauc_map_at_20_std": -0.555386,
        "nauc_map_at_20_diff1": 0.291451,
        "nauc_map_at_100_max": 0.435832,
        "nauc_map_at_100_std": -0.406618,
        "nauc_map_at_100_diff1": 0.25382,
        "nauc_map_at_1000_max": 0.434177,
        "nauc_map_at_1000_std": -0.403332,
        "nauc_map_at_1000_diff1": 0.253557,
        "nauc_recall_at_1_max": 0.354329,
        "nauc_recall_at_1_std": -0.465499,
        "nauc_recall_at_1_diff1": 0.639032,
        "nauc_recall_at_3_max": 0.294043,
        "nauc_recall_at_3_std": -0.566784,
        "nauc_recall_at_3_diff1": 0.479549,
        "nauc_recall_at_5_max": 0.291735,
        "nauc_recall_at_5_std": -0.617956,
        "nauc_recall_at_5_diff1": 0.424329,
        "nauc_recall_at_10_max": 0.314536,
        "nauc_recall_at_10_std": -0.685109,
        "nauc_recall_at_10_diff1": 0.326218,
        "nauc_recall_at_20_max": 0.385006,
        "nauc_recall_at_20_std": -0.691696,
        "nauc_recall_at_20_diff1": 0.257735,
        "nauc_recall_at_100_max": 0.437353,
        "nauc_recall_at_100_std": -0.038275,
        "nauc_recall_at_100_diff1": 0.034176,
        "nauc_recall_at_1000_max": -0.06646,
        "nauc_recall_at_1000_std": 0.365656,
        "nauc_recall_at_1000_diff1": 0.143054,
        "nauc_precision_at_1_max": 0.345889,
        "nauc_precision_at_1_std": -0.373356,
        "nauc_precision_at_1_diff1": 0.276929,
        "nauc_precision_at_3_max": 0.024111,
        "nauc_precision_at_3_std": -0.00077,
        "nauc_precision_at_3_diff1": -0.323111,
        "nauc_precision_at_5_max": -0.006104,
        "nauc_precision_at_5_std": 0.147413,
        "nauc_precision_at_5_diff1": -0.384141,
        "nauc_precision_at_10_max": -0.015194,
        "nauc_precision_at_10_std": 0.27688,
        "nauc_precision_at_10_diff1": -0.380323,
        "nauc_precision_at_20_max": -0.026156,
        "nauc_precision_at_20_std": 0.404242,
        "nauc_precision_at_20_diff1": -0.350371,
        "nauc_precision_at_100_max": -0.076727,
        "nauc_precision_at_100_std": 0.573961,
        "nauc_precision_at_100_diff1": -0.325677,
        "nauc_precision_at_1000_max": -0.094153,
        "nauc_precision_at_1000_std": 0.577903,
        "nauc_precision_at_1000_diff1": -0.3213,
        "nauc_mrr_at_1_max": 0.345889,
        "nauc_mrr_at_1_std": -0.373356,
        "nauc_mrr_at_1_diff1": 0.276929,
        "nauc_mrr_at_3_max": 0.355831,
        "nauc_mrr_at_3_std": -0.402957,
        "nauc_mrr_at_3_diff1": 0.249269,
        "nauc_mrr_at_5_max": 0.361582,
        "nauc_mrr_at_5_std": -0.399167,
        "nauc_mrr_at_5_diff1": 0.258427,
        "nauc_mrr_at_10_max": 0.360136,
        "nauc_mrr_at_10_std": -0.397502,
        "nauc_mrr_at_10_diff1": 0.256181,
        "nauc_mrr_at_20_max": 0.358479,
        "nauc_mrr_at_20_std": -0.39678,
        "nauc_mrr_at_20_diff1": 0.258019,
        "nauc_mrr_at_100_max": 0.358005,
        "nauc_mrr_at_100_std": -0.395005,
        "nauc_mrr_at_100_diff1": 0.2574,
        "nauc_mrr_at_1000_max": 0.357939,
        "nauc_mrr_at_1000_std": -0.3951,
        "nauc_mrr_at_1000_diff1": 0.257398,
        "hit_rate_at_1": 0.79124,
        "hit_rate_at_3": 0.91333,
        "hit_rate_at_5": 0.94222,
        "hit_rate_at_10": 0.96272,
        "hit_rate_at_20": 0.98322,
        "hit_rate_at_100": 0.99534,
        "hit_rate_at_1000": 0.99814,
        "main_score": 0.7892,
        "hf_subset": "default",
        "languages": [
          "eng-Latn"
        ],
        "mteb_version": "2.18.0"
      }
    ]
  },
  "evaluation_time": 322.9935631828848,
  "kg_co2_emissions": null,
  "date": 1784430435.654415,
  "evaluation_phases": [
    {
      "name": "Data loading",
      "start": 0.0,
      "end": 3.4809496209491044,
      "split": "",
      "subset": ""
    },
    {
      "name": "Encoding queries and documents",
      "start": 3.5056343940086663,
      "end": 322.11651344783604,
      "split": "test",
      "subset": "default"
    },
    {
      "name": "Scoring",
      "start": 322.1165540427901,
      "end": 322.96243611583486,
      "split": "test",
      "subset": "default"
    }
  ]
}