{
  "dataset_revision": "main",
  "task_name": "TelcoDPR-RAG",
  "mteb_version": "2.16.3",
  "scores": {
    "train": [
      {
        "ndcg_at_1": 0.26564,
        "ndcg_at_3": 0.40429,
        "ndcg_at_5": 0.44406,
        "ndcg_at_10": 0.47548,
        "ndcg_at_20": 0.4966,
        "ndcg_at_100": 0.52627,
        "ndcg_at_1000": 0.53223,
        "map_at_1": 0.26564,
        "map_at_3": 0.37094,
        "map_at_5": 0.39279,
        "map_at_10": 0.40591,
        "map_at_20": 0.41163,
        "map_at_100": 0.41578,
        "map_at_1000": 0.416,
        "recall_at_1": 0.26564,
        "recall_at_3": 0.50051,
        "recall_at_5": 0.59795,
        "recall_at_10": 0.69436,
        "recall_at_20": 0.77846,
        "recall_at_100": 0.93744,
        "recall_at_1000": 0.98462,
        "accuracy": 0.26564,
        "precision_at_1": 0.26564,
        "precision_at_3": 0.16684,
        "precision_at_5": 0.11959,
        "precision_at_10": 0.06944,
        "precision_at_20": 0.03892,
        "precision_at_100": 0.00937,
        "precision_at_1000": 0.00098,
        "mrr_at_1": 0.265641,
        "mrr_at_3": 0.37094,
        "mrr_at_5": 0.392786,
        "mrr_at_10": 0.405908,
        "mrr_at_20": 0.411633,
        "mrr_at_100": 0.415784,
        "mrr_at_1000": 0.416005,
        "nauc_ndcg_at_1_max": 0.055613,
        "nauc_ndcg_at_1_std": -0.202056,
        "nauc_ndcg_at_1_diff1": 0.438703,
        "nauc_ndcg_at_3_max": 0.062272,
        "nauc_ndcg_at_3_std": -0.198725,
        "nauc_ndcg_at_3_diff1": 0.372954,
        "nauc_ndcg_at_5_max": 0.08351,
        "nauc_ndcg_at_5_std": -0.192607,
        "nauc_ndcg_at_5_diff1": 0.376096,
        "nauc_ndcg_at_10_max": 0.09511,
        "nauc_ndcg_at_10_std": -0.198153,
        "nauc_ndcg_at_10_diff1": 0.385936,
        "nauc_ndcg_at_20_max": 0.097989,
        "nauc_ndcg_at_20_std": -0.183611,
        "nauc_ndcg_at_20_diff1": 0.383963,
        "nauc_ndcg_at_100_max": 0.096581,
        "nauc_ndcg_at_100_std": -0.165679,
        "nauc_ndcg_at_100_diff1": 0.392981,
        "nauc_ndcg_at_1000_max": 0.088875,
        "nauc_ndcg_at_1000_std": -0.177065,
        "nauc_ndcg_at_1000_diff1": 0.392772,
        "nauc_map_at_1_max": 0.055613,
        "nauc_map_at_1_std": -0.202056,
        "nauc_map_at_1_diff1": 0.438703,
        "nauc_map_at_3_max": 0.062693,
        "nauc_map_at_3_std": -0.198372,
        "nauc_map_at_3_diff1": 0.389064,
        "nauc_map_at_5_max": 0.074151,
        "nauc_map_at_5_std": -0.194794,
        "nauc_map_at_5_diff1": 0.391462,
        "nauc_map_at_10_max": 0.078142,
        "nauc_map_at_10_std": -0.197248,
        "nauc_map_at_10_diff1": 0.396213,
        "nauc_map_at_20_max": 0.0785,
        "nauc_map_at_20_std": -0.193718,
        "nauc_map_at_20_diff1": 0.396074,
        "nauc_map_at_100_max": 0.07759,
        "nauc_map_at_100_std": -0.191825,
        "nauc_map_at_100_diff1": 0.397138,
        "nauc_map_at_1000_max": 0.077346,
        "nauc_map_at_1000_std": -0.192146,
        "nauc_map_at_1000_diff1": 0.397118,
        "nauc_recall_at_1_max": 0.055613,
        "nauc_recall_at_1_std": -0.202056,
        "nauc_recall_at_1_diff1": 0.438703,
        "nauc_recall_at_3_max": 0.060305,
        "nauc_recall_at_3_std": -0.200161,
        "nauc_recall_at_3_diff1": 0.327491,
        "nauc_recall_at_5_max": 0.114692,
        "nauc_recall_at_5_std": -0.185779,
        "nauc_recall_at_5_diff1": 0.329126,
        "nauc_recall_at_10_max": 0.166066,
        "nauc_recall_at_10_std": -0.203446,
        "nauc_recall_at_10_diff1": 0.352547,
        "nauc_recall_at_20_max": 0.205877,
        "nauc_recall_at_20_std": -0.118715,
        "nauc_recall_at_20_diff1": 0.328614,
        "nauc_recall_at_100_max": 0.461448,
        "nauc_recall_at_100_std": 0.454863,
        "nauc_recall_at_100_diff1": 0.418728,
        "nauc_recall_at_1000_max": 0.524626,
        "nauc_recall_at_1000_std": 0.74986,
        "nauc_recall_at_1000_diff1": 0.475699,
        "nauc_precision_at_1_max": 0.055613,
        "nauc_precision_at_1_std": -0.202056,
        "nauc_precision_at_1_diff1": 0.438703,
        "nauc_precision_at_3_max": 0.060305,
        "nauc_precision_at_3_std": -0.200161,
        "nauc_precision_at_3_diff1": 0.327491,
        "nauc_precision_at_5_max": 0.114692,
        "nauc_precision_at_5_std": -0.185779,
        "nauc_precision_at_5_diff1": 0.329126,
        "nauc_precision_at_10_max": 0.166066,
        "nauc_precision_at_10_std": -0.203446,
        "nauc_precision_at_10_diff1": 0.352547,
        "nauc_precision_at_20_max": 0.205877,
        "nauc_precision_at_20_std": -0.118715,
        "nauc_precision_at_20_diff1": 0.328614,
        "nauc_precision_at_100_max": 0.461448,
        "nauc_precision_at_100_std": 0.454863,
        "nauc_precision_at_100_diff1": 0.418728,
        "nauc_precision_at_1000_max": 0.524626,
        "nauc_precision_at_1000_std": 0.74986,
        "nauc_precision_at_1000_diff1": 0.475699,
        "nauc_mrr_at_1_max": 0.055613,
        "nauc_mrr_at_1_std": -0.202056,
        "nauc_mrr_at_1_diff1": 0.438703,
        "nauc_mrr_at_3_max": 0.062693,
        "nauc_mrr_at_3_std": -0.198372,
        "nauc_mrr_at_3_diff1": 0.389064,
        "nauc_mrr_at_5_max": 0.074151,
        "nauc_mrr_at_5_std": -0.194794,
        "nauc_mrr_at_5_diff1": 0.391462,
        "nauc_mrr_at_10_max": 0.078142,
        "nauc_mrr_at_10_std": -0.197248,
        "nauc_mrr_at_10_diff1": 0.396213,
        "nauc_mrr_at_20_max": 0.0785,
        "nauc_mrr_at_20_std": -0.193718,
        "nauc_mrr_at_20_diff1": 0.396074,
        "nauc_mrr_at_100_max": 0.07759,
        "nauc_mrr_at_100_std": -0.191825,
        "nauc_mrr_at_100_diff1": 0.397138,
        "nauc_mrr_at_1000_max": 0.077346,
        "nauc_mrr_at_1000_std": -0.192146,
        "nauc_mrr_at_1000_diff1": 0.397118,
        "hit_rate_at_1": 0.26564,
        "hit_rate_at_3": 0.50051,
        "hit_rate_at_5": 0.59795,
        "hit_rate_at_10": 0.69436,
        "hit_rate_at_20": 0.77846,
        "hit_rate_at_100": 0.93744,
        "hit_rate_at_1000": 0.98462,
        "main_score": 0.47548,
        "hf_subset": "default",
        "languages": [
          "eng-Latn"
        ],
        "mteb_version": "2.16.3"
      }
    ],
    "dev": [
      {
        "ndcg_at_1": 0.25103,
        "ndcg_at_3": 0.39917,
        "ndcg_at_5": 0.45195,
        "ndcg_at_10": 0.48205,
        "ndcg_at_20": 0.50476,
        "ndcg_at_100": 0.52922,
        "ndcg_at_1000": 0.53422,
        "map_at_1": 0.25103,
        "map_at_3": 0.36351,
        "map_at_5": 0.39294,
        "map_at_10": 0.40585,
        "map_at_20": 0.41199,
        "map_at_100": 0.4154,
        "map_at_1000": 0.41556,
        "recall_at_1": 0.25103,
        "recall_at_3": 0.50206,
        "recall_at_5": 0.62963,
        "recall_at_10": 0.72016,
        "recall_at_20": 0.8107,
        "recall_at_100": 0.94239,
        "recall_at_1000": 0.98354,
        "accuracy": 0.25103,
        "precision_at_1": 0.25103,
        "precision_at_3": 0.16735,
        "precision_at_5": 0.12593,
        "precision_at_10": 0.07202,
        "precision_at_20": 0.04053,
        "precision_at_100": 0.00942,
        "precision_at_1000": 0.00098,
        "mrr_at_1": 0.251029,
        "mrr_at_3": 0.363512,
        "mrr_at_5": 0.392936,
        "mrr_at_10": 0.405851,
        "mrr_at_20": 0.411991,
        "mrr_at_100": 0.415403,
        "mrr_at_1000": 0.415558,
        "nauc_ndcg_at_1_max": -0.026855,
        "nauc_ndcg_at_1_std": -0.163865,
        "nauc_ndcg_at_1_diff1": 0.39197,
        "nauc_ndcg_at_3_max": 0.020811,
        "nauc_ndcg_at_3_std": -0.1589,
        "nauc_ndcg_at_3_diff1": 0.408789,
        "nauc_ndcg_at_5_max": 0.032275,
        "nauc_ndcg_at_5_std": -0.166669,
        "nauc_ndcg_at_5_diff1": 0.386671,
        "nauc_ndcg_at_10_max": 0.03971,
        "nauc_ndcg_at_10_std": -0.171929,
        "nauc_ndcg_at_10_diff1": 0.378237,
        "nauc_ndcg_at_20_max": 0.034429,
        "nauc_ndcg_at_20_std": -0.172751,
        "nauc_ndcg_at_20_diff1": 0.366551,