{
  "dataset_revision": "main",
  "task_name": "BioASQ-RAG-Resplit-ctx-rfg",
  "mteb_version": "2.18.0",
  "scores": {
    "test": [
      {
        "ndcg_at_1": 0.81827,
        "ndcg_at_3": 0.80485,
        "ndcg_at_5": 0.79836,
        "ndcg_at_10": 0.803,
        "ndcg_at_20": 0.82691,
        "ndcg_at_100": 0.8643,
        "ndcg_at_1000": 0.86992,
        "map_at_1": 0.28373,
        "map_at_3": 0.44587,
        "map_at_5": 0.53062,
        "map_at_10": 0.64325,
        "map_at_20": 0.72285,
        "map_at_100": 0.76926,
        "map_at_1000": 0.77054,
        "recall_at_1": 0.28373,
        "recall_at_3": 0.46912,
        "recall_at_5": 0.57273,
        "recall_at_10": 0.7238,
        "recall_at_20": 0.8548,
        "recall_at_100": 0.97539,
        "recall_at_1000": 0.99568,
        "accuracy": 0.28373,
        "precision_at_1": 0.81827,
        "precision_at_3": 0.65673,
        "precision_at_5": 0.57372,
        "precision_at_10": 0.45368,
        "precision_at_20": 0.31799,
        "precision_at_100": 0.08577,
        "precision_at_1000": 0.00881,
        "mrr_at_1": 0.818267,
        "mrr_at_3": 0.863156,
        "mrr_at_5": 0.869354,
        "mrr_at_10": 0.873123,
        "mrr_at_20": 0.87433,
        "mrr_at_100": 0.874703,
        "mrr_at_1000": 0.874712,
        "nauc_ndcg_at_1_max": 0.358547,
        "nauc_ndcg_at_1_std": -0.379668,
        "nauc_ndcg_at_1_diff1": 0.485414,
        "nauc_ndcg_at_3_max": 0.307985,
        "nauc_ndcg_at_3_std": -0.381728,
        "nauc_ndcg_at_3_diff1": 0.355537,
        "nauc_ndcg_at_5_max": 0.281443,
        "nauc_ndcg_at_5_std": -0.379287,
        "nauc_ndcg_at_5_diff1": 0.334784,
        "nauc_ndcg_at_10_max": 0.268997,
        "nauc_ndcg_at_10_std": -0.407028,
        "nauc_ndcg_at_10_diff1": 0.325084,
        "nauc_ndcg_at_20_max": 0.274531,
        "nauc_ndcg_at_20_std": -0.441629,
        "nauc_ndcg_at_20_diff1": 0.317764,
        "nauc_ndcg_at_100_max": 0.298571,
        "nauc_ndcg_at_100_std": -0.326983,
        "nauc_ndcg_at_100_diff1": 0.30954,
        "nauc_ndcg_at_1000_max": 0.296916,
        "nauc_ndcg_at_1000_std": -0.325757,
        "nauc_ndcg_at_1000_diff1": 0.319412,
        "nauc_map_at_1_max": 0.190233,
        "nauc_map_at_1_std": -0.483576,
        "nauc_map_at_1_diff1": 0.666357,
        "nauc_map_at_3_max": 0.155672,
        "nauc_map_at_3_std": -0.586888,
        "nauc_map_at_3_diff1": 0.557589,
        "nauc_map_at_5_max": 0.157882,
        "nauc_map_at_5_std": -0.625203,
        "nauc_map_at_5_diff1": 0.5042,
        "nauc_map_at_10_max": 0.196937,
        "nauc_map_at_10_std": -0.635598,
        "nauc_map_at_10_diff1": 0.430223,
        "nauc_map_at_20_max": 0.248865,
        "nauc_map_at_20_std": -0.558869,
        "nauc_map_at_20_diff1": 0.362914,
        "nauc_map_at_100_max": 0.276651,
        "nauc_map_at_100_std": -0.377392,
        "nauc_map_at_100_diff1": 0.306347,
        "nauc_map_at_1000_max": 0.275884,
        "nauc_map_at_1000_std": -0.374669,
        "nauc_map_at_1000_diff1": 0.306542,
        "nauc_recall_at_1_max": 0.190233,
        "nauc_recall_at_1_std": -0.483576,
        "nauc_recall_at_1_diff1": 0.666357,
        "nauc_recall_at_3_max": 0.135315,
        "nauc_recall_at_3_std": -0.596448,
        "nauc_recall_at_3_diff1": 0.531255,
        "nauc_recall_at_5_max": 0.119049,
        "nauc_recall_at_5_std": -0.652794,
        "nauc_recall_at_5_diff1": 0.476022,
        "nauc_recall_at_10_max": 0.14372,
        "nauc_recall_at_10_std": -0.720287,
        "nauc_recall_at_10_diff1": 0.407649,
        "nauc_recall_at_20_max": 0.188002,
        "nauc_recall_at_20_std": -0.754841,
        "nauc_recall_at_20_diff1": 0.319135,
        "nauc_recall_at_100_max": 0.254425,
        "nauc_recall_at_100_std": 0.012137,
        "nauc_recall_at_100_diff1": -0.027598,
        "nauc_recall_at_1000_max": 0.115206,
        "nauc_recall_at_1000_std": 0.502407,
        "nauc_recall_at_1000_diff1": -0.219315,
        "nauc_precision_at_1_max": 0.358547,
        "nauc_precision_at_1_std": -0.379668,
        "nauc_precision_at_1_diff1": 0.485414,
        "nauc_precision_at_3_max": 0.063924,
        "nauc_precision_at_3_std": 0.082489,
        "nauc_precision_at_3_diff1": -0.294504,
        "nauc_precision_at_5_max": 0.031944,
        "nauc_precision_at_5_std": 0.203027,
        "nauc_precision_at_5_diff1": -0.374345,
        "nauc_precision_at_10_max": 0.037447,
        "nauc_precision_at_10_std": 0.346438,
        "nauc_precision_at_10_diff1": -0.398349,
        "nauc_precision_at_20_max": 0.029216,
        "nauc_precision_at_20_std": 0.472859,
        "nauc_precision_at_20_diff1": -0.393771,
        "nauc_precision_at_100_max": -0.002776,
        "nauc_precision_at_100_std": 0.641524,
        "nauc_precision_at_100_diff1": -0.38227,
        "nauc_precision_at_1000_max": -0.01302,
        "nauc_precision_at_1000_std": 0.642357,
        "nauc_precision_at_1000_diff1": -0.37746,
        "nauc_mrr_at_1_max": 0.358547,
        "nauc_mrr_at_1_std": -0.379668,
        "nauc_mrr_at_1_diff1": 0.485414,
        "nauc_mrr_at_3_max": 0.344906,
        "nauc_mrr_at_3_std": -0.406951,
        "nauc_mrr_at_3_diff1": 0.461107,
        "nauc_mrr_at_5_max": 0.342336,
        "nauc_mrr_at_5_std": -0.406872,
        "nauc_mrr_at_5_diff1": 0.462326,
        "nauc_mrr_at_10_max": 0.341237,
        "nauc_mrr_at_10_std": -0.403214,
        "nauc_mrr_at_10_diff1": 0.46284,
        "nauc_mrr_at_20_max": 0.341893,
        "nauc_mrr_at_20_std": -0.40182,
        "nauc_mrr_at_20_diff1": 0.463327,
        "nauc_mrr_at_100_max": 0.343108,
        "nauc_mrr_at_100_std": -0.400382,
        "nauc_mrr_at_100_diff1": 0.464278,
        "nauc_mrr_at_1000_max": 0.343059,
        "nauc_mrr_at_1000_std": -0.400471,
        "nauc_mrr_at_1000_diff1": 0.464271,
        "hit_rate_at_1": 0.81827,
        "hit_rate_at_3": 0.91426,
        "hit_rate_at_5": 0.94035,
        "hit_rate_at_10": 0.96831,
        "hit_rate_at_20": 0.98509,
        "hit_rate_at_100": 0.99627,
        "hit_rate_at_1000": 0.99814,
        "main_score": 0.803,
        "hf_subset": "default",
        "languages": [
          "eng-Latn"
        ],
        "mteb_version": "2.18.0"
      }
    ]
  },
  "evaluation_time": 309.3835200429894,
  "kg_co2_emissions": null,
  "date": 1784426265.12446,
  "evaluation_phases": [
    {
      "name": "Data loading",
      "start": 0.0,
      "end": 3.532857025973499,
      "split": "",
      "subset": ""
    },
    {
      "name": "Encoding queries and documents",
      "start": 3.5569889708422124,
      "end": 308.4900355718564,
      "split": "test",
      "subset": "default"
    },
    {
      "name": "Scoring",
      "start": 308.490068404004,
      "end": 309.34740903880447,
      "split": "test",
      "subset": "default"
    }
  ]
}