{
  "dataset_revision": "main",
  "task_name": "BioASQ-RAG-Resplit-ctx-rfg",
  "mteb_version": "2.18.0",
  "scores": {
    "test": [
      {
        "ndcg_at_1": 0.81081,
        "ndcg_at_3": 0.79385,
        "ndcg_at_5": 0.78806,
        "ndcg_at_10": 0.78524,
        "ndcg_at_20": 0.80187,
        "ndcg_at_100": 0.84299,
        "ndcg_at_1000": 0.8528,
        "map_at_1": 0.27875,
        "map_at_3": 0.43496,
        "map_at_5": 0.51717,
        "map_at_10": 0.62207,
        "map_at_20": 0.69444,
        "map_at_100": 0.73966,
        "map_at_1000": 0.74163,
        "recall_at_1": 0.27875,
        "recall_at_3": 0.45838,
        "recall_at_5": 0.56291,
        "recall_at_10": 0.69869,
        "recall_at_20": 0.81603,
        "recall_at_100": 0.95134,
        "recall_at_1000": 0.98855,
        "accuracy": 0.27875,
        "precision_at_1": 0.81081,
        "precision_at_3": 0.64741,
        "precision_at_5": 0.56701,
        "precision_at_10": 0.44343,
        "precision_at_20": 0.30648,
        "precision_at_100": 0.08365,
        "precision_at_1000": 0.00878,
        "mrr_at_1": 0.810811,
        "mrr_at_3": 0.855856,
        "mrr_at_5": 0.863917,
        "mrr_at_10": 0.866331,
        "mrr_at_20": 0.867176,
        "mrr_at_100": 0.867672,
        "mrr_at_1000": 0.867684,
        "nauc_ndcg_at_1_max": 0.514063,
        "nauc_ndcg_at_1_std": -0.295623,
        "nauc_ndcg_at_1_diff1": 0.391834,
        "nauc_ndcg_at_3_max": 0.457691,
        "nauc_ndcg_at_3_std": -0.260358,
        "nauc_ndcg_at_3_diff1": 0.270432,
        "nauc_ndcg_at_5_max": 0.472981,
        "nauc_ndcg_at_5_std": -0.25521,
        "nauc_ndcg_at_5_diff1": 0.274782,
        "nauc_ndcg_at_10_max": 0.468821,
        "nauc_ndcg_at_10_std": -0.276021,
        "nauc_ndcg_at_10_diff1": 0.293422,
        "nauc_ndcg_at_20_max": 0.466961,
        "nauc_ndcg_at_20_std": -0.318123,
        "nauc_ndcg_at_20_diff1": 0.287288,
        "nauc_ndcg_at_100_max": 0.478784,
        "nauc_ndcg_at_100_std": -0.221608,
        "nauc_ndcg_at_100_diff1": 0.267567,
        "nauc_ndcg_at_1000_max": 0.475474,
        "nauc_ndcg_at_1000_std": -0.215316,
        "nauc_ndcg_at_1000_diff1": 0.272204,
        "nauc_map_at_1_max": 0.436987,
        "nauc_map_at_1_std": -0.44204,
        "nauc_map_at_1_diff1": 0.696206,
        "nauc_map_at_3_max": 0.399753,
        "nauc_map_at_3_std": -0.522385,
        "nauc_map_at_3_diff1": 0.573918,
        "nauc_map_at_5_max": 0.414819,
        "nauc_map_at_5_std": -0.548714,
        "nauc_map_at_5_diff1": 0.508833,
        "nauc_map_at_10_max": 0.438167,
        "nauc_map_at_10_std": -0.53049,
        "nauc_map_at_10_diff1": 0.421864,
        "nauc_map_at_20_max": 0.451256,
        "nauc_map_at_20_std": -0.443895,
        "nauc_map_at_20_diff1": 0.33853,
        "nauc_map_at_100_max": 0.462902,
        "nauc_map_at_100_std": -0.28595,
        "nauc_map_at_100_diff1": 0.28571,
        "nauc_map_at_1000_max": 0.461875,
        "nauc_map_at_1000_std": -0.28178,
        "nauc_map_at_1000_diff1": 0.285061,
        "nauc_recall_at_1_max": 0.436987,
        "nauc_recall_at_1_std": -0.44204,
        "nauc_recall_at_1_diff1": 0.696206,
        "nauc_recall_at_3_max": 0.372351,
        "nauc_recall_at_3_std": -0.525775,
        "nauc_recall_at_3_diff1": 0.554124,
        "nauc_recall_at_5_max": 0.379205,
        "nauc_recall_at_5_std": -0.563567,
        "nauc_recall_at_5_diff1": 0.487285,
        "nauc_recall_at_10_max": 0.396707,
        "nauc_recall_at_10_std": -0.580587,
        "nauc_recall_at_10_diff1": 0.407239,
        "nauc_recall_at_20_max": 0.394813,
        "nauc_recall_at_20_std": -0.534121,
        "nauc_recall_at_20_diff1": 0.297266,
        "nauc_recall_at_100_max": 0.422087,
        "nauc_recall_at_100_std": 0.017322,
        "nauc_recall_at_100_diff1": 0.111109,
        "nauc_recall_at_1000_max": 0.462587,
        "nauc_recall_at_1000_std": 0.433578,
        "nauc_recall_at_1000_diff1": 0.098751,
        "nauc_precision_at_1_max": 0.514063,
        "nauc_precision_at_1_std": -0.295623,
        "nauc_precision_at_1_diff1": 0.391834,
        "nauc_precision_at_3_max": 0.001272,
        "nauc_precision_at_3_std": 0.121055,
        "nauc_precision_at_3_diff1": -0.361716,
        "nauc_precision_at_5_max": -0.045596,
        "nauc_precision_at_5_std": 0.233602,
        "nauc_precision_at_5_diff1": -0.433654,
        "nauc_precision_at_10_max": -0.079096,
        "nauc_precision_at_10_std": 0.349942,
        "nauc_precision_at_10_diff1": -0.431383,
        "nauc_precision_at_20_max": -0.107215,
        "nauc_precision_at_20_std": 0.449674,
        "nauc_precision_at_20_diff1": -0.421768,
        "nauc_precision_at_100_max": -0.142242,
        "nauc_precision_at_100_std": 0.605269,
        "nauc_precision_at_100_diff1": -0.397319,
        "nauc_precision_at_1000_max": -0.159371,
        "nauc_precision_at_1000_std": 0.604766,
        "nauc_precision_at_1000_diff1": -0.388171,
        "nauc_mrr_at_1_max": 0.514063,
        "nauc_mrr_at_1_std": -0.295623,
        "nauc_mrr_at_1_diff1": 0.391834,
        "nauc_mrr_at_3_max": 0.507888,
        "nauc_mrr_at_3_std": -0.287738,
        "nauc_mrr_at_3_diff1": 0.368948,
        "nauc_mrr_at_5_max": 0.516685,
        "nauc_mrr_at_5_std": -0.287564,
        "nauc_mrr_at_5_diff1": 0.370828,
        "nauc_mrr_at_10_max": 0.514973,
        "nauc_mrr_at_10_std": -0.284895,
        "nauc_mrr_at_10_diff1": 0.36751,
        "nauc_mrr_at_20_max": 0.514896,
        "nauc_mrr_at_20_std": -0.28488,
        "nauc_mrr_at_20_diff1": 0.367117,
        "nauc_mrr_at_100_max": 0.514564,
        "nauc_mrr_at_100_std": -0.285087,
        "nauc_mrr_at_100_diff1": 0.367446,
        "nauc_mrr_at_1000_max": 0.514537,
        "nauc_mrr_at_1000_std": -0.2851,
        "nauc_mrr_at_1000_diff1": 0.367485,
        "hit_rate_at_1": 0.81081,
        "hit_rate_at_3": 0.90774,
        "hit_rate_at_5": 0.94222,
        "hit_rate_at_10": 0.95993,
        "hit_rate_at_20": 0.97297,
        "hit_rate_at_100": 0.99068,
        "hit_rate_at_1000": 0.99534,
        "main_score": 0.78524,
        "hf_subset": "default",
        "languages": [
          "eng-Latn"
        ],
        "mteb_version": "2.18.0"
      }
    ]
  },
  "evaluation_time": 245.01275037415326,
  "kg_co2_emissions": null,
  "date": 1784429865.584154,
  "evaluation_phases": [
    {
      "name": "Data loading",
      "start": 0.0,
      "end": 3.4716784700285643,
      "split": "",
      "subset": ""
    },
    {
      "name": "Encoding queries and documents",
      "start": 3.499291141051799,
      "end": 244.08143625594676,
      "split": "test",
      "subset": "default"
    },
    {
      "name": "Scoring",
      "start": 244.0814971011132,
      "end": 244.97812325600535,
      "split": "test",
      "subset": "default"
    }
  ]
}