{
  "dataset_revision": "main",
  "task_name": "BioASQ-RAG-Resplit-ctx-k3-Title",
  "mteb_version": "2.18.0",
  "scores": {
    "test": [
      {
        "ndcg_at_1": 0.91426,
        "ndcg_at_3": 0.90767,
        "ndcg_at_5": 0.89632,
        "ndcg_at_10": 0.89532,
        "ndcg_at_20": 0.9089,
        "ndcg_at_100": 0.93138,
        "ndcg_at_1000": 0.9333,
        "map_at_1": 0.31162,
        "map_at_3": 0.51628,
        "map_at_5": 0.6142,
        "map_at_10": 0.74054,
        "map_at_20": 0.82192,
        "map_at_100": 0.86396,
        "map_at_1000": 0.86462,
        "recall_at_1": 0.31162,
        "recall_at_3": 0.54199,
        "recall_at_5": 0.65333,
        "recall_at_10": 0.80342,
        "recall_at_20": 0.9139,
        "recall_at_100": 0.99251,
        "recall_at_1000": 0.99793,
        "accuracy": 0.31162,
        "precision_at_1": 0.91426,
        "precision_at_3": 0.74868,
        "precision_at_5": 0.64604,
        "precision_at_10": 0.50103,
        "precision_at_20": 0.3404,
        "precision_at_100": 0.08715,
        "precision_at_1000": 0.00882,
        "mrr_at_1": 0.914259,
        "mrr_at_3": 0.949053,
        "mrr_at_5": 0.95059,
        "mrr_at_10": 0.950879,
        "mrr_at_20": 0.950986,
        "mrr_at_100": 0.950986,
        "mrr_at_1000": 0.950986,
        "nauc_ndcg_at_1_max": 0.097956,
        "nauc_ndcg_at_1_std": -0.290123,
        "nauc_ndcg_at_1_diff1": 0.251917,
        "nauc_ndcg_at_3_max": 0.143969,
        "nauc_ndcg_at_3_std": -0.412686,
        "nauc_ndcg_at_3_diff1": 0.163874,
        "nauc_ndcg_at_5_max": 0.213869,
        "nauc_ndcg_at_5_std": -0.430402,
        "nauc_ndcg_at_5_diff1": 0.209965,
        "nauc_ndcg_at_10_max": 0.242701,
        "nauc_ndcg_at_10_std": -0.507779,
        "nauc_ndcg_at_10_diff1": 0.252699,
        "nauc_ndcg_at_20_max": 0.26806,
        "nauc_ndcg_at_20_std": -0.559629,
        "nauc_ndcg_at_20_diff1": 0.266069,
        "nauc_ndcg_at_100_max": 0.239171,
        "nauc_ndcg_at_100_std": -0.396005,
        "nauc_ndcg_at_100_diff1": 0.213809,
        "nauc_ndcg_at_1000_max": 0.224196,
        "nauc_ndcg_at_1000_std": -0.377382,
        "nauc_ndcg_at_1000_diff1": 0.208387,
        "nauc_map_at_1_max": 0.162605,
        "nauc_map_at_1_std": -0.396834,
        "nauc_map_at_1_diff1": 0.611919,
        "nauc_map_at_3_max": 0.171589,
        "nauc_map_at_3_std": -0.559012,
        "nauc_map_at_3_diff1": 0.546574,
        "nauc_map_at_5_max": 0.19752,
        "nauc_map_at_5_std": -0.650747,
        "nauc_map_at_5_diff1": 0.509216,
        "nauc_map_at_10_max": 0.237314,
        "nauc_map_at_10_std": -0.747914,
        "nauc_map_at_10_diff1": 0.429252,
        "nauc_map_at_20_max": 0.254492,
        "nauc_map_at_20_std": -0.715125,
        "nauc_map_at_20_diff1": 0.32493,
        "nauc_map_at_100_max": 0.261048,
        "nauc_map_at_100_std": -0.476015,
        "nauc_map_at_100_diff1": 0.238429,
        "nauc_map_at_1000_max": 0.258648,
        "nauc_map_at_1000_std": -0.47128,
        "nauc_map_at_1000_diff1": 0.237551,
        "nauc_recall_at_1_max": 0.162605,
        "nauc_recall_at_1_std": -0.396834,
        "nauc_recall_at_1_diff1": 0.611919,
        "nauc_recall_at_3_max": 0.16209,
        "nauc_recall_at_3_std": -0.57502,
        "nauc_recall_at_3_diff1": 0.537597,
        "nauc_recall_at_5_max": 0.194899,
        "nauc_recall_at_5_std": -0.68244,
        "nauc_recall_at_5_diff1": 0.519,
        "nauc_recall_at_10_max": 0.243985,
        "nauc_recall_at_10_std": -0.868299,
        "nauc_recall_at_10_diff1": 0.474902,
        "nauc_recall_at_20_max": 0.295294,
        "nauc_recall_at_20_std": -1.044932,
        "nauc_recall_at_20_diff1": 0.409143,
        "nauc_recall_at_100_max": 0.565292,
        "nauc_recall_at_100_std": -0.45312,
        "nauc_recall_at_100_diff1": 0.368997,
        "nauc_recall_at_1000_max": 0.214123,
        "nauc_recall_at_1000_std": 0.26656,
        "nauc_recall_at_1000_diff1": 0.417828,
        "nauc_precision_at_1_max": 0.097956,
        "nauc_precision_at_1_std": -0.290123,
        "nauc_precision_at_1_diff1": 0.251917,
        "nauc_precision_at_3_max": -0.094047,
        "nauc_precision_at_3_std": 0.174486,
        "nauc_precision_at_3_diff1": -0.559489,
        "nauc_precision_at_5_max": -0.075174,
        "nauc_precision_at_5_std": 0.249811,
        "nauc_precision_at_5_diff1": -0.548089,
        "nauc_precision_at_10_max": -0.080506,
        "nauc_precision_at_10_std": 0.355727,
        "nauc_precision_at_10_diff1": -0.503725,
        "nauc_precision_at_20_max": -0.097794,
        "nauc_precision_at_20_std": 0.470216,
        "nauc_precision_at_20_diff1": -0.461107,
        "nauc_precision_at_100_max": -0.115624,
        "nauc_precision_at_100_std": 0.630137,
        "nauc_precision_at_100_diff1": -0.422525,
        "nauc_precision_at_1000_max": -0.122657,
        "nauc_precision_at_1000_std": 0.635715,
        "nauc_precision_at_1000_diff1": -0.420335,
        "nauc_mrr_at_1_max": 0.097956,
        "nauc_mrr_at_1_std": -0.290123,
        "nauc_mrr_at_1_diff1": 0.251917,
        "nauc_mrr_at_3_max": 0.108893,
        "nauc_mrr_at_3_std": -0.341714,
        "nauc_mrr_at_3_diff1": 0.258381,
        "nauc_mrr_at_5_max": 0.120776,
        "nauc_mrr_at_5_std": -0.337963,
        "nauc_mrr_at_5_diff1": 0.263468,
        "nauc_mrr_at_10_max": 0.118386,
        "nauc_mrr_at_10_std": -0.334783,
        "nauc_mrr_at_10_diff1": 0.262381,
        "nauc_mrr_at_20_max": 0.117428,
        "nauc_mrr_at_20_std": -0.332297,
        "nauc_mrr_at_20_diff1": 0.261408,
        "nauc_mrr_at_100_max": 0.117428,
        "nauc_mrr_at_100_std": -0.332297,
        "nauc_mrr_at_100_diff1": 0.261408,
        "nauc_mrr_at_1000_max": 0.117428,
        "nauc_mrr_at_1000_std": -0.332297,
        "nauc_mrr_at_1000_diff1": 0.261408,
        "hit_rate_at_1": 0.91426,
        "hit_rate_at_3": 0.98882,
        "hit_rate_at_5": 0.99534,
        "hit_rate_at_10": 0.9972,
        "hit_rate_at_20": 0.99907,
        "hit_rate_at_100": 0.99907,
        "hit_rate_at_1000": 0.99907,
        "main_score": 0.89532,
        "hf_subset": "default",
        "languages": [
          "eng-Latn"
        ],
        "mteb_version": "2.18.0"
      }
    ]
  },
  "evaluation_time": 326.1197629169328,
  "kg_co2_emissions": null,
  "date": 1784329045.233283,
  "evaluation_phases": [
    {
      "name": "Data loading",
      "start": 0.0,
      "end": 2.549122501979582,
      "split": "",
      "subset": ""
    },
    {
      "name": "Encoding queries and documents",
      "start": 2.5708361889701337,
      "end": 325.21974597394,
      "split": "test",
      "subset": "default"
    },
    {
      "name": "Scoring",
      "start": 325.21979714697227,
      "end": 326.08515371591784,
      "split": "test",
      "subset": "default"
    }
  ]
}