{
  "dataset_revision": "main",
  "task_name": "BioASQ-RAG-Resplit-ctx-rfg",
  "mteb_version": "2.18.0",
  "scores": {
    "test": [
      {
        "ndcg_at_1": 0.82665,
        "ndcg_at_3": 0.80225,
        "ndcg_at_5": 0.79766,
        "ndcg_at_10": 0.80317,
        "ndcg_at_20": 0.82557,
        "ndcg_at_100": 0.86347,
        "ndcg_at_1000": 0.86922,
        "map_at_1": 0.28469,
        "map_at_3": 0.44569,
        "map_at_5": 0.53072,
        "map_at_10": 0.64454,
        "map_at_20": 0.72272,
        "map_at_100": 0.76859,
        "map_at_1000": 0.76988,
        "recall_at_1": 0.28469,
        "recall_at_3": 0.46658,
        "recall_at_5": 0.57401,
        "recall_at_10": 0.72664,
        "recall_at_20": 0.85171,
        "recall_at_100": 0.97397,
        "recall_at_1000": 0.99402,
        "accuracy": 0.28469,
        "precision_at_1": 0.82665,
        "precision_at_3": 0.65207,
        "precision_at_5": 0.57185,
        "precision_at_10": 0.45294,
        "precision_at_20": 0.31631,
        "precision_at_100": 0.0855,
        "precision_at_1000": 0.0088,
        "mrr_at_1": 0.826654,
        "mrr_at_3": 0.864865,
        "mrr_at_5": 0.870876,
        "mrr_at_10": 0.874495,
        "mrr_at_20": 0.876033,
        "mrr_at_100": 0.876535,
        "mrr_at_1000": 0.876535,
        "nauc_ndcg_at_1_max": 0.23874,
        "nauc_ndcg_at_1_std": -0.371457,
        "nauc_ndcg_at_1_diff1": 0.37503,
        "nauc_ndcg_at_3_max": 0.207607,
        "nauc_ndcg_at_3_std": -0.38418,
        "nauc_ndcg_at_3_diff1": 0.2875,
        "nauc_ndcg_at_5_max": 0.207039,
        "nauc_ndcg_at_5_std": -0.378863,
        "nauc_ndcg_at_5_diff1": 0.278528,
        "nauc_ndcg_at_10_max": 0.205424,
        "nauc_ndcg_at_10_std": -0.409994,
        "nauc_ndcg_at_10_diff1": 0.279073,
        "nauc_ndcg_at_20_max": 0.220504,
        "nauc_ndcg_at_20_std": -0.432374,
        "nauc_ndcg_at_20_diff1": 0.27818,
        "nauc_ndcg_at_100_max": 0.232022,
        "nauc_ndcg_at_100_std": -0.32054,
        "nauc_ndcg_at_100_diff1": 0.262763,
        "nauc_ndcg_at_1000_max": 0.228741,
        "nauc_ndcg_at_1000_std": -0.319624,
        "nauc_ndcg_at_1000_diff1": 0.270782,
        "nauc_map_at_1_max": 0.185178,
        "nauc_map_at_1_std": -0.475167,
        "nauc_map_at_1_diff1": 0.649636,
        "nauc_map_at_3_max": 0.14424,
        "nauc_map_at_3_std": -0.57693,
        "nauc_map_at_3_diff1": 0.548237,
        "nauc_map_at_5_max": 0.144459,
        "nauc_map_at_5_std": -0.614948,
        "nauc_map_at_5_diff1": 0.494088,
        "nauc_map_at_10_max": 0.172336,
        "nauc_map_at_10_std": -0.631356,
        "nauc_map_at_10_diff1": 0.414252,
        "nauc_map_at_20_max": 0.209146,
        "nauc_map_at_20_std": -0.552595,
        "nauc_map_at_20_diff1": 0.337527,
        "nauc_map_at_100_max": 0.224814,
        "nauc_map_at_100_std": -0.376411,
        "nauc_map_at_100_diff1": 0.275511,
        "nauc_map_at_1000_max": 0.223942,
        "nauc_map_at_1000_std": -0.373893,
        "nauc_map_at_1000_diff1": 0.275354,
        "nauc_recall_at_1_max": 0.185178,
        "nauc_recall_at_1_std": -0.475167,
        "nauc_recall_at_1_diff1": 0.649636,
        "nauc_recall_at_3_max": 0.12096,
        "nauc_recall_at_3_std": -0.583678,
        "nauc_recall_at_3_diff1": 0.523626,
        "nauc_recall_at_5_max": 0.107033,
        "nauc_recall_at_5_std": -0.638108,
        "nauc_recall_at_5_diff1": 0.468227,
        "nauc_recall_at_10_max": 0.129759,
        "nauc_recall_at_10_std": -0.707156,
        "nauc_recall_at_10_diff1": 0.398496,
        "nauc_recall_at_20_max": 0.169586,
        "nauc_recall_at_20_std": -0.709084,
        "nauc_recall_at_20_diff1": 0.303663,
        "nauc_recall_at_100_max": 0.212328,
        "nauc_recall_at_100_std": 0.0375,
        "nauc_recall_at_100_diff1": 0.003099,
        "nauc_recall_at_1000_max": 0.091176,
        "nauc_recall_at_1000_std": 0.545203,
        "nauc_recall_at_1000_diff1": 0.06365,
        "nauc_precision_at_1_max": 0.23874,
        "nauc_precision_at_1_std": -0.371457,
        "nauc_precision_at_1_diff1": 0.37503,
        "nauc_precision_at_3_max": 0.003242,
        "nauc_precision_at_3_std": 0.063377,
        "nauc_precision_at_3_diff1": -0.316347,
        "nauc_precision_at_5_max": -0.007184,
        "nauc_precision_at_5_std": 0.192809,
        "nauc_precision_at_5_diff1": -0.396896,
        "nauc_precision_at_10_max": 0.006043,
        "nauc_precision_at_10_std": 0.327408,
        "nauc_precision_at_10_diff1": -0.41431,
        "nauc_precision_at_20_max": 0.003525,
        "nauc_precision_at_20_std": 0.45974,
        "nauc_precision_at_20_diff1": -0.407498,
        "nauc_precision_at_100_max": -0.025629,
        "nauc_precision_at_100_std": 0.629507,
        "nauc_precision_at_100_diff1": -0.400488,
        "nauc_precision_at_1000_max": -0.036063,
        "nauc_precision_at_1000_std": 0.628638,
        "nauc_precision_at_1000_diff1": -0.39664,
        "nauc_mrr_at_1_max": 0.23874,
        "nauc_mrr_at_1_std": -0.371457,
        "nauc_mrr_at_1_diff1": 0.37503,
        "nauc_mrr_at_3_max": 0.217296,
        "nauc_mrr_at_3_std": -0.399858,
        "nauc_mrr_at_3_diff1": 0.345243,
        "nauc_mrr_at_5_max": 0.22421,
        "nauc_mrr_at_5_std": -0.391187,
        "nauc_mrr_at_5_diff1": 0.351685,
        "nauc_mrr_at_10_max": 0.224783,
        "nauc_mrr_at_10_std": -0.39042,
        "nauc_mrr_at_10_diff1": 0.349706,
        "nauc_mrr_at_20_max": 0.224049,
        "nauc_mrr_at_20_std": -0.38802,
        "nauc_mrr_at_20_diff1": 0.35024,
        "nauc_mrr_at_100_max": 0.224875,
        "nauc_mrr_at_100_std": -0.38713,
        "nauc_mrr_at_100_diff1": 0.351196,
        "nauc_mrr_at_1000_max": 0.224875,
        "nauc_mrr_at_1000_std": -0.38713,
        "nauc_mrr_at_1000_diff1": 0.351196,
        "hit_rate_at_1": 0.82665,
        "hit_rate_at_3": 0.90867,
        "hit_rate_at_5": 0.93569,
        "hit_rate_at_10": 0.96179,
        "hit_rate_at_20": 0.98229,
        "hit_rate_at_100": 0.9972,
        "hit_rate_at_1000": 0.9972,
        "main_score": 0.80317,
        "hf_subset": "default",
        "languages": [
          "eng-Latn"
        ],
        "mteb_version": "2.18.0"
      }
    ]
  },
  "evaluation_time": 308.73516402207315,
  "kg_co2_emissions": null,
  "date": 1784425899.396306,
  "evaluation_phases": [
    {
      "name": "Data loading",
      "start": 0.0,
      "end": 3.604434131877497,
      "split": "",
      "subset": ""
    },
    {
      "name": "Encoding queries and documents",
      "start": 3.628208122914657,
      "end": 307.8514427570626,
      "split": "test",
      "subset": "default"
    },
    {
      "name": "Scoring",
      "start": 307.85147654404864,
      "end": 308.70416706288233,
      "split": "test",
      "subset": "default"
    }
  ]
}