{
  "dataset_revision": "main",
  "task_name": "BioASQ-RAG-Resplit-ctx-rfg",
  "mteb_version": "2.18.0",
  "scores": {
    "test": [
      {
        "ndcg_at_1": 0.80708,
        "ndcg_at_3": 0.78126,
        "ndcg_at_5": 0.77334,
        "ndcg_at_10": 0.77308,
        "ndcg_at_20": 0.79286,
        "ndcg_at_100": 0.83554,
        "ndcg_at_1000": 0.84539,
        "map_at_1": 0.27701,
        "map_at_3": 0.42662,
        "map_at_5": 0.50535,
        "map_at_10": 0.60942,
        "map_at_20": 0.68203,
        "map_at_100": 0.72814,
        "map_at_1000": 0.73002,
        "recall_at_1": 0.27701,
        "recall_at_3": 0.44959,
        "recall_at_5": 0.54751,
        "recall_at_10": 0.68848,
        "recall_at_20": 0.81017,
        "recall_at_100": 0.94986,
        "recall_at_1000": 0.98804,
        "accuracy": 0.27701,
        "precision_at_1": 0.80708,
        "precision_at_3": 0.63591,
        "precision_at_5": 0.55564,
        "precision_at_10": 0.43616,
        "precision_at_20": 0.3048,
        "precision_at_100": 0.08384,
        "precision_at_1000": 0.00877,
        "mrr_at_1": 0.807083,
        "mrr_at_3": 0.851196,
        "mrr_at_5": 0.856974,
        "mrr_at_10": 0.859686,
        "mrr_at_20": 0.861214,
        "mrr_at_100": 0.861789,
        "mrr_at_1000": 0.861805,
        "nauc_ndcg_at_1_max": 0.4126,
        "nauc_ndcg_at_1_std": -0.215335,
        "nauc_ndcg_at_1_diff1": 0.49227,
        "nauc_ndcg_at_3_max": 0.351891,
        "nauc_ndcg_at_3_std": -0.233446,
        "nauc_ndcg_at_3_diff1": 0.367406,
        "nauc_ndcg_at_5_max": 0.324107,
        "nauc_ndcg_at_5_std": -0.234264,
        "nauc_ndcg_at_5_diff1": 0.343625,
        "nauc_ndcg_at_10_max": 0.341094,
        "nauc_ndcg_at_10_std": -0.249548,
        "nauc_ndcg_at_10_diff1": 0.369206,
        "nauc_ndcg_at_20_max": 0.344284,
        "nauc_ndcg_at_20_std": -0.278239,
        "nauc_ndcg_at_20_diff1": 0.372116,
        "nauc_ndcg_at_100_max": 0.371481,
        "nauc_ndcg_at_100_std": -0.167959,
        "nauc_ndcg_at_100_diff1": 0.364689,
        "nauc_ndcg_at_1000_max": 0.364439,
        "nauc_ndcg_at_1000_std": -0.166568,
        "nauc_ndcg_at_1000_diff1": 0.363677,
        "nauc_map_at_1_max": 0.30559,
        "nauc_map_at_1_std": -0.419661,
        "nauc_map_at_1_diff1": 0.659325,
        "nauc_map_at_3_max": 0.271819,
        "nauc_map_at_3_std": -0.50065,
        "nauc_map_at_3_diff1": 0.568583,
        "nauc_map_at_5_max": 0.265452,
        "nauc_map_at_5_std": -0.527903,
        "nauc_map_at_5_diff1": 0.51708,
        "nauc_map_at_10_max": 0.300585,
        "nauc_map_at_10_std": -0.49918,
        "nauc_map_at_10_diff1": 0.462549,
        "nauc_map_at_20_max": 0.33578,
        "nauc_map_at_20_std": -0.404795,
        "nauc_map_at_20_diff1": 0.41537,
        "nauc_map_at_100_max": 0.351936,
        "nauc_map_at_100_std": -0.237327,
        "nauc_map_at_100_diff1": 0.369439,
        "nauc_map_at_1000_max": 0.351174,
        "nauc_map_at_1000_std": -0.233632,
        "nauc_map_at_1000_diff1": 0.368088,
        "nauc_recall_at_1_max": 0.30559,
        "nauc_recall_at_1_std": -0.419661,
        "nauc_recall_at_1_diff1": 0.659325,
        "nauc_recall_at_3_max": 0.241359,
        "nauc_recall_at_3_std": -0.516044,
        "nauc_recall_at_3_diff1": 0.53787,
        "nauc_recall_at_5_max": 0.212736,
        "nauc_recall_at_5_std": -0.560571,
        "nauc_recall_at_5_diff1": 0.475979,
        "nauc_recall_at_10_max": 0.242179,
        "nauc_recall_at_10_std": -0.561885,
        "nauc_recall_at_10_diff1": 0.422298,
        "nauc_recall_at_20_max": 0.256596,
        "nauc_recall_at_20_std": -0.516484,
        "nauc_recall_at_20_diff1": 0.356135,
        "nauc_recall_at_100_max": 0.387155,
        "nauc_recall_at_100_std": 0.118595,
        "nauc_recall_at_100_diff1": 0.250378,
        "nauc_recall_at_1000_max": 0.308844,
        "nauc_recall_at_1000_std": 0.432582,
        "nauc_recall_at_1000_diff1": 0.221157,
        "nauc_precision_at_1_max": 0.4126,
        "nauc_precision_at_1_std": -0.215335,
        "nauc_precision_at_1_diff1": 0.49227,
        "nauc_precision_at_3_max": 0.040999,
        "nauc_precision_at_3_std": 0.120078,
        "nauc_precision_at_3_diff1": -0.2227,
        "nauc_precision_at_5_max": -0.018632,
        "nauc_precision_at_5_std": 0.217623,
        "nauc_precision_at_5_diff1": -0.326757,
        "nauc_precision_at_10_max": -0.00882,
        "nauc_precision_at_10_std": 0.34501,
        "nauc_precision_at_10_diff1": -0.339256,
        "nauc_precision_at_20_max": -0.022328,
        "nauc_precision_at_20_std": 0.456624,
        "nauc_precision_at_20_diff1": -0.344936,
        "nauc_precision_at_100_max": -0.056391,
        "nauc_precision_at_100_std": 0.613889,
        "nauc_precision_at_100_diff1": -0.362561,
        "nauc_precision_at_1000_max": -0.0721,
        "nauc_precision_at_1000_std": 0.6098,
        "nauc_precision_at_1000_diff1": -0.367531,
        "nauc_mrr_at_1_max": 0.4126,
        "nauc_mrr_at_1_std": -0.215335,
        "nauc_mrr_at_1_diff1": 0.49227,
        "nauc_mrr_at_3_max": 0.394599,
        "nauc_mrr_at_3_std": -0.243419,
        "nauc_mrr_at_3_diff1": 0.475529,
        "nauc_mrr_at_5_max": 0.399402,
        "nauc_mrr_at_5_std": -0.237783,
        "nauc_mrr_at_5_diff1": 0.475695,
        "nauc_mrr_at_10_max": 0.398182,
        "nauc_mrr_at_10_std": -0.236976,
        "nauc_mrr_at_10_diff1": 0.474544,
        "nauc_mrr_at_20_max": 0.398961,
        "nauc_mrr_at_20_std": -0.233827,
        "nauc_mrr_at_20_diff1": 0.475478,
        "nauc_mrr_at_100_max": 0.399082,
        "nauc_mrr_at_100_std": -0.232403,
        "nauc_mrr_at_100_diff1": 0.475154,
        "nauc_mrr_at_1000_max": 0.399081,
        "nauc_mrr_at_1000_std": -0.232519,
        "nauc_mrr_at_1000_diff1": 0.475177,
        "hit_rate_at_1": 0.80708,
        "hit_rate_at_3": 0.90494,
        "hit_rate_at_5": 0.9301,
        "hit_rate_at_10": 0.94967,
        "hit_rate_at_20": 0.97111,
        "hit_rate_at_100": 0.99161,
        "hit_rate_at_1000": 0.99534,
        "main_score": 0.77308,
        "hf_subset": "default",
        "languages": [
          "eng-Latn"
        ],
        "mteb_version": "2.18.0"
      }
    ]
  },
  "evaluation_time": 968.6524832979776,
  "kg_co2_emissions": null,
  "date": 1784437172.167983,
  "evaluation_phases": [
    {
      "name": "Data loading",
      "start": 0.0,
      "end": 3.50615348899737,
      "split": "",
      "subset": ""
    },
    {
      "name": "Encoding queries and documents",
      "start": 3.5304857240989804,
      "end": 967.732495039003,
      "split": "test",
      "subset": "default"
    },
    {
      "name": "Scoring",
      "start": 967.7325317070354,
      "end": 968.6147436189931,
      "split": "test",
      "subset": "default"
    }
  ]
}