{
  "dataset_revision": "main",
  "task_name": "TelcoDPR-RAG-ctx-k10",
  "mteb_version": "2.18.0",
  "scores": {
    "test": [
      {
        "ndcg_at_1": 0.57744,
        "ndcg_at_3": 0.70092,
        "ndcg_at_5": 0.71828,
        "ndcg_at_10": 0.73899,
        "ndcg_at_20": 0.74478,
        "ndcg_at_100": 0.75489,
        "ndcg_at_1000": 0.75678,
        "map_at_1": 0.57744,
        "map_at_3": 0.67145,
        "map_at_5": 0.6811,
        "map_at_10": 0.68982,
        "map_at_20": 0.69141,
        "map_at_100": 0.69273,
        "map_at_1000": 0.6928,
        "recall_at_1": 0.57744,
        "recall_at_3": 0.78585,
        "recall_at_5": 0.82792,
        "recall_at_10": 0.89101,
        "recall_at_20": 0.91396,
        "recall_at_100": 0.96941,
        "recall_at_1000": 0.9847,
        "accuracy": 0.57744,
        "precision_at_1": 0.57744,
        "precision_at_3": 0.26195,
        "precision_at_5": 0.16558,
        "precision_at_10": 0.0891,
        "precision_at_20": 0.0457,
        "precision_at_100": 0.00969,
        "precision_at_1000": 0.00098,
        "mrr_at_1": 0.577438,
        "mrr_at_3": 0.671447,
        "mrr_at_5": 0.681103,
        "mrr_at_10": 0.689818,
        "mrr_at_20": 0.69141,
        "mrr_at_100": 0.692731,
        "mrr_at_1000": 0.692798,
        "nauc_ndcg_at_1_max": 0.00203,
        "nauc_ndcg_at_1_std": -0.483587,
        "nauc_ndcg_at_1_diff1": 0.609213,
        "nauc_ndcg_at_3_max": -0.019444,
        "nauc_ndcg_at_3_std": -0.572191,
        "nauc_ndcg_at_3_diff1": 0.526042,
        "nauc_ndcg_at_5_max": -0.017491,
        "nauc_ndcg_at_5_std": -0.561449,
        "nauc_ndcg_at_5_diff1": 0.528533,
        "nauc_ndcg_at_10_max": -0.008189,
        "nauc_ndcg_at_10_std": -0.520923,
        "nauc_ndcg_at_10_diff1": 0.522491,
        "nauc_ndcg_at_20_max": -0.010571,
        "nauc_ndcg_at_20_std": -0.520074,
        "nauc_ndcg_at_20_diff1": 0.528469,
        "nauc_ndcg_at_100_max": -0.001985,
        "nauc_ndcg_at_100_std": -0.499735,
        "nauc_ndcg_at_100_diff1": 0.539856,
        "nauc_ndcg_at_1000_max": -0.005292,
        "nauc_ndcg_at_1000_std": -0.508774,
        "nauc_ndcg_at_1000_diff1": 0.538714,
        "nauc_map_at_1_max": 0.00203,
        "nauc_map_at_1_std": -0.483587,
        "nauc_map_at_1_diff1": 0.609213,
        "nauc_map_at_3_max": -0.01195,
        "nauc_map_at_3_std": -0.547193,
        "nauc_map_at_3_diff1": 0.549924,
        "nauc_map_at_5_max": -0.010841,
        "nauc_map_at_5_std": -0.541687,
        "nauc_map_at_5_diff1": 0.55199,
        "nauc_map_at_10_max": -0.007169,
        "nauc_map_at_10_std": -0.526422,
        "nauc_map_at_10_diff1": 0.550204,
        "nauc_map_at_20_max": -0.007875,
        "nauc_map_at_20_std": -0.526084,
        "nauc_map_at_20_diff1": 0.551397,
        "nauc_map_at_100_max": -0.006677,
        "nauc_map_at_100_std": -0.523423,
        "nauc_map_at_100_diff1": 0.552491,
        "nauc_map_at_1000_max": -0.00676,
        "nauc_map_at_1000_std": -0.523637,
        "nauc_map_at_1000_diff1": 0.552474,
        "nauc_recall_at_1_max": 0.00203,
        "nauc_recall_at_1_std": -0.483587,
        "nauc_recall_at_1_diff1": 0.609213,
        "nauc_recall_at_3_max": -0.049455,
        "nauc_recall_at_3_std": -0.669523,
        "nauc_recall_at_3_diff1": 0.432816,
        "nauc_recall_at_5_max": -0.04831,
        "nauc_recall_at_5_std": -0.648198,
        "nauc_recall_at_5_diff1": 0.421143,
        "nauc_recall_at_10_max": -0.008272,
        "nauc_recall_at_10_std": -0.443568,
        "nauc_recall_at_10_diff1": 0.33312,
        "nauc_recall_at_20_max": -0.027766,
        "nauc_recall_at_20_std": -0.419459,
        "nauc_recall_at_20_diff1": 0.35169,
        "nauc_recall_at_100_max": 0.215217,
        "nauc_recall_at_100_std": 0.425311,
        "nauc_recall_at_100_diff1": 0.472618,
        "nauc_recall_at_1000_max": 0.097619,
        "nauc_recall_at_1000_std": 0.362148,
        "nauc_recall_at_1000_diff1": 0.277543,
        "nauc_precision_at_1_max": 0.00203,
        "nauc_precision_at_1_std": -0.483587,
        "nauc_precision_at_1_diff1": 0.609213,
        "nauc_precision_at_3_max": -0.049455,
        "nauc_precision_at_3_std": -0.669523,
        "nauc_precision_at_3_diff1": 0.432816,
        "nauc_precision_at_5_max": -0.04831,
        "nauc_precision_at_5_std": -0.648198,
        "nauc_precision_at_5_diff1": 0.421143,
        "nauc_precision_at_10_max": -0.008272,
        "nauc_precision_at_10_std": -0.443568,
        "nauc_precision_at_10_diff1": 0.33312,
        "nauc_precision_at_20_max": -0.027766,
        "nauc_precision_at_20_std": -0.419459,
        "nauc_precision_at_20_diff1": 0.35169,
        "nauc_precision_at_100_max": 0.215217,
        "nauc_precision_at_100_std": 0.425311,
        "nauc_precision_at_100_diff1": 0.472618,
        "nauc_precision_at_1000_max": 0.097619,
        "nauc_precision_at_1000_std": 0.362148,
        "nauc_precision_at_1000_diff1": 0.277543,
        "nauc_mrr_at_1_max": 0.00203,
        "nauc_mrr_at_1_std": -0.483587,
        "nauc_mrr_at_1_diff1": 0.609213,
        "nauc_mrr_at_3_max": -0.01195,
        "nauc_mrr_at_3_std": -0.547193,
        "nauc_mrr_at_3_diff1": 0.549924,
        "nauc_mrr_at_5_max": -0.010841,
        "nauc_mrr_at_5_std": -0.541687,
        "nauc_mrr_at_5_diff1": 0.55199,
        "nauc_mrr_at_10_max": -0.007169,
        "nauc_mrr_at_10_std": -0.526422,
        "nauc_mrr_at_10_diff1": 0.550204,
        "nauc_mrr_at_20_max": -0.007875,
        "nauc_mrr_at_20_std": -0.526084,
        "nauc_mrr_at_20_diff1": 0.551397,
        "nauc_mrr_at_100_max": -0.006677,
        "nauc_mrr_at_100_std": -0.523423,
        "nauc_mrr_at_100_diff1": 0.552491,
        "nauc_mrr_at_1000_max": -0.00676,
        "nauc_mrr_at_1000_std": -0.523637,
        "nauc_mrr_at_1000_diff1": 0.552474,
        "hit_rate_at_1": 0.57744,
        "hit_rate_at_3": 0.78585,
        "hit_rate_at_5": 0.82792,
        "hit_rate_at_10": 0.89101,
        "hit_rate_at_20": 0.91396,
        "hit_rate_at_100": 0.96941,
        "hit_rate_at_1000": 0.9847,
        "main_score": 0.73899,
        "hf_subset": "default",
        "languages": [
          "eng-Latn"
        ],
        "mteb_version": "2.18.0"
      }
    ]
  },
  "evaluation_time": 124.53734041599091,
  "kg_co2_emissions": null,
  "date": 1783996317.966095,
  "evaluation_phases": [
    {
      "name": "Data loading",
      "start": 0.0,
      "end": 2.2943520810222253,
      "split": "",
      "subset": ""
    },
    {
      "name": "Encoding queries and documents",
      "start": 2.3008511629886925,
      "end": 124.04962611396331,
      "split": "test",
      "subset": "default"
    },
    {
      "name": "Scoring",
      "start": 124.04964968003333,
      "end": 124.51575043995399,
      "split": "test",
      "subset": "default"
    }
  ]
}