{
  "dataset_revision": "main",
  "task_name": "QASPER-RAG-ctx-k5",
  "mteb_version": "2.18.0",
  "scores": {
    "test": [
      {
        "ndcg_at_1": 0.48702,
        "ndcg_at_3": 0.54239,
        "ndcg_at_5": 0.57524,
        "ndcg_at_10": 0.62107,
        "ndcg_at_20": 0.65914,
        "ndcg_at_100": 0.69102,
        "ndcg_at_1000": 0.6914,
        "map_at_1": 0.29034,
        "map_at_3": 0.44387,
        "map_at_5": 0.48609,
        "map_at_10": 0.52185,
        "map_at_20": 0.54289,
        "map_at_100": 0.55491,
        "map_at_1000": 0.55498,
        "recall_at_1": 0.29034,
        "recall_at_3": 0.54594,
        "recall_at_5": 0.64656,
        "recall_at_10": 0.77436,
        "recall_at_20": 0.88467,
        "recall_at_100": 0.99844,
        "recall_at_1000": 1.0,
        "accuracy": 0.29034,
        "precision_at_1": 0.48702,
        "precision_at_3": 0.34275,
        "precision_at_5": 0.26046,
        "precision_at_10": 0.17031,
        "precision_at_20": 0.10615,
        "precision_at_100": 0.02611,
        "precision_at_1000": 0.00262,
        "mrr_at_1": 0.487023,
        "mrr_at_3": 0.601272,
        "mrr_at_5": 0.619288,
        "mrr_at_10": 0.630575,
        "mrr_at_20": 0.6341,
        "mrr_at_100": 0.635532,
        "mrr_at_1000": 0.635532,
        "nauc_ndcg_at_1_max": 0.19055,
        "nauc_ndcg_at_1_std": -0.149438,
        "nauc_ndcg_at_1_diff1": 0.295538,
        "nauc_ndcg_at_3_max": 0.136345,
        "nauc_ndcg_at_3_std": -0.217404,
        "nauc_ndcg_at_3_diff1": 0.217406,
        "nauc_ndcg_at_5_max": 0.143396,
        "nauc_ndcg_at_5_std": -0.256597,
        "nauc_ndcg_at_5_diff1": 0.243333,
        "nauc_ndcg_at_10_max": 0.143656,
        "nauc_ndcg_at_10_std": -0.270043,
        "nauc_ndcg_at_10_diff1": 0.243523,
        "nauc_ndcg_at_20_max": 0.146611,
        "nauc_ndcg_at_20_std": -0.281127,
        "nauc_ndcg_at_20_diff1": 0.245371,
        "nauc_ndcg_at_100_max": 0.148308,
        "nauc_ndcg_at_100_std": -0.225907,
        "nauc_ndcg_at_100_diff1": 0.250213,
        "nauc_ndcg_at_1000_max": 0.147653,
        "nauc_ndcg_at_1000_std": -0.225164,
        "nauc_ndcg_at_1000_diff1": 0.250579,
        "nauc_map_at_1_max": 0.137854,
        "nauc_map_at_1_std": -0.145149,
        "nauc_map_at_1_diff1": 0.338375,
        "nauc_map_at_3_max": 0.136606,
        "nauc_map_at_3_std": -0.201319,
        "nauc_map_at_3_diff1": 0.251417,
        "nauc_map_at_5_max": 0.137497,
        "nauc_map_at_5_std": -0.231217,
        "nauc_map_at_5_diff1": 0.250998,
        "nauc_map_at_10_max": 0.142046,
        "nauc_map_at_10_std": -0.241387,
        "nauc_map_at_10_diff1": 0.247044,
        "nauc_map_at_20_max": 0.144673,
        "nauc_map_at_20_std": -0.243866,
        "nauc_map_at_20_diff1": 0.246906,
        "nauc_map_at_100_max": 0.145998,
        "nauc_map_at_100_std": -0.227602,
        "nauc_map_at_100_diff1": 0.246764,
        "nauc_map_at_1000_max": 0.145872,
        "nauc_map_at_1000_std": -0.227529,
        "nauc_map_at_1000_diff1": 0.246784,
        "nauc_recall_at_1_max": 0.137854,
        "nauc_recall_at_1_std": -0.145149,
        "nauc_recall_at_1_diff1": 0.338375,
        "nauc_recall_at_3_max": 0.094519,
        "nauc_recall_at_3_std": -0.238698,
        "nauc_recall_at_3_diff1": 0.179954,
        "nauc_recall_at_5_max": 0.098234,
        "nauc_recall_at_5_std": -0.328125,
        "nauc_recall_at_5_diff1": 0.205124,
        "nauc_recall_at_10_max": 0.081174,
        "nauc_recall_at_10_std": -0.410761,
        "nauc_recall_at_10_diff1": 0.182391,
        "nauc_recall_at_20_max": 0.105127,
        "nauc_recall_at_20_std": -0.617868,
        "nauc_recall_at_20_diff1": 0.171126,
        "nauc_recall_at_100_max": 0.354828,
        "nauc_recall_at_100_std": -0.647222,
        "nauc_recall_at_100_diff1": -0.092928,
        "nauc_recall_at_1000_max": NaN,
        "nauc_recall_at_1000_std": NaN,
        "nauc_recall_at_1000_diff1": NaN,
        "nauc_precision_at_1_max": 0.19055,
        "nauc_precision_at_1_std": -0.149438,
        "nauc_precision_at_1_diff1": 0.295538,
        "nauc_precision_at_3_max": 0.097246,
        "nauc_precision_at_3_std": -0.152917,
        "nauc_precision_at_3_diff1": 0.000746,
        "nauc_precision_at_5_max": 0.066416,
        "nauc_precision_at_5_std": -0.153582,
        "nauc_precision_at_5_diff1": -0.023571,
        "nauc_precision_at_10_max": 0.038433,
        "nauc_precision_at_10_std": -0.078868,
        "nauc_precision_at_10_diff1": -0.076987,
        "nauc_precision_at_20_max": 0.019732,
        "nauc_precision_at_20_std": -0.005438,
        "nauc_precision_at_20_diff1": -0.100503,
        "nauc_precision_at_100_max": 0.000556,
        "nauc_precision_at_100_std": 0.164391,
        "nauc_precision_at_100_diff1": -0.111483,
        "nauc_precision_at_1000_max": -0.00235,
        "nauc_precision_at_1000_std": 0.165323,
        "nauc_precision_at_1000_diff1": -0.110969,
        "nauc_mrr_at_1_max": 0.19055,
        "nauc_mrr_at_1_std": -0.149438,
        "nauc_mrr_at_1_diff1": 0.295538,
        "nauc_mrr_at_3_max": 0.165014,
        "nauc_mrr_at_3_std": -0.191473,
        "nauc_mrr_at_3_diff1": 0.260412,
        "nauc_mrr_at_5_max": 0.167321,
        "nauc_mrr_at_5_std": -0.203901,
        "nauc_mrr_at_5_diff1": 0.271951,
        "nauc_mrr_at_10_max": 0.165829,
        "nauc_mrr_at_10_std": -0.200223,
        "nauc_mrr_at_10_diff1": 0.270168,
        "nauc_mrr_at_20_max": 0.166953,
        "nauc_mrr_at_20_std": -0.200866,
        "nauc_mrr_at_20_diff1": 0.271138,
        "nauc_mrr_at_100_max": 0.166958,
        "nauc_mrr_at_100_std": -0.198449,
        "nauc_mrr_at_100_diff1": 0.27138,
        "nauc_mrr_at_1000_max": 0.166958,
        "nauc_mrr_at_1000_std": -0.198449,
        "nauc_mrr_at_1000_diff1": 0.27138,
        "hit_rate_at_1": 0.48702,
        "hit_rate_at_3": 0.74275,
        "hit_rate_at_5": 0.82061,
        "hit_rate_at_10": 0.90458,
        "hit_rate_at_20": 0.95649,
        "hit_rate_at_100": 1.0,
        "hit_rate_at_1000": 1.0,
        "main_score": 0.62107,
        "hf_subset": "default",
        "languages": [
          "eng-Latn"
        ],
        "mteb_version": "2.18.0"
      }
    ]
  },
  "evaluation_time": 205.623373027076,
  "kg_co2_emissions": null,
  "date": 1783996398.222294,
  "evaluation_phases": [
    {
      "name": "Data loading",
      "start": 0.0,
      "end": 2.329454848077148,
      "split": "",
      "subset": ""
    },
    {
      "name": "Encoding queries and documents",
      "start": 2.342772328061983,
      "end": 204.41105438000523,
      "split": "test",
      "subset": "default"
    },
    {
      "name": "Scoring",
      "start": 204.41108280606568,
      "end": 205.58556763606612,
      "split": "test",
      "subset": "default"
    }
  ]
}