{
  "dataset_revision": "main",
  "task_name": "NarrativeQA-RAG-ctx-k10",
  "mteb_version": "2.18.0",
  "scores": {
    "test": [
      {
        "ndcg_at_1": 0.77135,
        "ndcg_at_3": 0.82241,
        "ndcg_at_5": 0.83184,
        "ndcg_at_10": 0.83844,
        "ndcg_at_20": 0.84328,
        "ndcg_at_100": 0.85058,
        "ndcg_at_1000": 0.85513,
        "map_at_1": 0.77135,
        "map_at_3": 0.81022,
        "map_at_5": 0.81548,
        "map_at_10": 0.81821,
        "map_at_20": 0.81954,
        "map_at_100": 0.82053,
        "map_at_1000": 0.82069,
        "recall_at_1": 0.77135,
        "recall_at_3": 0.85752,
        "recall_at_5": 0.88033,
        "recall_at_10": 0.90066,
        "recall_at_20": 0.91984,
        "recall_at_100": 0.95935,
        "recall_at_1000": 0.99618,
        "accuracy": 0.77135,
        "precision_at_1": 0.77135,
        "precision_at_3": 0.28584,
        "precision_at_5": 0.17607,
        "precision_at_10": 0.09007,
        "precision_at_20": 0.04599,
        "precision_at_100": 0.00959,
        "precision_at_1000": 0.001,
        "mrr_at_1": 0.771352,
        "mrr_at_3": 0.810224,
        "mrr_at_5": 0.815482,
        "mrr_at_10": 0.818213,
        "mrr_at_20": 0.819541,
        "mrr_at_100": 0.820535,
        "mrr_at_1000": 0.82069,
        "nauc_ndcg_at_1_max": 0.623925,
        "nauc_ndcg_at_1_std": -0.164313,
        "nauc_ndcg_at_1_diff1": 0.807729,
        "nauc_ndcg_at_3_max": 0.646953,
        "nauc_ndcg_at_3_std": -0.184175,
        "nauc_ndcg_at_3_diff1": 0.769798,
        "nauc_ndcg_at_5_max": 0.651285,
        "nauc_ndcg_at_5_std": -0.184672,
        "nauc_ndcg_at_5_diff1": 0.765791,
        "nauc_ndcg_at_10_max": 0.653093,
        "nauc_ndcg_at_10_std": -0.181356,
        "nauc_ndcg_at_10_diff1": 0.763491,
        "nauc_ndcg_at_20_max": 0.653986,
        "nauc_ndcg_at_20_std": -0.174156,
        "nauc_ndcg_at_20_diff1": 0.76558,
        "nauc_ndcg_at_100_max": 0.65138,
        "nauc_ndcg_at_100_std": -0.168557,
        "nauc_ndcg_at_100_diff1": 0.767915,
        "nauc_ndcg_at_1000_max": 0.649049,
        "nauc_ndcg_at_1000_std": -0.172242,
        "nauc_ndcg_at_1000_diff1": 0.771863,
        "nauc_map_at_1_max": 0.623925,
        "nauc_map_at_1_std": -0.164313,
        "nauc_map_at_1_diff1": 0.807729,
        "nauc_map_at_3_max": 0.641011,
        "nauc_map_at_3_std": -0.178447,
        "nauc_map_at_3_diff1": 0.779858,
        "nauc_map_at_5_max": 0.643089,
        "nauc_map_at_5_std": -0.17862,
        "nauc_map_at_5_diff1": 0.778035,
        "nauc_map_at_10_max": 0.643703,
        "nauc_map_at_10_std": -0.17727,
        "nauc_map_at_10_diff1": 0.77738,
        "nauc_map_at_20_max": 0.643877,
        "nauc_map_at_20_std": -0.175557,
        "nauc_map_at_20_diff1": 0.778048,
        "nauc_map_at_100_max": 0.643605,
        "nauc_map_at_100_std": -0.174861,
        "nauc_map_at_100_diff1": 0.778424,
        "nauc_map_at_1000_max": 0.643544,
        "nauc_map_at_1000_std": -0.174904,
        "nauc_map_at_1000_diff1": 0.778541,
        "nauc_recall_at_1_max": 0.623925,
        "nauc_recall_at_1_std": -0.164313,
        "nauc_recall_at_1_diff1": 0.807729,
        "nauc_recall_at_3_max": 0.668659,
        "nauc_recall_at_3_std": -0.205455,
        "nauc_recall_at_3_diff1": 0.732885,
        "nauc_recall_at_5_max": 0.686353,
        "nauc_recall_at_5_std": -0.21025,
        "nauc_recall_at_5_diff1": 0.713805,
        "nauc_recall_at_10_max": 0.70063,
        "nauc_recall_at_10_std": -0.199463,
        "nauc_recall_at_10_diff1": 0.693417,
        "nauc_recall_at_20_max": 0.717984,
        "nauc_recall_at_20_std": -0.150569,
        "nauc_recall_at_20_diff1": 0.690934,
        "nauc_recall_at_100_max": 0.726481,
        "nauc_recall_at_100_std": -0.027605,
        "nauc_recall_at_100_diff1": 0.659973,
        "nauc_recall_at_1000_max": 0.759148,
        "nauc_recall_at_1000_std": 0.138643,
        "nauc_recall_at_1000_diff1": 0.751653,
        "nauc_precision_at_1_max": 0.623925,
        "nauc_precision_at_1_std": -0.164313,
        "nauc_precision_at_1_diff1": 0.807729,
        "nauc_precision_at_3_max": 0.668659,
        "nauc_precision_at_3_std": -0.205455,
        "nauc_precision_at_3_diff1": 0.732885,
        "nauc_precision_at_5_max": 0.686353,
        "nauc_precision_at_5_std": -0.21025,
        "nauc_precision_at_5_diff1": 0.713805,
        "nauc_precision_at_10_max": 0.70063,
        "nauc_precision_at_10_std": -0.199463,
        "nauc_precision_at_10_diff1": 0.693417,
        "nauc_precision_at_20_max": 0.717984,
        "nauc_precision_at_20_std": -0.150569,
        "nauc_precision_at_20_diff1": 0.690934,
        "nauc_precision_at_100_max": 0.726481,
        "nauc_precision_at_100_std": -0.027605,
        "nauc_precision_at_100_diff1": 0.659973,
        "nauc_precision_at_1000_max": 0.759148,
        "nauc_precision_at_1000_std": 0.138643,
        "nauc_precision_at_1000_diff1": 0.751653,
        "nauc_mrr_at_1_max": 0.623925,
        "nauc_mrr_at_1_std": -0.164313,
        "nauc_mrr_at_1_diff1": 0.807729,
        "nauc_mrr_at_3_max": 0.641011,
        "nauc_mrr_at_3_std": -0.178447,
        "nauc_mrr_at_3_diff1": 0.779858,
        "nauc_mrr_at_5_max": 0.643089,
        "nauc_mrr_at_5_std": -0.17862,
        "nauc_mrr_at_5_diff1": 0.778035,
        "nauc_mrr_at_10_max": 0.643703,
        "nauc_mrr_at_10_std": -0.17727,
        "nauc_mrr_at_10_diff1": 0.77738,
        "nauc_mrr_at_20_max": 0.643877,
        "nauc_mrr_at_20_std": -0.175557,
        "nauc_mrr_at_20_diff1": 0.778048,
        "nauc_mrr_at_100_max": 0.643605,
        "nauc_mrr_at_100_std": -0.174861,
        "nauc_mrr_at_100_diff1": 0.778424,
        "nauc_mrr_at_1000_max": 0.643544,
        "nauc_mrr_at_1000_std": -0.174904,
        "nauc_mrr_at_1000_diff1": 0.778541,
        "hit_rate_at_1": 0.77135,
        "hit_rate_at_3": 0.85752,
        "hit_rate_at_5": 0.88033,
        "hit_rate_at_10": 0.90066,
        "hit_rate_at_20": 0.91984,
        "hit_rate_at_100": 0.95935,
        "hit_rate_at_1000": 0.99618,
        "main_score": 0.83844,
        "hf_subset": "default",
        "languages": [
          "eng-Latn"
        ],
        "mteb_version": "2.18.0"
      }
    ]
  },
  "evaluation_time": 2878.6334526420105,
  "kg_co2_emissions": null,
  "date": 1784006972.444319,
  "evaluation_phases": [
    {
      "name": "Data loading",
      "start": 0.0,
      "end": 3.2466261740773916,
      "split": "",
      "subset": ""
    },
    {
      "name": "Encoding queries and documents",
      "start": 3.3260362420696765,
      "end": 2870.4014917130116,
      "split": "test",
      "subset": "default"
    },
    {
      "name": "Scoring",
      "start": 2870.4015185490716,
      "end": 2878.471391041996,
      "split": "test",
      "subset": "default"
    }
  ]
}