{
  "dataset_revision": "main",
  "task_name": "BioASQ-RAG-Resplit-ctx-k1-Title",
  "mteb_version": "2.18.0",
  "scores": {
    "test": [
      {
        "ndcg_at_1": 0.94222,
        "ndcg_at_3": 0.9281,
        "ndcg_at_5": 0.91691,
        "ndcg_at_10": 0.91679,
        "ndcg_at_20": 0.92967,
        "ndcg_at_100": 0.94785,
        "ndcg_at_1000": 0.94941,
        "map_at_1": 0.3306,
        "map_at_3": 0.53653,
        "map_at_5": 0.638,
        "map_at_10": 0.76812,
        "map_at_20": 0.85095,
        "map_at_100": 0.89106,
        "map_at_1000": 0.89165,
        "recall_at_1": 0.3306,
        "recall_at_3": 0.55088,
        "recall_at_5": 0.66487,
        "recall_at_10": 0.81642,
        "recall_at_20": 0.92564,
        "recall_at_100": 0.99407,
        "recall_at_1000": 0.99817,
        "accuracy": 0.3306,
        "precision_at_1": 0.94222,
        "precision_at_3": 0.76235,
        "precision_at_5": 0.65853,
        "precision_at_10": 0.5109,
        "precision_at_20": 0.34613,
        "precision_at_100": 0.0873,
        "precision_at_1000": 0.00882,
        "mrr_at_1": 0.942218,
        "mrr_at_3": 0.963809,
        "mrr_at_5": 0.965533,
        "mrr_at_10": 0.965821,
        "mrr_at_20": 0.965888,
        "mrr_at_100": 0.965888,
        "mrr_at_1000": 0.965888,
        "nauc_ndcg_at_1_max": 0.10664,
        "nauc_ndcg_at_1_std": -0.413667,
        "nauc_ndcg_at_1_diff1": 0.243072,
        "nauc_ndcg_at_3_max": 0.218094,
        "nauc_ndcg_at_3_std": -0.49643,
        "nauc_ndcg_at_3_diff1": 0.172522,
        "nauc_ndcg_at_5_max": 0.282325,
        "nauc_ndcg_at_5_std": -0.507909,
        "nauc_ndcg_at_5_diff1": 0.260235,
        "nauc_ndcg_at_10_max": 0.30437,
        "nauc_ndcg_at_10_std": -0.603893,
        "nauc_ndcg_at_10_diff1": 0.31332,
        "nauc_ndcg_at_20_max": 0.332225,
        "nauc_ndcg_at_20_std": -0.66683,
        "nauc_ndcg_at_20_diff1": 0.331392,
        "nauc_ndcg_at_100_max": 0.280507,
        "nauc_ndcg_at_100_std": -0.515614,
        "nauc_ndcg_at_100_diff1": 0.248192,
        "nauc_ndcg_at_1000_max": 0.267037,
        "nauc_ndcg_at_1000_std": -0.49764,
        "nauc_ndcg_at_1000_diff1": 0.240514,
        "nauc_map_at_1_max": 0.492137,
        "nauc_map_at_1_std": -0.478408,
        "nauc_map_at_1_diff1": 0.802728,
        "nauc_map_at_3_max": 0.415586,
        "nauc_map_at_3_std": -0.633057,
        "nauc_map_at_3_diff1": 0.688292,
        "nauc_map_at_5_max": 0.395561,
        "nauc_map_at_5_std": -0.729657,
        "nauc_map_at_5_diff1": 0.634422,
        "nauc_map_at_10_max": 0.373275,
        "nauc_map_at_10_std": -0.846711,
        "nauc_map_at_10_diff1": 0.523805,
        "nauc_map_at_20_max": 0.35258,
        "nauc_map_at_20_std": -0.828063,
        "nauc_map_at_20_diff1": 0.409281,
        "nauc_map_at_100_max": 0.331437,
        "nauc_map_at_100_std": -0.588434,
        "nauc_map_at_100_diff1": 0.309589,
        "nauc_map_at_1000_max": 0.329226,
        "nauc_map_at_1000_std": -0.58388,
        "nauc_map_at_1000_diff1": 0.308471,
        "nauc_recall_at_1_max": 0.492137,
        "nauc_recall_at_1_std": -0.478408,
        "nauc_recall_at_1_diff1": 0.802728,
        "nauc_recall_at_3_max": 0.422552,
        "nauc_recall_at_3_std": -0.639567,
        "nauc_recall_at_3_diff1": 0.692988,
        "nauc_recall_at_5_max": 0.405243,
        "nauc_recall_at_5_std": -0.748055,
        "nauc_recall_at_5_diff1": 0.654641,
        "nauc_recall_at_10_max": 0.390485,
        "nauc_recall_at_10_std": -0.933783,
        "nauc_recall_at_10_diff1": 0.577478,
        "nauc_recall_at_20_max": 0.423174,
        "nauc_recall_at_20_std": -1.113453,
        "nauc_recall_at_20_diff1": 0.529639,
        "nauc_recall_at_100_max": 0.511918,
        "nauc_recall_at_100_std": -0.53403,
        "nauc_recall_at_100_diff1": 0.320032,
        "nauc_recall_at_1000_max": 0.180051,
        "nauc_recall_at_1000_std": 0.122802,
        "nauc_recall_at_1000_diff1": 0.027772,
        "nauc_precision_at_1_max": 0.10664,
        "nauc_precision_at_1_std": -0.413667,
        "nauc_precision_at_1_diff1": 0.243072,
        "nauc_precision_at_3_max": -0.493949,
        "nauc_precision_at_3_std": 0.285013,
        "nauc_precision_at_3_diff1": -0.850405,
        "nauc_precision_at_5_max": -0.432268,
        "nauc_precision_at_5_std": 0.355471,
        "nauc_precision_at_5_diff1": -0.779299,
        "nauc_precision_at_10_max": -0.362449,
        "nauc_precision_at_10_std": 0.445379,
        "nauc_precision_at_10_diff1": -0.677412,
        "nauc_precision_at_20_max": -0.31865,
        "nauc_precision_at_20_std": 0.543479,
        "nauc_precision_at_20_diff1": -0.584347,
        "nauc_precision_at_100_max": -0.293277,
        "nauc_precision_at_100_std": 0.669253,
        "nauc_precision_at_100_diff1": -0.515906,
        "nauc_precision_at_1000_max": -0.296527,
        "nauc_precision_at_1000_std": 0.673306,
        "nauc_precision_at_1000_diff1": -0.513166,
        "nauc_mrr_at_1_max": 0.10664,
        "nauc_mrr_at_1_std": -0.413667,
        "nauc_mrr_at_1_diff1": 0.243072,
        "nauc_mrr_at_3_max": 0.137381,
        "nauc_mrr_at_3_std": -0.470447,
        "nauc_mrr_at_3_diff1": 0.224378,
        "nauc_mrr_at_5_max": 0.122521,
        "nauc_mrr_at_5_std": -0.469859,
        "nauc_mrr_at_5_diff1": 0.225153,
        "nauc_mrr_at_10_max": 0.123302,
        "nauc_mrr_at_10_std": -0.459137,
        "nauc_mrr_at_10_diff1": 0.222613,
        "nauc_mrr_at_20_max": 0.123302,
        "nauc_mrr_at_20_std": -0.457788,
        "nauc_mrr_at_20_diff1": 0.223382,
        "nauc_mrr_at_100_max": 0.123302,
        "nauc_mrr_at_100_std": -0.457788,
        "nauc_mrr_at_100_diff1": 0.223382,
        "nauc_mrr_at_1000_max": 0.123302,
        "nauc_mrr_at_1000_std": -0.457788,
        "nauc_mrr_at_1000_diff1": 0.223382,
        "hit_rate_at_1": 0.94222,
        "hit_rate_at_3": 0.98882,
        "hit_rate_at_5": 0.99627,
        "hit_rate_at_10": 0.99814,
        "hit_rate_at_20": 0.99907,
        "hit_rate_at_100": 0.99907,
        "hit_rate_at_1000": 0.99907,
        "main_score": 0.91679,
        "hf_subset": "default",
        "languages": [
          "eng-Latn"
        ],
        "mteb_version": "2.18.0"
      }
    ]
  },
  "evaluation_time": 319.95373228297103,
  "kg_co2_emissions": null,
  "date": 1784333079.798443,
  "evaluation_phases": [
    {
      "name": "Data loading",
      "start": 0.0,
      "end": 2.540654578944668,
      "split": "",
      "subset": ""
    },
    {
      "name": "Encoding queries and documents",
      "start": 2.5690084639936686,
      "end": 319.0549135110341,
      "split": "test",
      "subset": "default"
    },
    {
      "name": "Scoring",
      "start": 319.05496374494396,
      "end": 319.91392437100876,
      "split": "test",
      "subset": "default"
    }
  ]
}