{
  "dataset_revision": "main",
  "task_name": "BioASQ-RAG-Resplit-Title",
  "mteb_version": "2.18.0",
  "scores": {
    "test": [
      {
        "ndcg_at_1": 0.96459,
        "ndcg_at_3": 0.94084,
        "ndcg_at_5": 0.93163,
        "ndcg_at_10": 0.92774,
        "ndcg_at_20": 0.93594,
        "ndcg_at_100": 0.95521,
        "ndcg_at_1000": 0.95762,
        "map_at_1": 0.34364,
        "map_at_3": 0.5516,
        "map_at_5": 0.6546,
        "map_at_10": 0.78244,
        "map_at_20": 0.86088,
        "map_at_100": 0.90038,
        "map_at_1000": 0.90118,
        "recall_at_1": 0.34364,
        "recall_at_3": 0.55928,
        "recall_at_5": 0.67139,
        "recall_at_10": 0.81916,
        "recall_at_20": 0.92003,
        "recall_at_100": 0.99089,
        "recall_at_1000": 0.99783,
        "accuracy": 0.34364,
        "precision_at_1": 0.96459,
        "precision_at_3": 0.7667,
        "precision_at_5": 0.66617,
        "precision_at_10": 0.51202,
        "precision_at_20": 0.34226,
        "precision_at_100": 0.08678,
        "precision_at_1000": 0.00882,
        "mrr_at_1": 0.964585,
        "mrr_at_3": 0.97872,
        "mrr_at_5": 0.979605,
        "mrr_at_10": 0.979605,
        "mrr_at_20": 0.979605,
        "mrr_at_100": 0.979605,
        "mrr_at_1000": 0.979605,
        "nauc_ndcg_at_1_max": 0.437047,
        "nauc_ndcg_at_1_std": -0.512324,
        "nauc_ndcg_at_1_diff1": 0.624222,
        "nauc_ndcg_at_3_max": 0.413324,
        "nauc_ndcg_at_3_std": -0.385175,
        "nauc_ndcg_at_3_diff1": 0.375145,
        "nauc_ndcg_at_5_max": 0.419618,
        "nauc_ndcg_at_5_std": -0.342866,
        "nauc_ndcg_at_5_diff1": 0.369341,
        "nauc_ndcg_at_10_max": 0.424227,
        "nauc_ndcg_at_10_std": -0.447643,
        "nauc_ndcg_at_10_diff1": 0.420138,
        "nauc_ndcg_at_20_max": 0.416565,
        "nauc_ndcg_at_20_std": -0.54996,
        "nauc_ndcg_at_20_diff1": 0.45618,
        "nauc_ndcg_at_100_max": 0.44283,
        "nauc_ndcg_at_100_std": -0.391017,
        "nauc_ndcg_at_100_diff1": 0.414272,
        "nauc_ndcg_at_1000_max": 0.442408,
        "nauc_ndcg_at_1000_std": -0.377182,
        "nauc_ndcg_at_1000_diff1": 0.412495,
        "nauc_map_at_1_max": 0.255218,
        "nauc_map_at_1_std": -0.535646,
        "nauc_map_at_1_diff1": 0.84128,
        "nauc_map_at_3_max": 0.186839,
        "nauc_map_at_3_std": -0.681998,
        "nauc_map_at_3_diff1": 0.72879,
        "nauc_map_at_5_max": 0.170457,
        "nauc_map_at_5_std": -0.7566,
        "nauc_map_at_5_diff1": 0.67254,
        "nauc_map_at_10_max": 0.216785,
        "nauc_map_at_10_std": -0.815158,
        "nauc_map_at_10_diff1": 0.597989,
        "nauc_map_at_20_max": 0.321473,
        "nauc_map_at_20_std": -0.735617,
        "nauc_map_at_20_diff1": 0.517089,
        "nauc_map_at_100_max": 0.418717,
        "nauc_map_at_100_std": -0.470585,
        "nauc_map_at_100_diff1": 0.430968,
        "nauc_map_at_1000_max": 0.418597,
        "nauc_map_at_1000_std": -0.465774,
        "nauc_map_at_1000_diff1": 0.430176,
        "nauc_recall_at_1_max": 0.255218,
        "nauc_recall_at_1_std": -0.535646,
        "nauc_recall_at_1_diff1": 0.84128,
        "nauc_recall_at_3_max": 0.176675,
        "nauc_recall_at_3_std": -0.685924,
        "nauc_recall_at_3_diff1": 0.723882,
        "nauc_recall_at_5_max": 0.145655,
        "nauc_recall_at_5_std": -0.773959,
        "nauc_recall_at_5_diff1": 0.667451,
        "nauc_recall_at_10_max": 0.161623,
        "nauc_recall_at_10_std": -0.885346,
        "nauc_recall_at_10_diff1": 0.604341,
        "nauc_recall_at_20_max": 0.22774,
        "nauc_recall_at_20_std": -0.954853,
        "nauc_recall_at_20_diff1": 0.556385,
        "nauc_recall_at_100_max": 0.426973,
        "nauc_recall_at_100_std": -0.224506,
        "nauc_recall_at_100_diff1": 0.366686,
        "nauc_recall_at_1000_max": 0.481654,
        "nauc_recall_at_1000_std": 0.163071,
        "nauc_recall_at_1000_diff1": 0.375482,
        "nauc_precision_at_1_max": 0.437047,
        "nauc_precision_at_1_std": -0.512324,
        "nauc_precision_at_1_diff1": 0.624222,
        "nauc_precision_at_3_max": -0.192342,
        "nauc_precision_at_3_std": 0.423149,
        "nauc_precision_at_3_diff1": -0.868195,
        "nauc_precision_at_5_max": -0.153908,
        "nauc_precision_at_5_std": 0.512492,
        "nauc_precision_at_5_diff1": -0.81502,
        "nauc_precision_at_10_max": -0.076655,
        "nauc_precision_at_10_std": 0.574155,
        "nauc_precision_at_10_diff1": -0.685639,
        "nauc_precision_at_20_max": -0.039312,
        "nauc_precision_at_20_std": 0.632961,
        "nauc_precision_at_20_diff1": -0.594245,
        "nauc_precision_at_100_max": -0.045807,
        "nauc_precision_at_100_std": 0.719688,
        "nauc_precision_at_100_diff1": -0.535971,
        "nauc_precision_at_1000_max": -0.051251,
        "nauc_precision_at_1000_std": 0.717912,
        "nauc_precision_at_1000_diff1": -0.530657,
        "nauc_mrr_at_1_max": 0.437047,
        "nauc_mrr_at_1_std": -0.512324,
        "nauc_mrr_at_1_diff1": 0.624222,
        "nauc_mrr_at_3_max": 0.459805,
        "nauc_mrr_at_3_std": -0.494399,
        "nauc_mrr_at_3_diff1": 0.598533,
        "nauc_mrr_at_5_max": 0.455542,
        "nauc_mrr_at_5_std": -0.504651,
        "nauc_mrr_at_5_diff1": 0.607073,
        "nauc_mrr_at_10_max": 0.455542,
        "nauc_mrr_at_10_std": -0.504651,
        "nauc_mrr_at_10_diff1": 0.607073,
        "nauc_mrr_at_20_max": 0.455542,
        "nauc_mrr_at_20_std": -0.504651,
        "nauc_mrr_at_20_diff1": 0.607073,
        "nauc_mrr_at_100_max": 0.455542,
        "nauc_mrr_at_100_std": -0.504651,
        "nauc_mrr_at_100_diff1": 0.607073,
        "nauc_mrr_at_1000_max": 0.455542,
        "nauc_mrr_at_1000_std": -0.504651,
        "nauc_mrr_at_1000_diff1": 0.607073,
        "hit_rate_at_1": 0.96459,
        "hit_rate_at_3": 0.99534,
        "hit_rate_at_5": 0.99907,
        "hit_rate_at_10": 0.99907,
        "hit_rate_at_20": 0.99907,
        "hit_rate_at_100": 0.99907,
        "hit_rate_at_1000": 0.99907,
        "main_score": 0.92774,
        "hf_subset": "default",
        "languages": [
          "eng-Latn"
        ],
        "mteb_version": "2.18.0"
      }
    ]
  },
  "evaluation_time": 244.5620836210437,
  "kg_co2_emissions": null,
  "date": 1784325489.533984,
  "evaluation_phases": [
    {
      "name": "Data loading",
      "start": 0.0,
      "end": 5.83505212503951,
      "split": "",
      "subset": ""
    },
    {
      "name": "Encoding queries and documents",
      "start": 5.862452744971961,
      "end": 243.6680690899957,
      "split": "test",
      "subset": "default"
    },
    {
      "name": "Scoring",
      "start": 243.66810477897525,
      "end": 244.52551431104075,
      "split": "test",
      "subset": "default"
    }
  ]
}