{
  "dataset_revision": "main",
  "task_name": "TelcoDPR-RAG-ctx-k3-Title",
  "mteb_version": "2.18.0",
  "scores": {
    "test": [
      {
        "ndcg_at_1": 0.65392,
        "ndcg_at_3": 0.76705,
        "ndcg_at_5": 0.79684,
        "ndcg_at_10": 0.8104,
        "ndcg_at_20": 0.81754,
        "ndcg_at_100": 0.82052,
        "ndcg_at_1000": 0.82052,
        "map_at_1": 0.65392,
        "map_at_3": 0.73996,
        "map_at_5": 0.75688,
        "map_at_10": 0.76245,
        "map_at_20": 0.7646,
        "map_at_100": 0.76507,
        "map_at_1000": 0.76507,
        "recall_at_1": 0.65392,
        "recall_at_3": 0.84512,
        "recall_at_5": 0.91587,
        "recall_at_10": 0.95793,
        "recall_at_20": 0.9847,
        "recall_at_100": 1.0,
        "recall_at_1000": 1.0,
        "accuracy": 0.65392,
        "precision_at_1": 0.65392,
        "precision_at_3": 0.28171,
        "precision_at_5": 0.18317,
        "precision_at_10": 0.09579,
        "precision_at_20": 0.04924,
        "precision_at_100": 0.01,
        "precision_at_1000": 0.001,
        "mrr_at_1": 0.65392,
        "mrr_at_3": 0.739962,
        "mrr_at_5": 0.756883,
        "mrr_at_10": 0.76245,
        "mrr_at_20": 0.764603,
        "mrr_at_100": 0.765066,
        "mrr_at_1000": 0.765066,
        "nauc_ndcg_at_1_max": 0.074683,
        "nauc_ndcg_at_1_std": -0.452054,
        "nauc_ndcg_at_1_diff1": 0.561143,
        "nauc_ndcg_at_3_max": 0.12245,
        "nauc_ndcg_at_3_std": -0.440113,
        "nauc_ndcg_at_3_diff1": 0.454483,
        "nauc_ndcg_at_5_max": 0.132231,
        "nauc_ndcg_at_5_std": -0.439151,
        "nauc_ndcg_at_5_diff1": 0.441094,
        "nauc_ndcg_at_10_max": 0.129408,
        "nauc_ndcg_at_10_std": -0.421638,
        "nauc_ndcg_at_10_diff1": 0.456863,
        "nauc_ndcg_at_20_max": 0.112103,
        "nauc_ndcg_at_20_std": -0.426227,
        "nauc_ndcg_at_20_diff1": 0.470461,
        "nauc_ndcg_at_100_max": 0.110609,
        "nauc_ndcg_at_100_std": -0.436632,
        "nauc_ndcg_at_100_diff1": 0.481552,
        "nauc_ndcg_at_1000_max": 0.110609,
        "nauc_ndcg_at_1000_std": -0.436632,
        "nauc_ndcg_at_1000_diff1": 0.481552,
        "nauc_map_at_1_max": 0.074683,
        "nauc_map_at_1_std": -0.452054,
        "nauc_map_at_1_diff1": 0.561143,
        "nauc_map_at_3_max": 0.109181,
        "nauc_map_at_3_std": -0.443767,
        "nauc_map_at_3_diff1": 0.486815,
        "nauc_map_at_5_max": 0.113232,
        "nauc_map_at_5_std": -0.443847,
        "nauc_map_at_5_diff1": 0.482489,
        "nauc_map_at_10_max": 0.111554,
        "nauc_map_at_10_std": -0.437974,
        "nauc_map_at_10_diff1": 0.488142,
        "nauc_map_at_20_max": 0.10722,
        "nauc_map_at_20_std": -0.439269,
        "nauc_map_at_20_diff1": 0.491308,
        "nauc_map_at_100_max": 0.10682,
        "nauc_map_at_100_std": -0.440483,
        "nauc_map_at_100_diff1": 0.492649,
        "nauc_map_at_1000_max": 0.10682,
        "nauc_map_at_1000_std": -0.440483,
        "nauc_map_at_1000_diff1": 0.492649,
        "nauc_recall_at_1_max": 0.074683,
        "nauc_recall_at_1_std": -0.452054,
        "nauc_recall_at_1_diff1": 0.561143,
        "nauc_recall_at_3_max": 0.179752,
        "nauc_recall_at_3_std": -0.424097,
        "nauc_recall_at_3_diff1": 0.312986,
        "nauc_recall_at_5_max": 0.269158,
        "nauc_recall_at_5_std": -0.404293,
        "nauc_recall_at_5_diff1": 0.140979,
        "nauc_recall_at_10_max": 0.378635,
        "nauc_recall_at_10_std": -0.161258,
        "nauc_recall_at_10_diff1": 0.049663,
        "nauc_recall_at_20_max": 0.153461,
        "nauc_recall_at_20_std": 0.122169,
        "nauc_recall_at_20_diff1": -0.104703,
        "nauc_recall_at_100_max": NaN,
        "nauc_recall_at_100_std": NaN,
        "nauc_recall_at_100_diff1": NaN,
        "nauc_recall_at_1000_max": NaN,
        "nauc_recall_at_1000_std": NaN,
        "nauc_recall_at_1000_diff1": NaN,
        "nauc_precision_at_1_max": 0.074683,
        "nauc_precision_at_1_std": -0.452054,
        "nauc_precision_at_1_diff1": 0.561143,
        "nauc_precision_at_3_max": 0.179752,
        "nauc_precision_at_3_std": -0.424097,
        "nauc_precision_at_3_diff1": 0.312986,
        "nauc_precision_at_5_max": 0.269158,
        "nauc_precision_at_5_std": -0.404293,
        "nauc_precision_at_5_diff1": 0.140979,
        "nauc_precision_at_10_max": 0.378635,
        "nauc_precision_at_10_std": -0.161258,
        "nauc_precision_at_10_diff1": 0.049663,
        "nauc_precision_at_20_max": 0.153461,
        "nauc_precision_at_20_std": 0.122169,
        "nauc_precision_at_20_diff1": -0.104703,
        "nauc_precision_at_100_max": 1.0,
        "nauc_precision_at_100_std": 1.0,
        "nauc_precision_at_100_diff1": 1.0,
        "nauc_precision_at_1000_max": 1.0,
        "nauc_precision_at_1000_std": 1.0,
        "nauc_precision_at_1000_diff1": 1.0,
        "nauc_mrr_at_1_max": 0.074683,
        "nauc_mrr_at_1_std": -0.452054,
        "nauc_mrr_at_1_diff1": 0.561143,
        "nauc_mrr_at_3_max": 0.109181,
        "nauc_mrr_at_3_std": -0.443767,
        "nauc_mrr_at_3_diff1": 0.486815,
        "nauc_mrr_at_5_max": 0.113232,
        "nauc_mrr_at_5_std": -0.443847,
        "nauc_mrr_at_5_diff1": 0.482489,
        "nauc_mrr_at_10_max": 0.111554,
        "nauc_mrr_at_10_std": -0.437974,
        "nauc_mrr_at_10_diff1": 0.488142,
        "nauc_mrr_at_20_max": 0.10722,
        "nauc_mrr_at_20_std": -0.439269,
        "nauc_mrr_at_20_diff1": 0.491308,
        "nauc_mrr_at_100_max": 0.10682,
        "nauc_mrr_at_100_std": -0.440483,
        "nauc_mrr_at_100_diff1": 0.492649,
        "nauc_mrr_at_1000_max": 0.10682,
        "nauc_mrr_at_1000_std": -0.440483,
        "nauc_mrr_at_1000_diff1": 0.492649,
        "hit_rate_at_1": 0.65392,
        "hit_rate_at_3": 0.84512,
        "hit_rate_at_5": 0.91587,
        "hit_rate_at_10": 0.95793,
        "hit_rate_at_20": 0.9847,
        "hit_rate_at_100": 1.0,
        "hit_rate_at_1000": 1.0,
        "main_score": 0.8104,
        "hf_subset": "default",
        "languages": [
          "eng-Latn"
        ],
        "mteb_version": "2.18.0"
      }
    ]
  },
  "evaluation_time": 123.91819583799224,
  "kg_co2_emissions": null,
  "date": 1784328414.107475,
  "evaluation_phases": [
    {
      "name": "Data loading",
      "start": 0.0,
      "end": 2.341521293972619,
      "split": "",
      "subset": ""
    },
    {
      "name": "Encoding queries and documents",
      "start": 2.347392334952019,
      "end": 123.44459377799649,
      "split": "test",
      "subset": "default"
    },
    {
      "name": "Scoring",
      "start": 123.44462778593879,
      "end": 123.89845624298323,
      "split": "test",
      "subset": "default"
    }
  ]
}