{
  "dataset_revision": "main",
  "task_name": "BioASQ-RAG-Resplit-ctx-rfg",
  "mteb_version": "2.18.0",
  "scores": {
    "test": [
      {
        "ndcg_at_1": 0.83038,
        "ndcg_at_3": 0.79451,
        "ndcg_at_5": 0.78764,
        "ndcg_at_10": 0.7888,
        "ndcg_at_20": 0.81153,
        "ndcg_at_100": 0.8534,
        "ndcg_at_1000": 0.86109,
        "map_at_1": 0.28497,
        "map_at_3": 0.43873,
        "map_at_5": 0.52266,
        "map_at_10": 0.62932,
        "map_at_20": 0.70491,
        "map_at_100": 0.75165,
        "map_at_1000": 0.75335,
        "recall_at_1": 0.28497,
        "recall_at_3": 0.45904,
        "recall_at_5": 0.56578,
        "recall_at_10": 0.70728,
        "recall_at_20": 0.83423,
        "recall_at_100": 0.96636,
        "recall_at_1000": 0.9941,
        "accuracy": 0.28497,
        "precision_at_1": 0.83038,
        "precision_at_3": 0.64399,
        "precision_at_5": 0.56235,
        "precision_at_10": 0.44175,
        "precision_at_20": 0.30909,
        "precision_at_100": 0.08476,
        "precision_at_1000": 0.00881,
        "mrr_at_1": 0.830382,
        "mrr_at_3": 0.865486,
        "mrr_at_5": 0.87229,
        "mrr_at_10": 0.875544,
        "mrr_at_20": 0.876908,
        "mrr_at_100": 0.877439,
        "mrr_at_1000": 0.877449,
        "nauc_ndcg_at_1_max": 0.207026,
        "nauc_ndcg_at_1_std": -0.393727,
        "nauc_ndcg_at_1_diff1": 0.339153,
        "nauc_ndcg_at_3_max": 0.272079,
        "nauc_ndcg_at_3_std": -0.338931,
        "nauc_ndcg_at_3_diff1": 0.203195,
        "nauc_ndcg_at_5_max": 0.277581,
        "nauc_ndcg_at_5_std": -0.351623,
        "nauc_ndcg_at_5_diff1": 0.213661,
        "nauc_ndcg_at_10_max": 0.288746,
        "nauc_ndcg_at_10_std": -0.383443,
        "nauc_ndcg_at_10_diff1": 0.233056,
        "nauc_ndcg_at_20_max": 0.300665,
        "nauc_ndcg_at_20_std": -0.399293,
        "nauc_ndcg_at_20_diff1": 0.227877,
        "nauc_ndcg_at_100_max": 0.288439,
        "nauc_ndcg_at_100_std": -0.301217,
        "nauc_ndcg_at_100_diff1": 0.205896,
        "nauc_ndcg_at_1000_max": 0.268226,
        "nauc_ndcg_at_1000_std": -0.299811,
        "nauc_ndcg_at_1000_diff1": 0.209995,
        "nauc_map_at_1_max": 0.247706,
        "nauc_map_at_1_std": -0.451313,
        "nauc_map_at_1_diff1": 0.617714,
        "nauc_map_at_3_max": 0.248275,
        "nauc_map_at_3_std": -0.539477,
        "nauc_map_at_3_diff1": 0.506955,
        "nauc_map_at_5_max": 0.254542,
        "nauc_map_at_5_std": -0.57275,
        "nauc_map_at_5_diff1": 0.442989,
        "nauc_map_at_10_max": 0.290575,
        "nauc_map_at_10_std": -0.573844,
        "nauc_map_at_10_diff1": 0.360014,
        "nauc_map_at_20_max": 0.318114,
        "nauc_map_at_20_std": -0.497535,
        "nauc_map_at_20_diff1": 0.280335,
        "nauc_map_at_100_max": 0.298157,
        "nauc_map_at_100_std": -0.342975,
        "nauc_map_at_100_diff1": 0.215076,
        "nauc_map_at_1000_max": 0.295403,
        "nauc_map_at_1000_std": -0.339484,
        "nauc_map_at_1000_diff1": 0.214009,
        "nauc_recall_at_1_max": 0.247706,
        "nauc_recall_at_1_std": -0.451313,
        "nauc_recall_at_1_diff1": 0.617714,
        "nauc_recall_at_3_max": 0.246017,
        "nauc_recall_at_3_std": -0.547913,
        "nauc_recall_at_3_diff1": 0.491741,
        "nauc_recall_at_5_max": 0.246012,
        "nauc_recall_at_5_std": -0.598053,
        "nauc_recall_at_5_diff1": 0.43455,
        "nauc_recall_at_10_max": 0.295442,
        "nauc_recall_at_10_std": -0.643015,
        "nauc_recall_at_10_diff1": 0.365689,
        "nauc_recall_at_20_max": 0.352741,
        "nauc_recall_at_20_std": -0.613604,
        "nauc_recall_at_20_diff1": 0.268461,
        "nauc_recall_at_100_max": 0.455357,
        "nauc_recall_at_100_std": -0.007427,
        "nauc_recall_at_100_diff1": 0.034104,
        "nauc_recall_at_1000_max": -0.04369,
        "nauc_recall_at_1000_std": 0.370425,
        "nauc_recall_at_1000_diff1": 0.063064,
        "nauc_precision_at_1_max": 0.207026,
        "nauc_precision_at_1_std": -0.393727,
        "nauc_precision_at_1_diff1": 0.339153,
        "nauc_precision_at_3_max": 0.006627,
        "nauc_precision_at_3_std": 0.073686,
        "nauc_precision_at_3_diff1": -0.341665,
        "nauc_precision_at_5_max": -0.025916,
        "nauc_precision_at_5_std": 0.179113,
        "nauc_precision_at_5_diff1": -0.403943,
        "nauc_precision_at_10_max": -0.04218,
        "nauc_precision_at_10_std": 0.302153,
        "nauc_precision_at_10_diff1": -0.410125,
        "nauc_precision_at_20_max": -0.068149,
        "nauc_precision_at_20_std": 0.42458,
        "nauc_precision_at_20_diff1": -0.404705,
        "nauc_precision_at_100_max": -0.146277,
        "nauc_precision_at_100_std": 0.581886,
        "nauc_precision_at_100_diff1": -0.397707,
        "nauc_precision_at_1000_max": -0.165455,
        "nauc_precision_at_1000_std": 0.583003,
        "nauc_precision_at_1000_diff1": -0.394159,
        "nauc_mrr_at_1_max": 0.207026,
        "nauc_mrr_at_1_std": -0.393727,
        "nauc_mrr_at_1_diff1": 0.339153,
        "nauc_mrr_at_3_max": 0.220906,
        "nauc_mrr_at_3_std": -0.408116,
        "nauc_mrr_at_3_diff1": 0.311496,
        "nauc_mrr_at_5_max": 0.225338,
        "nauc_mrr_at_5_std": -0.421495,
        "nauc_mrr_at_5_diff1": 0.326581,
        "nauc_mrr_at_10_max": 0.223589,
        "nauc_mrr_at_10_std": -0.421339,
        "nauc_mrr_at_10_diff1": 0.325055,
        "nauc_mrr_at_20_max": 0.222898,
        "nauc_mrr_at_20_std": -0.417607,
        "nauc_mrr_at_20_diff1": 0.324254,
        "nauc_mrr_at_100_max": 0.222913,
        "nauc_mrr_at_100_std": -0.415601,
        "nauc_mrr_at_100_diff1": 0.324191,
        "nauc_mrr_at_1000_max": 0.22285,
        "nauc_mrr_at_1000_std": -0.415704,
        "nauc_mrr_at_1000_diff1": 0.324213,
        "hit_rate_at_1": 0.83038,
        "hit_rate_at_3": 0.9068,
        "hit_rate_at_5": 0.93663,
        "hit_rate_at_10": 0.95993,
        "hit_rate_at_20": 0.97856,
        "hit_rate_at_100": 0.99534,
        "hit_rate_at_1000": 0.99814,
        "main_score": 0.7888,
        "hf_subset": "default",
        "languages": [
          "eng-Latn"
        ],
        "mteb_version": "2.18.0"
      }
    ]
  },
  "evaluation_time": 317.6959790477995,
  "kg_co2_emissions": null,
  "date": 1784429291.303702,
  "evaluation_phases": [
    {
      "name": "Data loading",
      "start": 0.0,
      "end": 3.6221908959560096,
      "split": "",
      "subset": ""
    },
    {
      "name": "Encoding queries and documents",
      "start": 3.647581704892218,
      "end": 316.8071474258322,
      "split": "test",
      "subset": "default"
    },
    {
      "name": "Scoring",
      "start": 316.80718742799945,
      "end": 317.6643225469161,
      "split": "test",
      "subset": "default"
    }
  ]
}