{
  "dataset_revision": "main",
  "task_name": "BioASQ-RAG-Resplit-ctx-k10",
  "mteb_version": "2.18.0",
  "scores": {
    "test": [
      {
        "ndcg_at_1": 0.80988,
        "ndcg_at_3": 0.80521,
        "ndcg_at_5": 0.80362,
        "ndcg_at_10": 0.81148,
        "ndcg_at_20": 0.83416,
        "ndcg_at_100": 0.86813,
        "ndcg_at_1000": 0.8723,
        "map_at_1": 0.27211,
        "map_at_3": 0.43975,
        "map_at_5": 0.52878,
        "map_at_10": 0.64919,
        "map_at_20": 0.73101,
        "map_at_100": 0.77654,
        "map_at_1000": 0.77754,
        "recall_at_1": 0.27211,
        "recall_at_3": 0.46968,
        "recall_at_5": 0.5804,
        "recall_at_10": 0.73998,
        "recall_at_20": 0.86832,
        "recall_at_100": 0.98105,
        "recall_at_1000": 0.99684,
        "accuracy": 0.27211,
        "precision_at_1": 0.80988,
        "precision_at_3": 0.6648,
        "precision_at_5": 0.58788,
        "precision_at_10": 0.46757,
        "precision_at_20": 0.32651,
        "precision_at_100": 0.08648,
        "precision_at_1000": 0.00882,
        "mrr_at_1": 0.809879,
        "mrr_at_3": 0.860671,
        "mrr_at_5": 0.867428,
        "mrr_at_10": 0.870339,
        "mrr_at_20": 0.871605,
        "mrr_at_100": 0.871846,
        "mrr_at_1000": 0.871862,
        "nauc_ndcg_at_1_max": 0.246137,
        "nauc_ndcg_at_1_std": -0.346146,
        "nauc_ndcg_at_1_diff1": 0.375545,
        "nauc_ndcg_at_3_max": 0.246872,
        "nauc_ndcg_at_3_std": -0.368233,
        "nauc_ndcg_at_3_diff1": 0.302444,
        "nauc_ndcg_at_5_max": 0.269773,
        "nauc_ndcg_at_5_std": -0.375146,
        "nauc_ndcg_at_5_diff1": 0.325108,
        "nauc_ndcg_at_10_max": 0.268987,
        "nauc_ndcg_at_10_std": -0.424383,
        "nauc_ndcg_at_10_diff1": 0.323337,
        "nauc_ndcg_at_20_max": 0.287841,
        "nauc_ndcg_at_20_std": -0.445887,
        "nauc_ndcg_at_20_diff1": 0.320121,
        "nauc_ndcg_at_100_max": 0.315987,
        "nauc_ndcg_at_100_std": -0.322349,
        "nauc_ndcg_at_100_diff1": 0.303194,
        "nauc_ndcg_at_1000_max": 0.303551,
        "nauc_ndcg_at_1000_std": -0.314716,
        "nauc_ndcg_at_1000_diff1": 0.303226,
        "nauc_map_at_1_max": -0.087517,
        "nauc_map_at_1_std": -0.460013,
        "nauc_map_at_1_diff1": 0.716128,
        "nauc_map_at_3_max": -0.073581,
        "nauc_map_at_3_std": -0.560059,
        "nauc_map_at_3_diff1": 0.61353,
        "nauc_map_at_5_max": -0.022823,
        "nauc_map_at_5_std": -0.615714,
        "nauc_map_at_5_diff1": 0.561411,
        "nauc_map_at_10_max": 0.101592,
        "nauc_map_at_10_std": -0.650156,
        "nauc_map_at_10_diff1": 0.455096,
        "nauc_map_at_20_max": 0.212834,
        "nauc_map_at_20_std": -0.579117,
        "nauc_map_at_20_diff1": 0.367766,
        "nauc_map_at_100_max": 0.27944,
        "nauc_map_at_100_std": -0.385608,
        "nauc_map_at_100_diff1": 0.310832,
        "nauc_map_at_1000_max": 0.277984,
        "nauc_map_at_1000_std": -0.381983,
        "nauc_map_at_1000_diff1": 0.309978,
        "nauc_recall_at_1_max": -0.087517,
        "nauc_recall_at_1_std": -0.460013,
        "nauc_recall_at_1_diff1": 0.716128,
        "nauc_recall_at_3_max": -0.099797,
        "nauc_recall_at_3_std": -0.577296,
        "nauc_recall_at_3_diff1": 0.591267,
        "nauc_recall_at_5_max": -0.061296,
        "nauc_recall_at_5_std": -0.653313,
        "nauc_recall_at_5_diff1": 0.550224,
        "nauc_recall_at_10_max": 0.03333,
        "nauc_recall_at_10_std": -0.760239,
        "nauc_recall_at_10_diff1": 0.446901,
        "nauc_recall_at_20_max": 0.173426,
        "nauc_recall_at_20_std": -0.814939,
        "nauc_recall_at_20_diff1": 0.352956,
        "nauc_recall_at_100_max": 0.570742,
        "nauc_recall_at_100_std": -0.114445,
        "nauc_recall_at_100_diff1": 0.142911,
        "nauc_recall_at_1000_max": 0.113326,
        "nauc_recall_at_1000_std": 0.225921,
        "nauc_recall_at_1000_diff1": -0.051112,
        "nauc_precision_at_1_max": 0.246137,
        "nauc_precision_at_1_std": -0.346146,
        "nauc_precision_at_1_diff1": 0.375545,
        "nauc_precision_at_3_max": 0.257307,
        "nauc_precision_at_3_std": 0.064657,
        "nauc_precision_at_3_diff1": -0.361962,
        "nauc_precision_at_5_max": 0.289071,
        "nauc_precision_at_5_std": 0.182609,
        "nauc_precision_at_5_diff1": -0.432496,
        "nauc_precision_at_10_max": 0.290744,
        "nauc_precision_at_10_std": 0.30373,
        "nauc_precision_at_10_diff1": -0.463887,
        "nauc_precision_at_20_max": 0.250882,
        "nauc_precision_at_20_std": 0.444697,
        "nauc_precision_at_20_diff1": -0.44007,
        "nauc_precision_at_100_max": 0.181649,
        "nauc_precision_at_100_std": 0.628917,
        "nauc_precision_at_100_diff1": -0.415003,
        "nauc_precision_at_1000_max": 0.166545,
        "nauc_precision_at_1000_std": 0.63509,
        "nauc_precision_at_1000_diff1": -0.414378,
        "nauc_mrr_at_1_max": 0.246137,
        "nauc_mrr_at_1_std": -0.346146,
        "nauc_mrr_at_1_diff1": 0.375545,
        "nauc_mrr_at_3_max": 0.265254,
        "nauc_mrr_at_3_std": -0.372793,
        "nauc_mrr_at_3_diff1": 0.372988,
        "nauc_mrr_at_5_max": 0.274053,
        "nauc_mrr_at_5_std": -0.362544,
        "nauc_mrr_at_5_diff1": 0.378244,
        "nauc_mrr_at_10_max": 0.274743,
        "nauc_mrr_at_10_std": -0.357581,
        "nauc_mrr_at_10_diff1": 0.377997,
        "nauc_mrr_at_20_max": 0.273707,
        "nauc_mrr_at_20_std": -0.35671,
        "nauc_mrr_at_20_diff1": 0.376881,
        "nauc_mrr_at_100_max": 0.272648,
        "nauc_mrr_at_100_std": -0.356171,
        "nauc_mrr_at_100_diff1": 0.376603,
        "nauc_mrr_at_1000_max": 0.272553,
        "nauc_mrr_at_1000_std": -0.356321,
        "nauc_mrr_at_1000_diff1": 0.376569,
        "hit_rate_at_1": 0.80988,
        "hit_rate_at_3": 0.92078,
        "hit_rate_at_5": 0.94967,
        "hit_rate_at_10": 0.97111,
        "hit_rate_at_20": 0.98788,
        "hit_rate_at_100": 0.99627,
        "hit_rate_at_1000": 0.99907,
        "main_score": 0.81148,
        "hf_subset": "default",
        "languages": [
          "eng-Latn"
        ],
        "mteb_version": "2.18.0"
      }
    ]
  },
  "evaluation_time": 357.72905759199057,
  "kg_co2_emissions": null,
  "date": 1783997599.55683,
  "evaluation_phases": [
    {
      "name": "Data loading",
      "start": 0.0,
      "end": 2.547683025011793,
      "split": "",
      "subset": ""
    },
    {
      "name": "Encoding queries and documents",
      "start": 2.5721085499972105,
      "end": 356.7404675720027,
      "split": "test",
      "subset": "default"
    },
    {
      "name": "Scoring",
      "start": 356.7404917619424,
      "end": 357.69353481195867,
      "split": "test",
      "subset": "default"
    }
  ]
}