{
  "dataset_revision": "main",
  "task_name": "BioASQ-RAG-Resplit-ctx-k5",
  "mteb_version": "2.18.0",
  "scores": {
    "test": [
      {
        "ndcg_at_1": 0.80988,
        "ndcg_at_3": 0.80597,
        "ndcg_at_5": 0.80659,
        "ndcg_at_10": 0.8152,
        "ndcg_at_20": 0.83756,
        "ndcg_at_100": 0.87075,
        "ndcg_at_1000": 0.87462,
        "map_at_1": 0.27358,
        "map_at_3": 0.44187,
        "map_at_5": 0.53283,
        "map_at_10": 0.65358,
        "map_at_20": 0.73495,
        "map_at_100": 0.78027,
        "map_at_1000": 0.78122,
        "recall_at_1": 0.27358,
        "recall_at_3": 0.47144,
        "recall_at_5": 0.58533,
        "recall_at_10": 0.74482,
        "recall_at_20": 0.87345,
        "recall_at_100": 0.98247,
        "recall_at_1000": 0.99722,
        "accuracy": 0.27358,
        "precision_at_1": 0.80988,
        "precision_at_3": 0.66542,
        "precision_at_5": 0.59031,
        "precision_at_10": 0.47018,
        "precision_at_20": 0.32726,
        "precision_at_100": 0.08656,
        "precision_at_1000": 0.00882,
        "mrr_at_1": 0.809879,
        "mrr_at_3": 0.861448,
        "mrr_at_5": 0.868111,
        "mrr_at_10": 0.870796,
        "mrr_at_20": 0.872055,
        "mrr_at_100": 0.872294,
        "mrr_at_1000": 0.872298,
        "nauc_ndcg_at_1_max": 0.268054,
        "nauc_ndcg_at_1_std": -0.330435,
        "nauc_ndcg_at_1_diff1": 0.404351,
        "nauc_ndcg_at_3_max": 0.280431,
        "nauc_ndcg_at_3_std": -0.363603,
        "nauc_ndcg_at_3_diff1": 0.325278,
        "nauc_ndcg_at_5_max": 0.295088,
        "nauc_ndcg_at_5_std": -0.377672,
        "nauc_ndcg_at_5_diff1": 0.347248,
        "nauc_ndcg_at_10_max": 0.301862,
        "nauc_ndcg_at_10_std": -0.415472,
        "nauc_ndcg_at_10_diff1": 0.352941,
        "nauc_ndcg_at_20_max": 0.311638,
        "nauc_ndcg_at_20_std": -0.43478,
        "nauc_ndcg_at_20_diff1": 0.352092,
        "nauc_ndcg_at_100_max": 0.339723,
        "nauc_ndcg_at_100_std": -0.308036,
        "nauc_ndcg_at_100_diff1": 0.333556,
        "nauc_ndcg_at_1000_max": 0.327587,
        "nauc_ndcg_at_1000_std": -0.301902,
        "nauc_ndcg_at_1000_diff1": 0.33219,
        "nauc_map_at_1_max": -0.053704,
        "nauc_map_at_1_std": -0.451026,
        "nauc_map_at_1_diff1": 0.72444,
        "nauc_map_at_3_max": -0.033403,
        "nauc_map_at_3_std": -0.554901,
        "nauc_map_at_3_diff1": 0.627814,
        "nauc_map_at_5_max": 0.01371,
        "nauc_map_at_5_std": -0.616716,
        "nauc_map_at_5_diff1": 0.578598,
        "nauc_map_at_10_max": 0.133706,
        "nauc_map_at_10_std": -0.646787,
        "nauc_map_at_10_diff1": 0.476074,
        "nauc_map_at_20_max": 0.240422,
        "nauc_map_at_20_std": -0.571603,
        "nauc_map_at_20_diff1": 0.389601,
        "nauc_map_at_100_max": 0.308831,
        "nauc_map_at_100_std": -0.374576,
        "nauc_map_at_100_diff1": 0.337672,
        "nauc_map_at_1000_max": 0.30737,
        "nauc_map_at_1000_std": -0.371182,
        "nauc_map_at_1000_diff1": 0.336819,
        "nauc_recall_at_1_max": -0.053704,
        "nauc_recall_at_1_std": -0.451026,
        "nauc_recall_at_1_diff1": 0.72444,
        "nauc_recall_at_3_max": -0.057779,
        "nauc_recall_at_3_std": -0.570162,
        "nauc_recall_at_3_diff1": 0.606597,
        "nauc_recall_at_5_max": -0.023517,
        "nauc_recall_at_5_std": -0.65423,
        "nauc_recall_at_5_diff1": 0.562341,
        "nauc_recall_at_10_max": 0.067174,
        "nauc_recall_at_10_std": -0.767669,
        "nauc_recall_at_10_diff1": 0.478479,
        "nauc_recall_at_20_max": 0.195009,
        "nauc_recall_at_20_std": -0.80899,
        "nauc_recall_at_20_diff1": 0.397144,
        "nauc_recall_at_100_max": 0.609558,
        "nauc_recall_at_100_std": -0.085603,
        "nauc_recall_at_100_diff1": 0.242409,
        "nauc_recall_at_1000_max": 0.202583,
        "nauc_recall_at_1000_std": 0.115818,
        "nauc_recall_at_1000_diff1": 0.089236,
        "nauc_precision_at_1_max": 0.268054,
        "nauc_precision_at_1_std": -0.330435,
        "nauc_precision_at_1_diff1": 0.404351,
        "nauc_precision_at_3_max": 0.25318,
        "nauc_precision_at_3_std": 0.067388,
        "nauc_precision_at_3_diff1": -0.363867,
        "nauc_precision_at_5_max": 0.265315,
        "nauc_precision_at_5_std": 0.179687,
        "nauc_precision_at_5_diff1": -0.439715,
        "nauc_precision_at_10_max": 0.265022,
        "nauc_precision_at_10_std": 0.316541,
        "nauc_precision_at_10_diff1": -0.469587,
        "nauc_precision_at_20_max": 0.224408,
        "nauc_precision_at_20_std": 0.454771,
        "nauc_precision_at_20_diff1": -0.446297,
        "nauc_precision_at_100_max": 0.159718,
        "nauc_precision_at_100_std": 0.635291,
        "nauc_precision_at_100_diff1": -0.412245,
        "nauc_precision_at_1000_max": 0.145017,
        "nauc_precision_at_1000_std": 0.639744,
        "nauc_precision_at_1000_diff1": -0.412058,
        "nauc_mrr_at_1_max": 0.268054,
        "nauc_mrr_at_1_std": -0.330435,
        "nauc_mrr_at_1_diff1": 0.404351,
        "nauc_mrr_at_3_max": 0.282458,
        "nauc_mrr_at_3_std": -0.358655,
        "nauc_mrr_at_3_diff1": 0.403551,
        "nauc_mrr_at_5_max": 0.294393,
        "nauc_mrr_at_5_std": -0.345007,
        "nauc_mrr_at_5_diff1": 0.404256,
        "nauc_mrr_at_10_max": 0.293536,
        "nauc_mrr_at_10_std": -0.347951,
        "nauc_mrr_at_10_diff1": 0.407844,
        "nauc_mrr_at_20_max": 0.292561,
        "nauc_mrr_at_20_std": -0.344154,
        "nauc_mrr_at_20_diff1": 0.406499,
        "nauc_mrr_at_100_max": 0.291936,
        "nauc_mrr_at_100_std": -0.343703,
        "nauc_mrr_at_100_diff1": 0.406153,
        "nauc_mrr_at_1000_max": 0.291911,
        "nauc_mrr_at_1000_std": -0.343746,
        "nauc_mrr_at_1000_diff1": 0.406152,
        "hit_rate_at_1": 0.80988,
        "hit_rate_at_3": 0.92358,
        "hit_rate_at_5": 0.95154,
        "hit_rate_at_10": 0.97204,
        "hit_rate_at_20": 0.98882,
        "hit_rate_at_100": 0.9972,
        "hit_rate_at_1000": 0.99907,
        "main_score": 0.8152,
        "hf_subset": "default",
        "languages": [
          "eng-Latn"
        ],
        "mteb_version": "2.18.0"
      }
    ]
  },
  "evaluation_time": 332.2109880769858,
  "kg_co2_emissions": null,
  "date": 1783996859.999838,
  "evaluation_phases": [
    {
      "name": "Data loading",
      "start": 0.0,
      "end": 2.435622451012023,
      "split": "",
      "subset": ""
    },
    {
      "name": "Encoding queries and documents",
      "start": 2.456351271015592,
      "end": 331.23331385699566,
      "split": "test",
      "subset": "default"
    },
    {
      "name": "Scoring",
      "start": 331.23333838395774,
      "end": 332.17577269894537,
      "split": "test",
      "subset": "default"
    }
  ]
}