{
  "dataset_revision": "main",
  "task_name": "NarrativeQA-RAG-ctx-k3-Title",
  "mteb_version": "2.18.0",
  "scores": {
    "test": [
      {
        "ndcg_at_1": 0.91459,
        "ndcg_at_3": 0.9539,
        "ndcg_at_5": 0.95546,
        "ndcg_at_10": 0.95681,
        "ndcg_at_20": 0.95744,
        "ndcg_at_100": 0.95848,
        "ndcg_at_1000": 0.95911,
        "map_at_1": 0.91459,
        "map_at_3": 0.94516,
        "map_at_5": 0.94604,
        "map_at_10": 0.94659,
        "map_at_20": 0.94677,
        "map_at_100": 0.94691,
        "map_at_1000": 0.94693,
        "recall_at_1": 0.91459,
        "recall_at_3": 0.97881,
        "recall_at_5": 0.98254,
        "recall_at_10": 0.98674,
        "recall_at_20": 0.98922,
        "recall_at_100": 0.99485,
        "recall_at_1000": 0.99981,
        "accuracy": 0.91459,
        "precision_at_1": 0.91459,
        "precision_at_3": 0.32627,
        "precision_at_5": 0.19651,
        "precision_at_10": 0.09867,
        "precision_at_20": 0.04946,
        "precision_at_100": 0.00995,
        "precision_at_1000": 0.001,
        "mrr_at_1": 0.914591,
        "mrr_at_3": 0.94516,
        "mrr_at_5": 0.946038,
        "mrr_at_10": 0.946593,
        "mrr_at_20": 0.946766,
        "mrr_at_100": 0.946911,
        "mrr_at_1000": 0.946935,
        "nauc_ndcg_at_1_max": 0.668255,
        "nauc_ndcg_at_1_std": -0.084118,
        "nauc_ndcg_at_1_diff1": 0.84662,
        "nauc_ndcg_at_3_max": 0.715966,
        "nauc_ndcg_at_3_std": -0.061748,
        "nauc_ndcg_at_3_diff1": 0.801704,
        "nauc_ndcg_at_5_max": 0.718629,
        "nauc_ndcg_at_5_std": -0.038573,
        "nauc_ndcg_at_5_diff1": 0.806551,
        "nauc_ndcg_at_10_max": 0.713816,
        "nauc_ndcg_at_10_std": -0.046715,
        "nauc_ndcg_at_10_diff1": 0.807735,
        "nauc_ndcg_at_20_max": 0.711263,
        "nauc_ndcg_at_20_std": -0.050206,
        "nauc_ndcg_at_20_diff1": 0.809453,
        "nauc_ndcg_at_100_max": 0.707992,
        "nauc_ndcg_at_100_std": -0.04935,
        "nauc_ndcg_at_100_diff1": 0.811865,
        "nauc_ndcg_at_1000_max": 0.705641,
        "nauc_ndcg_at_1000_std": -0.055194,
        "nauc_ndcg_at_1000_diff1": 0.814946,
        "nauc_map_at_1_max": 0.668255,
        "nauc_map_at_1_std": -0.084118,
        "nauc_map_at_1_diff1": 0.84662,
        "nauc_map_at_3_max": 0.700687,
        "nauc_map_at_3_std": -0.069951,
        "nauc_map_at_3_diff1": 0.816482,
        "nauc_map_at_5_max": 0.701813,
        "nauc_map_at_5_std": -0.059106,
        "nauc_map_at_5_diff1": 0.81898,
        "nauc_map_at_10_max": 0.700019,
        "nauc_map_at_10_std": -0.061966,
        "nauc_map_at_10_diff1": 0.819448,
        "nauc_map_at_20_max": 0.699394,
        "nauc_map_at_20_std": -0.062768,
        "nauc_map_at_20_diff1": 0.819801,
        "nauc_map_at_100_max": 0.699043,
        "nauc_map_at_100_std": -0.062873,
        "nauc_map_at_100_diff1": 0.820084,
        "nauc_map_at_1000_max": 0.698983,
        "nauc_map_at_1000_std": -0.063049,
        "nauc_map_at_1000_diff1": 0.820215,
        "nauc_recall_at_1_max": 0.668255,
        "nauc_recall_at_1_std": -0.084118,
        "nauc_recall_at_1_diff1": 0.84662,
        "nauc_recall_at_3_max": 0.827279,
        "nauc_recall_at_3_std": -0.000684,
        "nauc_recall_at_3_diff1": 0.69354,
        "nauc_recall_at_5_max": 0.865501,
        "nauc_recall_at_5_std": 0.151201,
        "nauc_recall_at_5_diff1": 0.700032,
        "nauc_recall_at_10_max": 0.863814,
        "nauc_recall_at_10_std": 0.127776,
        "nauc_recall_at_10_diff1": 0.679413,
        "nauc_recall_at_20_max": 0.859268,
        "nauc_recall_at_20_std": 0.113036,
        "nauc_recall_at_20_diff1": 0.679074,
        "nauc_recall_at_100_max": 0.87233,
        "nauc_recall_at_100_std": 0.351484,
        "nauc_recall_at_100_diff1": 0.642101,
        "nauc_recall_at_1000_max": 1.0,
        "nauc_recall_at_1000_std": 0.861109,
        "nauc_recall_at_1000_diff1": 0.93464,
        "nauc_precision_at_1_max": 0.668255,
        "nauc_precision_at_1_std": -0.084118,
        "nauc_precision_at_1_diff1": 0.84662,
        "nauc_precision_at_3_max": 0.827279,
        "nauc_precision_at_3_std": -0.000684,
        "nauc_precision_at_3_diff1": 0.69354,
        "nauc_precision_at_5_max": 0.865501,
        "nauc_precision_at_5_std": 0.151201,
        "nauc_precision_at_5_diff1": 0.700032,
        "nauc_precision_at_10_max": 0.863814,
        "nauc_precision_at_10_std": 0.127776,
        "nauc_precision_at_10_diff1": 0.679413,
        "nauc_precision_at_20_max": 0.859268,
        "nauc_precision_at_20_std": 0.113036,
        "nauc_precision_at_20_diff1": 0.679074,
        "nauc_precision_at_100_max": 0.87233,
        "nauc_precision_at_100_std": 0.351484,
        "nauc_precision_at_100_diff1": 0.642101,
        "nauc_precision_at_1000_max": 1.0,
        "nauc_precision_at_1000_std": 0.861109,
        "nauc_precision_at_1000_diff1": 0.93464,
        "nauc_mrr_at_1_max": 0.668255,
        "nauc_mrr_at_1_std": -0.084118,
        "nauc_mrr_at_1_diff1": 0.84662,
        "nauc_mrr_at_3_max": 0.700687,
        "nauc_mrr_at_3_std": -0.069951,
        "nauc_mrr_at_3_diff1": 0.816482,
        "nauc_mrr_at_5_max": 0.701813,
        "nauc_mrr_at_5_std": -0.059106,
        "nauc_mrr_at_5_diff1": 0.81898,
        "nauc_mrr_at_10_max": 0.700019,
        "nauc_mrr_at_10_std": -0.061966,
        "nauc_mrr_at_10_diff1": 0.819448,
        "nauc_mrr_at_20_max": 0.699394,
        "nauc_mrr_at_20_std": -0.062768,
        "nauc_mrr_at_20_diff1": 0.819801,
        "nauc_mrr_at_100_max": 0.699043,
        "nauc_mrr_at_100_std": -0.062873,
        "nauc_mrr_at_100_diff1": 0.820084,
        "nauc_mrr_at_1000_max": 0.698983,
        "nauc_mrr_at_1000_std": -0.063049,
        "nauc_mrr_at_1000_diff1": 0.820215,
        "hit_rate_at_1": 0.91459,
        "hit_rate_at_3": 0.97881,
        "hit_rate_at_5": 0.98254,
        "hit_rate_at_10": 0.98674,
        "hit_rate_at_20": 0.98922,
        "hit_rate_at_100": 0.99485,
        "hit_rate_at_1000": 0.99981,
        "main_score": 0.95681,
        "hf_subset": "default",
        "languages": [
          "eng-Latn"
        ],
        "mteb_version": "2.18.0"
      }
    ]
  },
  "evaluation_time": 494.0764340700116,
  "kg_co2_emissions": null,
  "date": 1784328889.459816,
  "evaluation_phases": [
    {
      "name": "Data loading",
      "start": 0.0,
      "end": 3.0738081199815497,
      "split": "",
      "subset": ""
    },
    {
      "name": "Encoding queries and documents",
      "start": 3.151208266033791,
      "end": 485.8208235830534,
      "split": "test",
      "subset": "default"
    },
    {
      "name": "Scoring",
      "start": 485.820850852062,
      "end": 493.92518248106353,
      "split": "test",
      "subset": "default"
    }
  ]
}