{
  "dataset_revision": "main",
  "task_name": "NarrativeQA-RAG-ctx-k5-Title",
  "mteb_version": "2.18.0",
  "scores": {
    "test": [
      {
        "ndcg_at_1": 0.84025,
        "ndcg_at_3": 0.91434,
        "ndcg_at_5": 0.92424,
        "ndcg_at_10": 0.92492,
        "ndcg_at_20": 0.92533,
        "ndcg_at_100": 0.92597,
        "ndcg_at_1000": 0.9266,
        "map_at_1": 0.84025,
        "map_at_3": 0.8971,
        "map_at_5": 0.90268,
        "map_at_10": 0.90296,
        "map_at_20": 0.90307,
        "map_at_100": 0.90316,
        "map_at_1000": 0.90318,
        "recall_at_1": 0.84025,
        "recall_at_3": 0.96383,
        "recall_at_5": 0.9875,
        "recall_at_10": 0.9896,
        "recall_at_20": 0.99122,
        "recall_at_100": 0.99475,
        "recall_at_1000": 0.99981,
        "accuracy": 0.84025,
        "precision_at_1": 0.84025,
        "precision_at_3": 0.32128,
        "precision_at_5": 0.1975,
        "precision_at_10": 0.09896,
        "precision_at_20": 0.04956,
        "precision_at_100": 0.00995,
        "precision_at_1000": 0.001,
        "mrr_at_1": 0.840252,
        "mrr_at_3": 0.897096,
        "mrr_at_5": 0.902678,
        "mrr_at_10": 0.902964,
        "mrr_at_20": 0.903072,
        "mrr_at_100": 0.903158,
        "mrr_at_1000": 0.903179,
        "nauc_ndcg_at_1_max": 0.665824,
        "nauc_ndcg_at_1_std": -0.062439,
        "nauc_ndcg_at_1_diff1": 0.802996,
        "nauc_ndcg_at_3_max": 0.671509,
        "nauc_ndcg_at_3_std": -0.050843,
        "nauc_ndcg_at_3_diff1": 0.76537,
        "nauc_ndcg_at_5_max": 0.671623,
        "nauc_ndcg_at_5_std": -0.052712,
        "nauc_ndcg_at_5_diff1": 0.771109,
        "nauc_ndcg_at_10_max": 0.673946,
        "nauc_ndcg_at_10_std": -0.053254,
        "nauc_ndcg_at_10_diff1": 0.772765,
        "nauc_ndcg_at_20_max": 0.673368,
        "nauc_ndcg_at_20_std": -0.054486,
        "nauc_ndcg_at_20_diff1": 0.77298,
        "nauc_ndcg_at_100_max": 0.673422,
        "nauc_ndcg_at_100_std": -0.053983,
        "nauc_ndcg_at_100_diff1": 0.775704,
        "nauc_ndcg_at_1000_max": 0.672432,
        "nauc_ndcg_at_1000_std": -0.054535,
        "nauc_ndcg_at_1000_diff1": 0.777494,
        "nauc_map_at_1_max": 0.665824,
        "nauc_map_at_1_std": -0.062439,
        "nauc_map_at_1_diff1": 0.802996,
        "nauc_map_at_3_max": 0.670366,
        "nauc_map_at_3_std": -0.054489,
        "nauc_map_at_3_diff1": 0.777507,
        "nauc_map_at_5_max": 0.670372,
        "nauc_map_at_5_std": -0.055866,
        "nauc_map_at_5_diff1": 0.780834,
        "nauc_map_at_10_max": 0.671157,
        "nauc_map_at_10_std": -0.056111,
        "nauc_map_at_10_diff1": 0.781376,
        "nauc_map_at_20_max": 0.67101,
        "nauc_map_at_20_std": -0.056371,
        "nauc_map_at_20_diff1": 0.78143,
        "nauc_map_at_100_max": 0.671013,
        "nauc_map_at_100_std": -0.056316,
        "nauc_map_at_100_diff1": 0.781707,
        "nauc_map_at_1000_max": 0.67099,
        "nauc_map_at_1000_std": -0.056301,
        "nauc_map_at_1000_diff1": 0.781755,
        "nauc_recall_at_1_max": 0.665824,
        "nauc_recall_at_1_std": -0.062439,
        "nauc_recall_at_1_diff1": 0.802996,
        "nauc_recall_at_3_max": 0.679457,
        "nauc_recall_at_3_std": -0.022781,
        "nauc_recall_at_3_diff1": 0.671515,
        "nauc_recall_at_5_max": 0.695332,
        "nauc_recall_at_5_std": 0.014762,
        "nauc_recall_at_5_diff1": 0.571444,
        "nauc_recall_at_10_max": 0.747788,
        "nauc_recall_at_10_std": 0.019788,
        "nauc_recall_at_10_diff1": 0.567599,
        "nauc_recall_at_20_max": 0.744515,
        "nauc_recall_at_20_std": -0.007042,
        "nauc_recall_at_20_diff1": 0.536816,
        "nauc_recall_at_100_max": 0.795595,
        "nauc_recall_at_100_std": 0.060855,
        "nauc_recall_at_100_diff1": 0.580556,
        "nauc_recall_at_1000_max": 0.93464,
        "nauc_recall_at_1000_std": 0.679026,
        "nauc_recall_at_1000_diff1": 0.722217,
        "nauc_precision_at_1_max": 0.665824,
        "nauc_precision_at_1_std": -0.062439,
        "nauc_precision_at_1_diff1": 0.802996,
        "nauc_precision_at_3_max": 0.679457,
        "nauc_precision_at_3_std": -0.022781,
        "nauc_precision_at_3_diff1": 0.671515,
        "nauc_precision_at_5_max": 0.695332,
        "nauc_precision_at_5_std": 0.014762,
        "nauc_precision_at_5_diff1": 0.571444,
        "nauc_precision_at_10_max": 0.747788,
        "nauc_precision_at_10_std": 0.019788,
        "nauc_precision_at_10_diff1": 0.567599,
        "nauc_precision_at_20_max": 0.744515,
        "nauc_precision_at_20_std": -0.007042,
        "nauc_precision_at_20_diff1": 0.536816,
        "nauc_precision_at_100_max": 0.795595,
        "nauc_precision_at_100_std": 0.060855,
        "nauc_precision_at_100_diff1": 0.580556,
        "nauc_precision_at_1000_max": 0.93464,
        "nauc_precision_at_1000_std": 0.679026,
        "nauc_precision_at_1000_diff1": 0.722217,
        "nauc_mrr_at_1_max": 0.665824,
        "nauc_mrr_at_1_std": -0.062439,
        "nauc_mrr_at_1_diff1": 0.802996,
        "nauc_mrr_at_3_max": 0.670366,
        "nauc_mrr_at_3_std": -0.054489,
        "nauc_mrr_at_3_diff1": 0.777507,
        "nauc_mrr_at_5_max": 0.670372,
        "nauc_mrr_at_5_std": -0.055866,
        "nauc_mrr_at_5_diff1": 0.780834,
        "nauc_mrr_at_10_max": 0.671157,
        "nauc_mrr_at_10_std": -0.056111,
        "nauc_mrr_at_10_diff1": 0.781376,
        "nauc_mrr_at_20_max": 0.67101,
        "nauc_mrr_at_20_std": -0.056371,
        "nauc_mrr_at_20_diff1": 0.78143,
        "nauc_mrr_at_100_max": 0.671013,
        "nauc_mrr_at_100_std": -0.056316,
        "nauc_mrr_at_100_diff1": 0.781707,
        "nauc_mrr_at_1000_max": 0.67099,
        "nauc_mrr_at_1000_std": -0.056301,
        "nauc_mrr_at_1000_diff1": 0.781755,
        "hit_rate_at_1": 0.84025,
        "hit_rate_at_3": 0.96383,
        "hit_rate_at_5": 0.9875,
        "hit_rate_at_10": 0.9896,
        "hit_rate_at_20": 0.99122,
        "hit_rate_at_100": 0.99475,
        "hit_rate_at_1000": 0.99981,
        "main_score": 0.92492,
        "hf_subset": "default",
        "languages": [
          "eng-Latn"
        ],
        "mteb_version": "2.18.0"
      }
    ]
  },
  "evaluation_time": 824.7112132890616,
  "kg_co2_emissions": null,
  "date": 1784329837.332493,
  "evaluation_phases": [
    {
      "name": "Data loading",
      "start": 0.0,
      "end": 3.2731570129981264,
      "split": "",
      "subset": ""
    },
    {
      "name": "Encoding queries and documents",
      "start": 3.3492488019401208,
      "end": 816.5337466939818,
      "split": "test",
      "subset": "default"
    },
    {
      "name": "Scoring",
      "start": 816.5338013960281,
      "end": 824.5623403040227,
      "split": "test",
      "subset": "default"
    }
  ]
}