{
  "dataset_revision": "main",
  "task_name": "TelcoDPR-RAG-Title",
  "mteb_version": "2.18.0",
  "scores": {
    "test": [
      {
        "ndcg_at_1": 0.46272,
        "ndcg_at_3": 0.63636,
        "ndcg_at_5": 0.69265,
        "ndcg_at_10": 0.71273,
        "ndcg_at_20": 0.71962,
        "ndcg_at_100": 0.72445,
        "ndcg_at_1000": 0.72445,
        "map_at_1": 0.46272,
        "map_at_3": 0.59624,
        "map_at_5": 0.62769,
        "map_at_10": 0.63615,
        "map_at_20": 0.6381,
        "map_at_100": 0.63885,
        "map_at_1000": 0.63885,
        "recall_at_1": 0.46272,
        "recall_at_3": 0.75143,
        "recall_at_5": 0.88719,
        "recall_at_10": 0.94837,
        "recall_at_20": 0.97514,
        "recall_at_100": 1.0,
        "recall_at_1000": 1.0,
        "accuracy": 0.46272,
        "precision_at_1": 0.46272,
        "precision_at_3": 0.25048,
        "precision_at_5": 0.17744,
        "precision_at_10": 0.09484,
        "precision_at_20": 0.04876,
        "precision_at_100": 0.01,
        "precision_at_1000": 0.001,
        "mrr_at_1": 0.462715,
        "mrr_at_3": 0.59624,
        "mrr_at_5": 0.627693,
        "mrr_at_10": 0.636153,
        "mrr_at_20": 0.638104,
        "mrr_at_100": 0.638847,
        "mrr_at_1000": 0.638847,
        "nauc_ndcg_at_1_max": -0.10806,
        "nauc_ndcg_at_1_std": -0.285482,
        "nauc_ndcg_at_1_diff1": 0.405635,
        "nauc_ndcg_at_3_max": -0.094147,
        "nauc_ndcg_at_3_std": -0.384271,
        "nauc_ndcg_at_3_diff1": 0.397793,
        "nauc_ndcg_at_5_max": -0.086837,
        "nauc_ndcg_at_5_std": -0.396703,
        "nauc_ndcg_at_5_diff1": 0.382657,
        "nauc_ndcg_at_10_max": -0.096827,
        "nauc_ndcg_at_10_std": -0.379805,
        "nauc_ndcg_at_10_diff1": 0.376788,
        "nauc_ndcg_at_20_max": -0.100602,
        "nauc_ndcg_at_20_std": -0.375006,
        "nauc_ndcg_at_20_diff1": 0.382365,
        "nauc_ndcg_at_100_max": -0.098963,
        "nauc_ndcg_at_100_std": -0.362586,
        "nauc_ndcg_at_100_diff1": 0.388033,
        "nauc_ndcg_at_1000_max": -0.098963,
        "nauc_ndcg_at_1000_std": -0.362586,
        "nauc_ndcg_at_1000_diff1": 0.388033,
        "nauc_map_at_1_max": -0.10806,
        "nauc_map_at_1_std": -0.285482,
        "nauc_map_at_1_diff1": 0.405635,
        "nauc_map_at_3_max": -0.100025,
        "nauc_map_at_3_std": -0.360783,
        "nauc_map_at_3_diff1": 0.398038,
        "nauc_map_at_5_max": -0.097301,
        "nauc_map_at_5_std": -0.364824,
        "nauc_map_at_5_diff1": 0.391292,
        "nauc_map_at_10_max": -0.100724,
        "nauc_map_at_10_std": -0.357817,
        "nauc_map_at_10_diff1": 0.389841,
        "nauc_map_at_20_max": -0.101637,
        "nauc_map_at_20_std": -0.356638,
        "nauc_map_at_20_diff1": 0.39137,
        "nauc_map_at_100_max": -0.101101,
        "nauc_map_at_100_std": -0.354671,
        "nauc_map_at_100_diff1": 0.391676,
        "nauc_map_at_1000_max": -0.101101,
        "nauc_map_at_1000_std": -0.354671,
        "nauc_map_at_1000_diff1": 0.391676,
        "nauc_recall_at_1_max": -0.10806,
        "nauc_recall_at_1_std": -0.285482,
        "nauc_recall_at_1_diff1": 0.405635,
        "nauc_recall_at_3_max": -0.070511,
        "nauc_recall_at_3_std": -0.47184,
        "nauc_recall_at_3_diff1": 0.397963,
        "nauc_recall_at_5_max": -0.008082,
        "nauc_recall_at_5_std": -0.618439,
        "nauc_recall_at_5_diff1": 0.317547,
        "nauc_recall_at_10_max": -0.051134,
        "nauc_recall_at_10_std": -0.671175,
        "nauc_recall_at_10_diff1": 0.16237,
        "nauc_recall_at_20_max": -0.119654,
        "nauc_recall_at_20_std": -0.827297,
        "nauc_recall_at_20_diff1": 0.094987,
        "nauc_recall_at_100_max": NaN,
        "nauc_recall_at_100_std": NaN,
        "nauc_recall_at_100_diff1": NaN,
        "nauc_recall_at_1000_max": NaN,
        "nauc_recall_at_1000_std": NaN,
        "nauc_recall_at_1000_diff1": NaN,
        "nauc_precision_at_1_max": -0.10806,
        "nauc_precision_at_1_std": -0.285482,
        "nauc_precision_at_1_diff1": 0.405635,
        "nauc_precision_at_3_max": -0.070511,
        "nauc_precision_at_3_std": -0.47184,
        "nauc_precision_at_3_diff1": 0.397963,
        "nauc_precision_at_5_max": -0.008082,
        "nauc_precision_at_5_std": -0.618439,
        "nauc_precision_at_5_diff1": 0.317547,
        "nauc_precision_at_10_max": -0.051134,
        "nauc_precision_at_10_std": -0.671175,
        "nauc_precision_at_10_diff1": 0.16237,
        "nauc_precision_at_20_max": -0.119654,
        "nauc_precision_at_20_std": -0.827297,
        "nauc_precision_at_20_diff1": 0.094987,
        "nauc_precision_at_100_max": 1.0,
        "nauc_precision_at_100_std": 1.0,
        "nauc_precision_at_100_diff1": 1.0,
        "nauc_precision_at_1000_max": 1.0,
        "nauc_precision_at_1000_std": 1.0,
        "nauc_precision_at_1000_diff1": 1.0,
        "nauc_mrr_at_1_max": -0.10806,
        "nauc_mrr_at_1_std": -0.285482,
        "nauc_mrr_at_1_diff1": 0.405635,
        "nauc_mrr_at_3_max": -0.100025,
        "nauc_mrr_at_3_std": -0.360783,
        "nauc_mrr_at_3_diff1": 0.398038,
        "nauc_mrr_at_5_max": -0.097301,
        "nauc_mrr_at_5_std": -0.364824,
        "nauc_mrr_at_5_diff1": 0.391292,
        "nauc_mrr_at_10_max": -0.100724,
        "nauc_mrr_at_10_std": -0.357817,
        "nauc_mrr_at_10_diff1": 0.389841,
        "nauc_mrr_at_20_max": -0.101637,
        "nauc_mrr_at_20_std": -0.356638,
        "nauc_mrr_at_20_diff1": 0.39137,
        "nauc_mrr_at_100_max": -0.101101,
        "nauc_mrr_at_100_std": -0.354671,
        "nauc_mrr_at_100_diff1": 0.391676,
        "nauc_mrr_at_1000_max": -0.101101,
        "nauc_mrr_at_1000_std": -0.354671,
        "nauc_mrr_at_1000_diff1": 0.391676,
        "hit_rate_at_1": 0.46272,
        "hit_rate_at_3": 0.75143,
        "hit_rate_at_5": 0.88719,
        "hit_rate_at_10": 0.94837,
        "hit_rate_at_20": 0.97514,
        "hit_rate_at_100": 1.0,
        "hit_rate_at_1000": 1.0,
        "main_score": 0.71273,
        "hf_subset": "default",
        "languages": [
          "eng-Latn"
        ],
        "mteb_version": "2.18.0"
      }
    ]
  },
  "evaluation_time": 116.95248460804578,
  "kg_co2_emissions": null,
  "date": 1784325371.546754,
  "evaluation_phases": [
    {
      "name": "Data loading",
      "start": 0.0,
      "end": 4.772500845021568,
      "split": "",
      "subset": ""
    },
    {
      "name": "Encoding queries and documents",
      "start": 4.783626604010351,
      "end": 116.50971060397569,
      "split": "test",
      "subset": "default"
    },
    {
      "name": "Scoring",
      "start": 116.50975021603517,
      "end": 116.93080731201917,
      "split": "test",
      "subset": "default"
    }
  ]
}