{
  "dataset_revision": "main",
  "task_name": "NarrativeQA-RAG-ctx-k7",
  "mteb_version": "2.18.0",
  "scores": {
    "test": [
      {
        "ndcg_at_1": 0.77107,
        "ndcg_at_3": 0.82246,
        "ndcg_at_5": 0.83166,
        "ndcg_at_10": 0.8383,
        "ndcg_at_20": 0.84303,
        "ndcg_at_100": 0.85046,
        "ndcg_at_1000": 0.85496,
        "map_at_1": 0.77107,
        "map_at_3": 0.81019,
        "map_at_5": 0.81532,
        "map_at_10": 0.81808,
        "map_at_20": 0.81937,
        "map_at_100": 0.82039,
        "map_at_1000": 0.82054,
        "recall_at_1": 0.77107,
        "recall_at_3": 0.85781,
        "recall_at_5": 0.88005,
        "recall_at_10": 0.90047,
        "recall_at_20": 0.91917,
        "recall_at_100": 0.95944,
        "recall_at_1000": 0.9959,
        "accuracy": 0.77107,
        "precision_at_1": 0.77107,
        "precision_at_3": 0.28594,
        "precision_at_5": 0.17601,
        "precision_at_10": 0.09005,
        "precision_at_20": 0.04596,
        "precision_at_100": 0.00959,
        "precision_at_1000": 0.001,
        "mrr_at_1": 0.771066,
        "mrr_at_3": 0.810192,
        "mrr_at_5": 0.815316,
        "mrr_at_10": 0.818076,
        "mrr_at_20": 0.819374,
        "mrr_at_100": 0.820387,
        "mrr_at_1000": 0.82054,
        "nauc_ndcg_at_1_max": 0.622782,
        "nauc_ndcg_at_1_std": -0.16746,
        "nauc_ndcg_at_1_diff1": 0.807447,
        "nauc_ndcg_at_3_max": 0.644607,
        "nauc_ndcg_at_3_std": -0.185101,
        "nauc_ndcg_at_3_diff1": 0.76845,
        "nauc_ndcg_at_5_max": 0.649177,
        "nauc_ndcg_at_5_std": -0.186424,
        "nauc_ndcg_at_5_diff1": 0.764904,
        "nauc_ndcg_at_10_max": 0.65119,
        "nauc_ndcg_at_10_std": -0.182492,
        "nauc_ndcg_at_10_diff1": 0.762789,
        "nauc_ndcg_at_20_max": 0.651965,
        "nauc_ndcg_at_20_std": -0.175625,
        "nauc_ndcg_at_20_diff1": 0.764845,
        "nauc_ndcg_at_100_max": 0.649203,
        "nauc_ndcg_at_100_std": -0.170048,
        "nauc_ndcg_at_100_diff1": 0.766966,
        "nauc_ndcg_at_1000_max": 0.646923,
        "nauc_ndcg_at_1000_std": -0.173702,
        "nauc_ndcg_at_1000_diff1": 0.770797,
        "nauc_map_at_1_max": 0.622782,
        "nauc_map_at_1_std": -0.16746,
        "nauc_map_at_1_diff1": 0.807447,
        "nauc_map_at_3_max": 0.638983,
        "nauc_map_at_3_std": -0.17986,
        "nauc_map_at_3_diff1": 0.778826,
        "nauc_map_at_5_max": 0.641216,
        "nauc_map_at_5_std": -0.180483,
        "nauc_map_at_5_diff1": 0.777254,
        "nauc_map_at_10_max": 0.641909,
        "nauc_map_at_10_std": -0.178874,
        "nauc_map_at_10_diff1": 0.776656,
        "nauc_map_at_20_max": 0.642049,
        "nauc_map_at_20_std": -0.17727,
        "nauc_map_at_20_diff1": 0.777294,
        "nauc_map_at_100_max": 0.641758,
        "nauc_map_at_100_std": -0.176541,
        "nauc_map_at_100_diff1": 0.777621,
        "nauc_map_at_1000_max": 0.641703,
        "nauc_map_at_1000_std": -0.176576,
        "nauc_map_at_1000_diff1": 0.777738,
        "nauc_recall_at_1_max": 0.622782,
        "nauc_recall_at_1_std": -0.16746,
        "nauc_recall_at_1_diff1": 0.807447,
        "nauc_recall_at_3_max": 0.665182,
        "nauc_recall_at_3_std": -0.204684,
        "nauc_recall_at_3_diff1": 0.730294,
        "nauc_recall_at_5_max": 0.683224,
        "nauc_recall_at_5_std": -0.211728,
        "nauc_recall_at_5_diff1": 0.712609,
        "nauc_recall_at_10_max": 0.698286,
        "nauc_recall_at_10_std": -0.198288,
        "nauc_recall_at_10_diff1": 0.693171,
        "nauc_recall_at_20_max": 0.714361,
        "nauc_recall_at_20_std": -0.151107,
        "nauc_recall_at_20_diff1": 0.691316,
        "nauc_recall_at_100_max": 0.719702,
        "nauc_recall_at_100_std": -0.02873,
        "nauc_recall_at_100_diff1": 0.657361,
        "nauc_recall_at_1000_max": 0.706426,
        "nauc_recall_at_1000_std": 0.106107,
        "nauc_recall_at_1000_diff1": 0.699291,
        "nauc_precision_at_1_max": 0.622782,
        "nauc_precision_at_1_std": -0.16746,
        "nauc_precision_at_1_diff1": 0.807447,
        "nauc_precision_at_3_max": 0.665182,
        "nauc_precision_at_3_std": -0.204684,
        "nauc_precision_at_3_diff1": 0.730294,
        "nauc_precision_at_5_max": 0.683224,
        "nauc_precision_at_5_std": -0.211728,
        "nauc_precision_at_5_diff1": 0.712609,
        "nauc_precision_at_10_max": 0.698286,
        "nauc_precision_at_10_std": -0.198288,
        "nauc_precision_at_10_diff1": 0.693171,
        "nauc_precision_at_20_max": 0.714361,
        "nauc_precision_at_20_std": -0.151107,
        "nauc_precision_at_20_diff1": 0.691316,
        "nauc_precision_at_100_max": 0.719702,
        "nauc_precision_at_100_std": -0.02873,
        "nauc_precision_at_100_diff1": 0.657361,
        "nauc_precision_at_1000_max": 0.706426,
        "nauc_precision_at_1000_std": 0.106107,
        "nauc_precision_at_1000_diff1": 0.699291,
        "nauc_mrr_at_1_max": 0.622782,
        "nauc_mrr_at_1_std": -0.16746,
        "nauc_mrr_at_1_diff1": 0.807447,
        "nauc_mrr_at_3_max": 0.638983,
        "nauc_mrr_at_3_std": -0.17986,
        "nauc_mrr_at_3_diff1": 0.778826,
        "nauc_mrr_at_5_max": 0.641216,
        "nauc_mrr_at_5_std": -0.180483,
        "nauc_mrr_at_5_diff1": 0.777254,
        "nauc_mrr_at_10_max": 0.641909,
        "nauc_mrr_at_10_std": -0.178874,
        "nauc_mrr_at_10_diff1": 0.776656,
        "nauc_mrr_at_20_max": 0.642049,
        "nauc_mrr_at_20_std": -0.17727,
        "nauc_mrr_at_20_diff1": 0.777294,
        "nauc_mrr_at_100_max": 0.641758,
        "nauc_mrr_at_100_std": -0.176541,
        "nauc_mrr_at_100_diff1": 0.777621,
        "nauc_mrr_at_1000_max": 0.641703,
        "nauc_mrr_at_1000_std": -0.176576,
        "nauc_mrr_at_1000_diff1": 0.777738,
        "hit_rate_at_1": 0.77107,
        "hit_rate_at_3": 0.85781,
        "hit_rate_at_5": 0.88005,
        "hit_rate_at_10": 0.90047,
        "hit_rate_at_20": 0.91917,
        "hit_rate_at_100": 0.95944,
        "hit_rate_at_1000": 0.9959,
        "main_score": 0.8383,
        "hf_subset": "default",
        "languages": [
          "eng-Latn"
        ],
        "mteb_version": "2.18.0"
      }
    ]
  },
  "evaluation_time": 2892.865910795983,
  "kg_co2_emissions": null,
  "date": 1784003633.902154,
  "evaluation_phases": [
    {
      "name": "Data loading",
      "start": 0.0,
      "end": 3.098523546010256,
      "split": "",
      "subset": ""
    },
    {
      "name": "Encoding queries and documents",
      "start": 3.1805944739608094,
      "end": 2884.54151221097,
      "split": "test",
      "subset": "default"
    },
    {
      "name": "Scoring",
      "start": 2884.5415740759345,
      "end": 2892.694982922985,
      "split": "test",
      "subset": "default"
    }
  ]
}