{
  "dataset_revision": "main",
  "task_name": "BioASQ-RAG-Resplit-ctx-rfg",
  "mteb_version": "2.18.0",
  "scores": {
    "test": [
      {
        "ndcg_at_1": 0.82293,
        "ndcg_at_3": 0.80148,
        "ndcg_at_5": 0.80103,
        "ndcg_at_10": 0.80776,
        "ndcg_at_20": 0.82862,
        "ndcg_at_100": 0.86577,
        "ndcg_at_1000": 0.87131,
        "map_at_1": 0.28531,
        "map_at_3": 0.44444,
        "map_at_5": 0.53233,
        "map_at_10": 0.64794,
        "map_at_20": 0.72666,
        "map_at_100": 0.77247,
        "map_at_1000": 0.77372,
        "recall_at_1": 0.28531,
        "recall_at_3": 0.46747,
        "recall_at_5": 0.57604,
        "recall_at_10": 0.73164,
        "recall_at_20": 0.85486,
        "recall_at_100": 0.97582,
        "recall_at_1000": 0.99595,
        "accuracy": 0.28531,
        "precision_at_1": 0.82293,
        "precision_at_3": 0.65144,
        "precision_at_5": 0.57707,
        "precision_at_10": 0.45843,
        "precision_at_20": 0.31938,
        "precision_at_100": 0.08589,
        "precision_at_1000": 0.00882,
        "mrr_at_1": 0.822926,
        "mrr_at_3": 0.864244,
        "mrr_at_5": 0.870162,
        "mrr_at_10": 0.874329,
        "mrr_at_20": 0.87526,
        "mrr_at_100": 0.875789,
        "mrr_at_1000": 0.875796,
        "nauc_ndcg_at_1_max": 0.273089,
        "nauc_ndcg_at_1_std": -0.386302,
        "nauc_ndcg_at_1_diff1": 0.389908,
        "nauc_ndcg_at_3_max": 0.255982,
        "nauc_ndcg_at_3_std": -0.387719,
        "nauc_ndcg_at_3_diff1": 0.323206,
        "nauc_ndcg_at_5_max": 0.237603,
        "nauc_ndcg_at_5_std": -0.384087,
        "nauc_ndcg_at_5_diff1": 0.30902,
        "nauc_ndcg_at_10_max": 0.22971,
        "nauc_ndcg_at_10_std": -0.43865,
        "nauc_ndcg_at_10_diff1": 0.30483,
        "nauc_ndcg_at_20_max": 0.256212,
        "nauc_ndcg_at_20_std": -0.466352,
        "nauc_ndcg_at_20_diff1": 0.320526,
        "nauc_ndcg_at_100_max": 0.273661,
        "nauc_ndcg_at_100_std": -0.347494,
        "nauc_ndcg_at_100_diff1": 0.299014,
        "nauc_ndcg_at_1000_max": 0.268749,
        "nauc_ndcg_at_1000_std": -0.343577,
        "nauc_ndcg_at_1000_diff1": 0.305211,
        "nauc_map_at_1_max": 0.186763,
        "nauc_map_at_1_std": -0.482198,
        "nauc_map_at_1_diff1": 0.656154,
        "nauc_map_at_3_max": 0.152271,
        "nauc_map_at_3_std": -0.584979,
        "nauc_map_at_3_diff1": 0.561345,
        "nauc_map_at_5_max": 0.143359,
        "nauc_map_at_5_std": -0.624488,
        "nauc_map_at_5_diff1": 0.502351,
        "nauc_map_at_10_max": 0.176861,
        "nauc_map_at_10_std": -0.6478,
        "nauc_map_at_10_diff1": 0.428522,
        "nauc_map_at_20_max": 0.236293,
        "nauc_map_at_20_std": -0.570467,
        "nauc_map_at_20_diff1": 0.374542,
        "nauc_map_at_100_max": 0.260808,
        "nauc_map_at_100_std": -0.393454,
        "nauc_map_at_100_diff1": 0.308603,
        "nauc_map_at_1000_max": 0.260015,
        "nauc_map_at_1000_std": -0.390499,
        "nauc_map_at_1000_diff1": 0.30835,
        "nauc_recall_at_1_max": 0.186763,
        "nauc_recall_at_1_std": -0.482198,
        "nauc_recall_at_1_diff1": 0.656154,
        "nauc_recall_at_3_max": 0.131861,
        "nauc_recall_at_3_std": -0.594088,
        "nauc_recall_at_3_diff1": 0.540393,
        "nauc_recall_at_5_max": 0.100835,
        "nauc_recall_at_5_std": -0.650317,
        "nauc_recall_at_5_diff1": 0.480215,
        "nauc_recall_at_10_max": 0.115541,
        "nauc_recall_at_10_std": -0.75307,
        "nauc_recall_at_10_diff1": 0.412755,
        "nauc_recall_at_20_max": 0.196318,
        "nauc_recall_at_20_std": -0.790252,
        "nauc_recall_at_20_diff1": 0.374952,
        "nauc_recall_at_100_max": 0.304702,
        "nauc_recall_at_100_std": -0.050418,
        "nauc_recall_at_100_diff1": 0.030448,
        "nauc_recall_at_1000_max": 0.122481,
        "nauc_recall_at_1000_std": 0.51684,
        "nauc_recall_at_1000_diff1": -0.203754,
        "nauc_precision_at_1_max": 0.273089,
        "nauc_precision_at_1_std": -0.386302,
        "nauc_precision_at_1_diff1": 0.389908,
        "nauc_precision_at_3_max": 0.034855,
        "nauc_precision_at_3_std": 0.074487,
        "nauc_precision_at_3_diff1": -0.305045,
        "nauc_precision_at_5_max": 0.005086,
        "nauc_precision_at_5_std": 0.203887,
        "nauc_precision_at_5_diff1": -0.391828,
        "nauc_precision_at_10_max": 0.016838,
        "nauc_precision_at_10_std": 0.327279,
        "nauc_precision_at_10_diff1": -0.408794,
        "nauc_precision_at_20_max": 0.02606,
        "nauc_precision_at_20_std": 0.459918,
        "nauc_precision_at_20_diff1": -0.390921,
        "nauc_precision_at_100_max": 0.000772,
        "nauc_precision_at_100_std": 0.63333,
        "nauc_precision_at_100_diff1": -0.396922,
        "nauc_precision_at_1000_max": -0.009677,
        "nauc_precision_at_1000_std": 0.636533,
        "nauc_precision_at_1000_diff1": -0.394394,
        "nauc_mrr_at_1_max": 0.273089,
        "nauc_mrr_at_1_std": -0.386302,
        "nauc_mrr_at_1_diff1": 0.389908,
        "nauc_mrr_at_3_max": 0.266659,
        "nauc_mrr_at_3_std": -0.411775,
        "nauc_mrr_at_3_diff1": 0.37215,
        "nauc_mrr_at_5_max": 0.265137,
        "nauc_mrr_at_5_std": -0.405491,
        "nauc_mrr_at_5_diff1": 0.374022,
        "nauc_mrr_at_10_max": 0.263728,
        "nauc_mrr_at_10_std": -0.412299,
        "nauc_mrr_at_10_diff1": 0.373698,
        "nauc_mrr_at_20_max": 0.266296,
        "nauc_mrr_at_20_std": -0.408754,
        "nauc_mrr_at_20_diff1": 0.374522,
        "nauc_mrr_at_100_max": 0.266821,
        "nauc_mrr_at_100_std": -0.406987,
        "nauc_mrr_at_100_diff1": 0.375242,
        "nauc_mrr_at_1000_max": 0.266781,
        "nauc_mrr_at_1000_std": -0.407057,
        "nauc_mrr_at_1000_diff1": 0.375232,
        "hit_rate_at_1": 0.82293,
        "hit_rate_at_3": 0.91426,
        "hit_rate_at_5": 0.93942,
        "hit_rate_at_10": 0.96925,
        "hit_rate_at_20": 0.98136,
        "hit_rate_at_100": 0.9972,
        "hit_rate_at_1000": 0.99814,
        "main_score": 0.80776,
        "hf_subset": "default",
        "languages": [
          "eng-Latn"
        ],
        "mteb_version": "2.18.0"
      }
    ]
  },
  "evaluation_time": 309.20600571110845,
  "kg_co2_emissions": null,
  "date": 1784426996.251442,
  "evaluation_phases": [
    {
      "name": "Data loading",
      "start": 0.0,
      "end": 3.862331965006888,
      "split": "",
      "subset": ""
    },
    {
      "name": "Encoding queries and documents",
      "start": 3.8865275669377297,
      "end": 308.31814437988214,
      "split": "test",
      "subset": "default"
    },
    {
      "name": "Scoring",
      "start": 308.31818032986484,
      "end": 309.175021994859,
      "split": "test",
      "subset": "default"
    }
  ]
}