{
  "dataset_revision": "main",
  "task_name": "BioASQ-RAG-Resplit-ctx-rfg",
  "mteb_version": "2.18.0",
  "scores": {
    "test": [
      {
        "ndcg_at_1": 0.81547,
        "ndcg_at_3": 0.80447,
        "ndcg_at_5": 0.79608,
        "ndcg_at_10": 0.79618,
        "ndcg_at_20": 0.81765,
        "ndcg_at_100": 0.85709,
        "ndcg_at_1000": 0.86385,
        "map_at_1": 0.27459,
        "map_at_3": 0.4419,
        "map_at_5": 0.52589,
        "map_at_10": 0.63532,
        "map_at_20": 0.71186,
        "map_at_100": 0.7584,
        "map_at_1000": 0.7599,
        "recall_at_1": 0.27459,
        "recall_at_3": 0.46887,
        "recall_at_5": 0.57184,
        "recall_at_10": 0.71553,
        "recall_at_20": 0.84343,
        "recall_at_100": 0.97024,
        "recall_at_1000": 0.99446,
        "accuracy": 0.27459,
        "precision_at_1": 0.81547,
        "precision_at_3": 0.66201,
        "precision_at_5": 0.57596,
        "precision_at_10": 0.45172,
        "precision_at_20": 0.31417,
        "precision_at_100": 0.08523,
        "precision_at_1000": 0.00881,
        "mrr_at_1": 0.815471,
        "mrr_at_3": 0.863001,
        "mrr_at_5": 0.867614,
        "mrr_at_10": 0.870426,
        "mrr_at_20": 0.871862,
        "mrr_at_100": 0.872283,
        "mrr_at_1000": 0.872285,
        "nauc_ndcg_at_1_max": 0.295231,
        "nauc_ndcg_at_1_std": -0.359634,
        "nauc_ndcg_at_1_diff1": 0.247609,
        "nauc_ndcg_at_3_max": 0.339024,
        "nauc_ndcg_at_3_std": -0.380508,
        "nauc_ndcg_at_3_diff1": 0.205786,
        "nauc_ndcg_at_5_max": 0.368332,
        "nauc_ndcg_at_5_std": -0.367365,
        "nauc_ndcg_at_5_diff1": 0.21441,
        "nauc_ndcg_at_10_max": 0.382403,
        "nauc_ndcg_at_10_std": -0.394036,
        "nauc_ndcg_at_10_diff1": 0.222244,
        "nauc_ndcg_at_20_max": 0.400935,
        "nauc_ndcg_at_20_std": -0.415039,
        "nauc_ndcg_at_20_diff1": 0.229992,
        "nauc_ndcg_at_100_max": 0.394415,
        "nauc_ndcg_at_100_std": -0.32036,
        "nauc_ndcg_at_100_diff1": 0.222187,
        "nauc_ndcg_at_1000_max": 0.377904,
        "nauc_ndcg_at_1000_std": -0.314127,
        "nauc_ndcg_at_1000_diff1": 0.217085,
        "nauc_map_at_1_max": 0.278687,
        "nauc_map_at_1_std": -0.457563,
        "nauc_map_at_1_diff1": 0.578674,
        "nauc_map_at_3_max": 0.236617,
        "nauc_map_at_3_std": -0.555769,
        "nauc_map_at_3_diff1": 0.437293,
        "nauc_map_at_5_max": 0.261093,
        "nauc_map_at_5_std": -0.594865,
        "nauc_map_at_5_diff1": 0.383131,
        "nauc_map_at_10_max": 0.326297,
        "nauc_map_at_10_std": -0.59913,
        "nauc_map_at_10_diff1": 0.325221,
        "nauc_map_at_20_max": 0.382103,
        "nauc_map_at_20_std": -0.525008,
        "nauc_map_at_20_diff1": 0.275476,
        "nauc_map_at_100_max": 0.390976,
        "nauc_map_at_100_std": -0.369921,
        "nauc_map_at_100_diff1": 0.230211,
        "nauc_map_at_1000_max": 0.388972,
        "nauc_map_at_1000_std": -0.36638,
        "nauc_map_at_1000_diff1": 0.229396,
        "nauc_recall_at_1_max": 0.278687,
        "nauc_recall_at_1_std": -0.457563,
        "nauc_recall_at_1_diff1": 0.578674,
        "nauc_recall_at_3_max": 0.228145,
        "nauc_recall_at_3_std": -0.555777,
        "nauc_recall_at_3_diff1": 0.414795,
        "nauc_recall_at_5_max": 0.247934,
        "nauc_recall_at_5_std": -0.601521,
        "nauc_recall_at_5_diff1": 0.357136,
        "nauc_recall_at_10_max": 0.316173,
        "nauc_recall_at_10_std": -0.661727,
        "nauc_recall_at_10_diff1": 0.313663,
        "nauc_recall_at_20_max": 0.410484,
        "nauc_recall_at_20_std": -0.650752,
        "nauc_recall_at_20_diff1": 0.282571,
        "nauc_recall_at_100_max": 0.542142,
        "nauc_recall_at_100_std": -0.079937,
        "nauc_recall_at_100_diff1": 0.2658,
        "nauc_recall_at_1000_max": 0.06085,
        "nauc_recall_at_1000_std": 0.270489,
        "nauc_recall_at_1000_diff1": 0.163839,
        "nauc_precision_at_1_max": 0.295231,
        "nauc_precision_at_1_std": -0.359634,
        "nauc_precision_at_1_diff1": 0.247609,
        "nauc_precision_at_3_max": 0.014482,
        "nauc_precision_at_3_std": 0.048033,
        "nauc_precision_at_3_diff1": -0.336649,
        "nauc_precision_at_5_max": 0.016362,
        "nauc_precision_at_5_std": 0.176775,
        "nauc_precision_at_5_diff1": -0.358923,
        "nauc_precision_at_10_max": 0.020798,
        "nauc_precision_at_10_std": 0.307724,
        "nauc_precision_at_10_diff1": -0.331787,
        "nauc_precision_at_20_max": -0.004681,
        "nauc_precision_at_20_std": 0.427497,
        "nauc_precision_at_20_diff1": -0.319134,
        "nauc_precision_at_100_max": -0.069504,
        "nauc_precision_at_100_std": 0.583804,
        "nauc_precision_at_100_diff1": -0.306126,
        "nauc_precision_at_1000_max": -0.089192,
        "nauc_precision_at_1000_std": 0.58834,
        "nauc_precision_at_1000_diff1": -0.306827,
        "nauc_mrr_at_1_max": 0.295231,
        "nauc_mrr_at_1_std": -0.359634,
        "nauc_mrr_at_1_diff1": 0.247609,
        "nauc_mrr_at_3_max": 0.334141,
        "nauc_mrr_at_3_std": -0.36918,
        "nauc_mrr_at_3_diff1": 0.234189,
        "nauc_mrr_at_5_max": 0.329995,
        "nauc_mrr_at_5_std": -0.36107,
        "nauc_mrr_at_5_diff1": 0.22956,
        "nauc_mrr_at_10_max": 0.330946,
        "nauc_mrr_at_10_std": -0.365471,
        "nauc_mrr_at_10_diff1": 0.235827,
        "nauc_mrr_at_20_max": 0.330473,
        "nauc_mrr_at_20_std": -0.363357,
        "nauc_mrr_at_20_diff1": 0.23675,
        "nauc_mrr_at_100_max": 0.329737,
        "nauc_mrr_at_100_std": -0.361874,
        "nauc_mrr_at_100_diff1": 0.236649,
        "nauc_mrr_at_1000_max": 0.329726,
        "nauc_mrr_at_1000_std": -0.361894,
        "nauc_mrr_at_1000_diff1": 0.236646,
        "hit_rate_at_1": 0.81547,
        "hit_rate_at_3": 0.92078,
        "hit_rate_at_5": 0.94129,
        "hit_rate_at_10": 0.96272,
        "hit_rate_at_20": 0.98322,
        "hit_rate_at_100": 0.99627,
        "hit_rate_at_1000": 0.99814,
        "main_score": 0.79618,
        "hf_subset": "default",
        "languages": [
          "eng-Latn"
        ],
        "mteb_version": "2.18.0"
      }
    ]
  },
  "evaluation_time": 320.4227517612744,
  "kg_co2_emissions": null,
  "date": 1784429670.822495,
  "evaluation_phases": [
    {
      "name": "Data loading",
      "start": 0.0,
      "end": 3.669251080136746,
      "split": "",
      "subset": ""
    },
    {
      "name": "Encoding queries and documents",
      "start": 3.6936230421997607,
      "end": 319.5428563822061,
      "split": "test",
      "subset": "default"
    },
    {
      "name": "Scoring",
      "start": 319.54289589310065,
      "end": 320.3908867891878,
      "split": "test",
      "subset": "default"
    }
  ]
}