{
  "dataset_revision": "main",
  "task_name": "BioASQ-RAG-Resplit-ctx-k5-Title",
  "mteb_version": "2.18.0",
  "scores": {
    "test": [
      {
        "ndcg_at_1": 0.89376,
        "ndcg_at_3": 0.88297,
        "ndcg_at_5": 0.8838,
        "ndcg_at_10": 0.88147,
        "ndcg_at_20": 0.89538,
        "ndcg_at_100": 0.91962,
        "ndcg_at_1000": 0.92195,
        "map_at_1": 0.3006,
        "map_at_3": 0.49364,
        "map_at_5": 0.59892,
        "map_at_10": 0.72233,
        "map_at_20": 0.80346,
        "map_at_100": 0.84615,
        "map_at_1000": 0.84689,
        "recall_at_1": 0.3006,
        "recall_at_3": 0.5223,
        "recall_at_5": 0.65028,
        "recall_at_10": 0.79752,
        "recall_at_20": 0.90743,
        "recall_at_100": 0.99097,
        "recall_at_1000": 0.99793,
        "accuracy": 0.3006,
        "precision_at_1": 0.89376,
        "precision_at_3": 0.72756,
        "precision_at_5": 0.6438,
        "precision_at_10": 0.49683,
        "precision_at_20": 0.3383,
        "precision_at_100": 0.08702,
        "precision_at_1000": 0.00882,
        "mrr_at_1": 0.893756,
        "mrr_at_3": 0.934296,
        "mrr_at_5": 0.937046,
        "mrr_at_10": 0.93746,
        "mrr_at_20": 0.937545,
        "mrr_at_100": 0.937589,
        "mrr_at_1000": 0.937589,
        "nauc_ndcg_at_1_max": 0.099892,
        "nauc_ndcg_at_1_std": -0.330766,
        "nauc_ndcg_at_1_diff1": 0.330481,
        "nauc_ndcg_at_3_max": 0.133093,
        "nauc_ndcg_at_3_std": -0.378989,
        "nauc_ndcg_at_3_diff1": 0.197707,
        "nauc_ndcg_at_5_max": 0.163139,
        "nauc_ndcg_at_5_std": -0.43237,
        "nauc_ndcg_at_5_diff1": 0.257313,
        "nauc_ndcg_at_10_max": 0.182737,
        "nauc_ndcg_at_10_std": -0.487302,
        "nauc_ndcg_at_10_diff1": 0.281,
        "nauc_ndcg_at_20_max": 0.208164,
        "nauc_ndcg_at_20_std": -0.532472,
        "nauc_ndcg_at_20_diff1": 0.281503,
        "nauc_ndcg_at_100_max": 0.202122,
        "nauc_ndcg_at_100_std": -0.383769,
        "nauc_ndcg_at_100_diff1": 0.244862,
        "nauc_ndcg_at_1000_max": 0.189304,
        "nauc_ndcg_at_1000_std": -0.367375,
        "nauc_ndcg_at_1000_diff1": 0.24221,
        "nauc_map_at_1_max": 0.032071,
        "nauc_map_at_1_std": -0.378303,
        "nauc_map_at_1_diff1": 0.633827,
        "nauc_map_at_3_max": 0.028454,
        "nauc_map_at_3_std": -0.518796,
        "nauc_map_at_3_diff1": 0.544545,
        "nauc_map_at_5_max": 0.052043,
        "nauc_map_at_5_std": -0.61672,
        "nauc_map_at_5_diff1": 0.519973,
        "nauc_map_at_10_max": 0.127639,
        "nauc_map_at_10_std": -0.706581,
        "nauc_map_at_10_diff1": 0.435873,
        "nauc_map_at_20_max": 0.178221,
        "nauc_map_at_20_std": -0.671403,
        "nauc_map_at_20_diff1": 0.331206,
        "nauc_map_at_100_max": 0.207777,
        "nauc_map_at_100_std": -0.45093,
        "nauc_map_at_100_diff1": 0.253832,
        "nauc_map_at_1000_max": 0.205786,
        "nauc_map_at_1000_std": -0.446619,
        "nauc_map_at_1000_diff1": 0.253284,
        "nauc_recall_at_1_max": 0.032071,
        "nauc_recall_at_1_std": -0.378303,
        "nauc_recall_at_1_diff1": 0.633827,
        "nauc_recall_at_3_max": 0.012384,
        "nauc_recall_at_3_std": -0.524627,
        "nauc_recall_at_3_diff1": 0.523883,
        "nauc_recall_at_5_max": 0.032811,
        "nauc_recall_at_5_std": -0.645387,
        "nauc_recall_at_5_diff1": 0.522802,
        "nauc_recall_at_10_max": 0.106568,
        "nauc_recall_at_10_std": -0.820972,
        "nauc_recall_at_10_diff1": 0.478883,
        "nauc_recall_at_20_max": 0.192687,
        "nauc_recall_at_20_std": -0.985136,
        "nauc_recall_at_20_diff1": 0.39699,
        "nauc_recall_at_100_max": 0.528892,
        "nauc_recall_at_100_std": -0.412684,
        "nauc_recall_at_100_diff1": 0.293696,
        "nauc_recall_at_1000_max": 0.423685,
        "nauc_recall_at_1000_std": 0.294029,
        "nauc_recall_at_1000_diff1": 0.445494,
        "nauc_precision_at_1_max": 0.099892,
        "nauc_precision_at_1_std": -0.330766,
        "nauc_precision_at_1_diff1": 0.330481,
        "nauc_precision_at_3_max": 0.049451,
        "nauc_precision_at_3_std": 0.109764,
        "nauc_precision_at_3_diff1": -0.497451,
        "nauc_precision_at_5_max": 0.058583,
        "nauc_precision_at_5_std": 0.188408,
        "nauc_precision_at_5_diff1": -0.507976,
        "nauc_precision_at_10_max": 0.065298,
        "nauc_precision_at_10_std": 0.302873,
        "nauc_precision_at_10_diff1": -0.483404,
        "nauc_precision_at_20_max": 0.039028,
        "nauc_precision_at_20_std": 0.425239,
        "nauc_precision_at_20_diff1": -0.45163,
        "nauc_precision_at_100_max": 0.003351,
        "nauc_precision_at_100_std": 0.594661,
        "nauc_precision_at_100_diff1": -0.414245,
        "nauc_precision_at_1000_max": -0.004937,
        "nauc_precision_at_1000_std": 0.600769,
        "nauc_precision_at_1000_diff1": -0.411754,
        "nauc_mrr_at_1_max": 0.099892,
        "nauc_mrr_at_1_std": -0.330766,
        "nauc_mrr_at_1_diff1": 0.330481,
        "nauc_mrr_at_3_max": 0.104896,
        "nauc_mrr_at_3_std": -0.357091,
        "nauc_mrr_at_3_diff1": 0.326714,
        "nauc_mrr_at_5_max": 0.114912,
        "nauc_mrr_at_5_std": -0.357447,
        "nauc_mrr_at_5_diff1": 0.326471,
        "nauc_mrr_at_10_max": 0.112273,
        "nauc_mrr_at_10_std": -0.355932,
        "nauc_mrr_at_10_diff1": 0.326632,
        "nauc_mrr_at_20_max": 0.111669,
        "nauc_mrr_at_20_std": -0.354041,
        "nauc_mrr_at_20_diff1": 0.325713,
        "nauc_mrr_at_100_max": 0.111493,
        "nauc_mrr_at_100_std": -0.35347,
        "nauc_mrr_at_100_diff1": 0.32523,
        "nauc_mrr_at_1000_max": 0.111493,
        "nauc_mrr_at_1000_std": -0.35347,
        "nauc_mrr_at_1000_diff1": 0.32523,
        "hit_rate_at_1": 0.89376,
        "hit_rate_at_3": 0.98229,
        "hit_rate_at_5": 0.99441,
        "hit_rate_at_10": 0.9972,
        "hit_rate_at_20": 0.99814,
        "hit_rate_at_100": 0.99907,
        "hit_rate_at_1000": 0.99907,
        "main_score": 0.88147,
        "hf_subset": "default",
        "languages": [
          "eng-Latn"
        ],
        "mteb_version": "2.18.0"
      }
    ]
  },
  "evaluation_time": 342.3981550290482,
  "kg_co2_emissions": null,
  "date": 1784329398.928868,
  "evaluation_phases": [
    {
      "name": "Data loading",
      "start": 0.0,
      "end": 2.5778049449436367,
      "split": "",
      "subset": ""
    },
    {
      "name": "Encoding queries and documents",
      "start": 2.599547190940939,
      "end": 341.501083672978,
      "split": "test",
      "subset": "default"
    },
    {
      "name": "Scoring",
      "start": 341.5011399840005,
      "end": 342.3605595330009,
      "split": "test",
      "subset": "default"
    }
  ]
}