{
  "dataset_revision": "main",
  "task_name": "NarrativeQA-RAG-ctx-k3",
  "mteb_version": "2.18.0",
  "scores": {
    "test": [
      {
        "ndcg_at_1": 0.7703,
        "ndcg_at_3": 0.81454,
        "ndcg_at_5": 0.82456,
        "ndcg_at_10": 0.83424,
        "ndcg_at_20": 0.84,
        "ndcg_at_100": 0.8478,
        "ndcg_at_1000": 0.85179,
        "map_at_1": 0.7703,
        "map_at_3": 0.80408,
        "map_at_5": 0.80964,
        "map_at_10": 0.81368,
        "map_at_20": 0.81526,
        "map_at_100": 0.81633,
        "map_at_1000": 0.81647,
        "recall_at_1": 0.7703,
        "recall_at_3": 0.84464,
        "recall_at_5": 0.86898,
        "recall_at_10": 0.89865,
        "recall_at_20": 0.92146,
        "recall_at_100": 0.96355,
        "recall_at_1000": 0.9958,
        "accuracy": 0.7703,
        "precision_at_1": 0.7703,
        "precision_at_3": 0.28155,
        "precision_at_5": 0.1738,
        "precision_at_10": 0.08987,
        "precision_at_20": 0.04607,
        "precision_at_100": 0.00964,
        "precision_at_1000": 0.001,
        "mrr_at_1": 0.770303,
        "mrr_at_3": 0.804084,
        "mrr_at_5": 0.809638,
        "mrr_at_10": 0.813684,
        "mrr_at_20": 0.815258,
        "mrr_at_100": 0.816331,
        "mrr_at_1000": 0.816468,
        "nauc_ndcg_at_1_max": 0.654179,
        "nauc_ndcg_at_1_std": -0.141151,
        "nauc_ndcg_at_1_diff1": 0.787413,
        "nauc_ndcg_at_3_max": 0.678274,
        "nauc_ndcg_at_3_std": -0.154314,
        "nauc_ndcg_at_3_diff1": 0.75081,
        "nauc_ndcg_at_5_max": 0.681392,
        "nauc_ndcg_at_5_std": -0.146409,
        "nauc_ndcg_at_5_diff1": 0.746452,
        "nauc_ndcg_at_10_max": 0.678504,
        "nauc_ndcg_at_10_std": -0.140499,
        "nauc_ndcg_at_10_diff1": 0.743827,
        "nauc_ndcg_at_20_max": 0.678628,
        "nauc_ndcg_at_20_std": -0.138866,
        "nauc_ndcg_at_20_diff1": 0.745262,
        "nauc_ndcg_at_100_max": 0.675301,
        "nauc_ndcg_at_100_std": -0.133692,
        "nauc_ndcg_at_100_diff1": 0.747131,
        "nauc_ndcg_at_1000_max": 0.67485,
        "nauc_ndcg_at_1000_std": -0.138138,
        "nauc_ndcg_at_1000_diff1": 0.750986,
        "nauc_map_at_1_max": 0.654179,
        "nauc_map_at_1_std": -0.141151,
        "nauc_map_at_1_diff1": 0.787413,
        "nauc_map_at_3_max": 0.672104,
        "nauc_map_at_3_std": -0.150567,
        "nauc_map_at_3_diff1": 0.760035,
        "nauc_map_at_5_max": 0.673665,
        "nauc_map_at_5_std": -0.146339,
        "nauc_map_at_5_diff1": 0.758097,
        "nauc_map_at_10_max": 0.672574,
        "nauc_map_at_10_std": -0.144225,
        "nauc_map_at_10_diff1": 0.757466,
        "nauc_map_at_20_max": 0.672539,
        "nauc_map_at_20_std": -0.143824,
        "nauc_map_at_20_diff1": 0.757898,
        "nauc_map_at_100_max": 0.672133,
        "nauc_map_at_100_std": -0.143079,
        "nauc_map_at_100_diff1": 0.758151,
        "nauc_map_at_1000_max": 0.672123,
        "nauc_map_at_1000_std": -0.143162,
        "nauc_map_at_1000_diff1": 0.75826,
        "nauc_recall_at_1_max": 0.654179,
        "nauc_recall_at_1_std": -0.141151,
        "nauc_recall_at_1_diff1": 0.787413,
        "nauc_recall_at_3_max": 0.699796,
        "nauc_recall_at_3_std": -0.167592,
        "nauc_recall_at_3_diff1": 0.718712,
        "nauc_recall_at_5_max": 0.712458,
        "nauc_recall_at_5_std": -0.145289,
        "nauc_recall_at_5_diff1": 0.699373,
        "nauc_recall_at_10_max": 0.705397,
        "nauc_recall_at_10_std": -0.116143,
        "nauc_recall_at_10_diff1": 0.673909,
        "nauc_recall_at_20_max": 0.714206,
        "nauc_recall_at_20_std": -0.097563,
        "nauc_recall_at_20_diff1": 0.665135,
        "nauc_recall_at_100_max": 0.684567,
        "nauc_recall_at_100_std": 0.047427,
        "nauc_recall_at_100_diff1": 0.61477,
        "nauc_recall_at_1000_max": 0.622832,
        "nauc_recall_at_1000_std": 0.143133,
        "nauc_recall_at_1000_diff1": 0.638841,
        "nauc_precision_at_1_max": 0.654179,
        "nauc_precision_at_1_std": -0.141151,
        "nauc_precision_at_1_diff1": 0.787413,
        "nauc_precision_at_3_max": 0.699796,
        "nauc_precision_at_3_std": -0.167592,
        "nauc_precision_at_3_diff1": 0.718712,
        "nauc_precision_at_5_max": 0.712458,
        "nauc_precision_at_5_std": -0.145289,
        "nauc_precision_at_5_diff1": 0.699373,
        "nauc_precision_at_10_max": 0.705397,
        "nauc_precision_at_10_std": -0.116143,
        "nauc_precision_at_10_diff1": 0.673909,
        "nauc_precision_at_20_max": 0.714206,
        "nauc_precision_at_20_std": -0.097563,
        "nauc_precision_at_20_diff1": 0.665135,
        "nauc_precision_at_100_max": 0.684567,
        "nauc_precision_at_100_std": 0.047427,
        "nauc_precision_at_100_diff1": 0.61477,
        "nauc_precision_at_1000_max": 0.622832,
        "nauc_precision_at_1000_std": 0.143133,
        "nauc_precision_at_1000_diff1": 0.638841,
        "nauc_mrr_at_1_max": 0.654179,
        "nauc_mrr_at_1_std": -0.141151,
        "nauc_mrr_at_1_diff1": 0.787413,
        "nauc_mrr_at_3_max": 0.672104,
        "nauc_mrr_at_3_std": -0.150567,
        "nauc_mrr_at_3_diff1": 0.760035,
        "nauc_mrr_at_5_max": 0.673665,
        "nauc_mrr_at_5_std": -0.146339,
        "nauc_mrr_at_5_diff1": 0.758097,
        "nauc_mrr_at_10_max": 0.672574,
        "nauc_mrr_at_10_std": -0.144225,
        "nauc_mrr_at_10_diff1": 0.757466,
        "nauc_mrr_at_20_max": 0.672539,
        "nauc_mrr_at_20_std": -0.143824,
        "nauc_mrr_at_20_diff1": 0.757898,
        "nauc_mrr_at_100_max": 0.672133,
        "nauc_mrr_at_100_std": -0.143079,
        "nauc_mrr_at_100_diff1": 0.758151,
        "nauc_mrr_at_1000_max": 0.672123,
        "nauc_mrr_at_1000_std": -0.143162,
        "nauc_mrr_at_1000_diff1": 0.75826,
        "hit_rate_at_1": 0.7703,
        "hit_rate_at_3": 0.84464,
        "hit_rate_at_5": 0.86898,
        "hit_rate_at_10": 0.89865,
        "hit_rate_at_20": 0.92146,
        "hit_rate_at_100": 0.96355,
        "hit_rate_at_1000": 0.9958,
        "main_score": 0.83424,
        "hf_subset": "default",
        "languages": [
          "eng-Latn"
        ],
        "mteb_version": "2.18.0"
      }
    ]
  },
  "evaluation_time": 1525.2554654419655,
  "kg_co2_emissions": null,
  "date": 1783997901.628756,
  "evaluation_phases": [
    {
      "name": "Data loading",
      "start": 0.0,
      "end": 2.8463166039437056,
      "split": "",
      "subset": ""
    },
    {
      "name": "Encoding queries and documents",
      "start": 2.9264683190267533,
      "end": 1517.1110232339706,
      "split": "test",
      "subset": "default"
    },
    {
      "name": "Scoring",
      "start": 1517.111061064992,
      "end": 1525.1114419889636,
      "split": "test",
      "subset": "default"
    }
  ]
}