{
  "dataset_revision": "main",
  "task_name": "BioASQ-RAG-Resplit-ctx-k7",
  "mteb_version": "2.18.0",
  "scores": {
    "test": [
      {
        "ndcg_at_1": 0.80988,
        "ndcg_at_3": 0.80695,
        "ndcg_at_5": 0.80384,
        "ndcg_at_10": 0.812,
        "ndcg_at_20": 0.83663,
        "ndcg_at_100": 0.8696,
        "ndcg_at_1000": 0.87372,
        "map_at_1": 0.27308,
        "map_at_3": 0.44234,
        "map_at_5": 0.53045,
        "map_at_10": 0.65035,
        "map_at_20": 0.73341,
        "map_at_100": 0.77859,
        "map_at_1000": 0.77958,
        "recall_at_1": 0.27308,
        "recall_at_3": 0.47229,
        "recall_at_5": 0.58171,
        "recall_at_10": 0.73872,
        "recall_at_20": 0.87204,
        "recall_at_100": 0.9815,
        "recall_at_1000": 0.9973,
        "accuracy": 0.27308,
        "precision_at_1": 0.80988,
        "precision_at_3": 0.66605,
        "precision_at_5": 0.58639,
        "precision_at_10": 0.46719,
        "precision_at_20": 0.32735,
        "precision_at_100": 0.08651,
        "precision_at_1000": 0.00882,
        "mrr_at_1": 0.809879,
        "mrr_at_3": 0.861603,
        "mrr_at_5": 0.868313,
        "mrr_at_10": 0.871254,
        "mrr_at_20": 0.872511,
        "mrr_at_100": 0.872703,
        "mrr_at_1000": 0.872706,
        "nauc_ndcg_at_1_max": 0.249389,
        "nauc_ndcg_at_1_std": -0.316741,
        "nauc_ndcg_at_1_diff1": 0.371472,
        "nauc_ndcg_at_3_max": 0.253526,
        "nauc_ndcg_at_3_std": -0.365658,
        "nauc_ndcg_at_3_diff1": 0.295603,
        "nauc_ndcg_at_5_max": 0.269593,
        "nauc_ndcg_at_5_std": -0.386531,
        "nauc_ndcg_at_5_diff1": 0.316079,
        "nauc_ndcg_at_10_max": 0.275997,
        "nauc_ndcg_at_10_std": -0.421186,
        "nauc_ndcg_at_10_diff1": 0.328261,
        "nauc_ndcg_at_20_max": 0.292229,
        "nauc_ndcg_at_20_std": -0.439314,
        "nauc_ndcg_at_20_diff1": 0.325508,
        "nauc_ndcg_at_100_max": 0.319353,
        "nauc_ndcg_at_100_std": -0.313582,
        "nauc_ndcg_at_100_diff1": 0.297094,
        "nauc_ndcg_at_1000_max": 0.306023,
        "nauc_ndcg_at_1000_std": -0.307223,
        "nauc_ndcg_at_1000_diff1": 0.296337,
        "nauc_map_at_1_max": -0.061285,
        "nauc_map_at_1_std": -0.453238,
        "nauc_map_at_1_diff1": 0.711699,
        "nauc_map_at_3_max": -0.043171,
        "nauc_map_at_3_std": -0.55708,
        "nauc_map_at_3_diff1": 0.611022,
        "nauc_map_at_5_max": 0.003232,
        "nauc_map_at_5_std": -0.619332,
        "nauc_map_at_5_diff1": 0.557699,
        "nauc_map_at_10_max": 0.12206,
        "nauc_map_at_10_std": -0.650522,
        "nauc_map_at_10_diff1": 0.453638,
        "nauc_map_at_20_max": 0.226601,
        "nauc_map_at_20_std": -0.577018,
        "nauc_map_at_20_diff1": 0.364554,
        "nauc_map_at_100_max": 0.287661,
        "nauc_map_at_100_std": -0.381982,
        "nauc_map_at_100_diff1": 0.308152,
        "nauc_map_at_1000_max": 0.286113,
        "nauc_map_at_1000_std": -0.378537,
        "nauc_map_at_1000_diff1": 0.307192,
        "nauc_recall_at_1_max": -0.061285,
        "nauc_recall_at_1_std": -0.453238,
        "nauc_recall_at_1_diff1": 0.711699,
        "nauc_recall_at_3_max": -0.068677,
        "nauc_recall_at_3_std": -0.575523,
        "nauc_recall_at_3_diff1": 0.589934,
        "nauc_recall_at_5_max": -0.035943,
        "nauc_recall_at_5_std": -0.662977,
        "nauc_recall_at_5_diff1": 0.548468,
        "nauc_recall_at_10_max": 0.065127,
        "nauc_recall_at_10_std": -0.760885,
        "nauc_recall_at_10_diff1": 0.466809,
        "nauc_recall_at_20_max": 0.196169,
        "nauc_recall_at_20_std": -0.810383,
        "nauc_recall_at_20_diff1": 0.376101,
        "nauc_recall_at_100_max": 0.587987,
        "nauc_recall_at_100_std": -0.087511,
        "nauc_recall_at_100_diff1": 0.130886,
        "nauc_recall_at_1000_max": 0.007839,
        "nauc_recall_at_1000_std": 0.15137,
        "nauc_recall_at_1000_diff1": -0.178744,
        "nauc_precision_at_1_max": 0.249389,
        "nauc_precision_at_1_std": -0.316741,
        "nauc_precision_at_1_diff1": 0.371472,
        "nauc_precision_at_3_max": 0.236824,
        "nauc_precision_at_3_std": 0.063303,
        "nauc_precision_at_3_diff1": -0.370606,
        "nauc_precision_at_5_max": 0.257755,
        "nauc_precision_at_5_std": 0.168269,
        "nauc_precision_at_5_diff1": -0.441246,
        "nauc_precision_at_10_max": 0.259624,
        "nauc_precision_at_10_std": 0.305129,
        "nauc_precision_at_10_diff1": -0.466261,
        "nauc_precision_at_20_max": 0.221127,
        "nauc_precision_at_20_std": 0.450812,
        "nauc_precision_at_20_diff1": -0.443349,
        "nauc_precision_at_100_max": 0.153151,
        "nauc_precision_at_100_std": 0.632782,
        "nauc_precision_at_100_diff1": -0.412299,
        "nauc_precision_at_1000_max": 0.138367,
        "nauc_precision_at_1000_std": 0.638003,
        "nauc_precision_at_1000_diff1": -0.412454,
        "nauc_mrr_at_1_max": 0.249389,
        "nauc_mrr_at_1_std": -0.316741,
        "nauc_mrr_at_1_diff1": 0.371472,
        "nauc_mrr_at_3_max": 0.262767,
        "nauc_mrr_at_3_std": -0.348578,
        "nauc_mrr_at_3_diff1": 0.368873,
        "nauc_mrr_at_5_max": 0.27252,
        "nauc_mrr_at_5_std": -0.338685,
        "nauc_mrr_at_5_diff1": 0.372995,
        "nauc_mrr_at_10_max": 0.273523,
        "nauc_mrr_at_10_std": -0.333996,
        "nauc_mrr_at_10_diff1": 0.375461,
        "nauc_mrr_at_20_max": 0.272366,
        "nauc_mrr_at_20_std": -0.331339,
        "nauc_mrr_at_20_diff1": 0.372609,
        "nauc_mrr_at_100_max": 0.271587,
        "nauc_mrr_at_100_std": -0.331347,
        "nauc_mrr_at_100_diff1": 0.372374,
        "nauc_mrr_at_1000_max": 0.271566,
        "nauc_mrr_at_1000_std": -0.331383,
        "nauc_mrr_at_1000_diff1": 0.372378,
        "hit_rate_at_1": 0.80988,
        "hit_rate_at_3": 0.92171,
        "hit_rate_at_5": 0.95154,
        "hit_rate_at_10": 0.97204,
        "hit_rate_at_20": 0.98882,
        "hit_rate_at_100": 0.9972,
        "hit_rate_at_1000": 0.99907,
        "main_score": 0.812,
        "hf_subset": "default",
        "languages": [
          "eng-Latn"
        ],
        "mteb_version": "2.18.0"
      }
    ]
  },
  "evaluation_time": 347.52025239996146,
  "kg_co2_emissions": null,
  "date": 1783997218.581909,
  "evaluation_phases": [
    {
      "name": "Data loading",
      "start": 0.0,
      "end": 2.475269325892441,
      "split": "",
      "subset": ""
    },
    {
      "name": "Encoding queries and documents",
      "start": 2.501123866997659,
      "end": 346.5789064569399,
      "split": "test",
      "subset": "default"
    },
    {
      "name": "Scoring",
      "start": 346.57893151498865,
      "end": 347.4860847259406,
      "split": "test",
      "subset": "default"
    }
  ]
}